dataset,model,participant,n_recordings,n_chunks,folds,BWMD,WCR,EDD,s_BWMD,s_WCR,s_EDD,RPFI,RPFI_alt_agg,RMSE,PSNR_dB,CCC,Spearman,HR_label_bpm,HR_pred_bpm,HR_MAE_bpm,PRV_sdnn_label_ms,PRV_sdnn_pred_ms,PRV_rmssd_label_ms,PRV_rmssd_pred_ms,PRV_n_rr_label,PRV_n_rr_pred
ubfc,bilstm,ubfc_S01,5,30,0|1|2|3|4,0.8897261617049683,0.212270582942498,0.8390285888495029,0.013907976092445096,0.212270582942498,0.16097141115049707,7.128445660138816,12.505981242572794,1.2543505920793534,4.986404773115645,0.2133022960750877,0.21072301324361353,112.5,64.453125,48.046875,63.195558521553885,213.57914668987263,55.19931603075761,233.3037544103098,515,352
ubfc,bilstm,ubfc_S03,5,30,0|1|2|3|4,0.9515022119434061,0.11712267542411259,0.8587359383148309,0.0,0.11712267542411259,0.14126406168516914,0.15425821138010354,7.923701870533451,1.3280277473391167,3.4406242341602673,0.11817115114869567,0.11554996183723795,125.390625,60.703125,64.6875,45.8594698285315,222.62255404904164,61.9179605109361,248.67283820783786,585,328
ubfc,bilstm,ubfc_S04,5,30,0|1|2|3|4,0.4772024016701026,-0.48656839095583304,0.9528826237812779,0.4714313197860619,0.0,0.04711737621872214,0.19761831250966005,18.856608897445373,1.716635768342764,2.735205278982837,-0.47341918057687565,-0.5062922065242691,69.140625,68.90625,0.234375,86.30888037604201,60.03800101374638,107.03241890809524,72.8877524170515,320,309
ubfc,bilstm,ubfc_S08,5,30,0|1|2|3|4,0.8973523965704807,0.27194730522658916,0.7854862341226104,0.005449843947118116,0.27194730522658916,0.21451376587738957,5.914793700780594,15.765237240948762,1.1992064817934556,6.4126256617889865,0.28095190701228134,0.25844040254805095,105.46875,60.9375,44.53125,58.77476288951206,217.90089397439417,64.57285439325281,223.45197077282322,495,335
ubfc,bilstm,ubfc_S09,5,30,0|1|2|3|4,0.5870016054015036,0.4978418038715611,0.8325484503240613,0.34965482181697183,0.4978418038715611,0.16745154967593867,33.208279371370566,35.96741220521845,1.0037552818719675,7.727093996501129,0.4962376670570635,0.5002480090933074,75.0,64.21875,13.59375,121.1076714817258,154.17691184821894,119.42371296039622,175.71466602357444,365,332
ubfc,bilstm,ubfc_S10,5,30,0|1|2|3|4,0.9341113414979249,0.15413725929513866,0.8221211052532044,0.0,0.15413725929513866,0.17787889474679563,0.18113253606250293,10.22711959223759,1.29303765928079,4.557336256633401,0.1640268058408278,0.139302939476605,116.015625,63.046875,52.96875,35.73482089668856,215.0439444611217,48.14951784157419,227.3839449594292,550,332
ubfc,bilstm,ubfc_S11,5,30,0|1|2|3|4,0.7970779449112124,-0.2914733857323382,0.8888637625401032,0.11666259544127411,0.0,0.11113623745989676,0.14506521472660752,7.153253265545198,1.6049653473676149,5.309400933426379,-0.2879568831254245,-0.2967481396427088,93.75,70.546875,23.203125,42.46177985550942,188.64526973942583,48.85520725286277,222.797865539347,435,350
ubfc,bilstm,ubfc_S12,5,30,0|1|2|3|4,0.8468326317605414,0.17014722107062685,0.8462664159356732,0.061480487409945606,0.17014722107062685,0.1537335840643268,11.32473371264415,12.529378669629637,1.2925390215274069,7.600439302704228,0.16467143891448682,0.17836089430483684,86.71875,72.1875,14.53125,68.99952556837395,159.7962937132221,78.82544191057642,193.01528944823076,410,336
ubfc,bilstm,ubfc_S13,5,25,0|1|2|3|4,0.7381683623659987,0.37806440498540006,0.8118025604751726,0.1819982483001623,0.37806440498540006,0.18819743952482737,24.141586217804722,25.707285486329273,1.1086063916785538,5.5656377466987506,0.3854959341647286,0.36691711121640735,105.46875,70.875,34.59375,63.351731268603174,232.6951246362519,85.06533436783226,218.99057364423075,425,329
ubfc,bilstm,ubfc_S14,5,30,0|1|2|3|4,0.9530827713701306,-0.05209931467464431,0.8793361173731175,0.0,0.0,0.12066388262688255,0.001863778613142055,3.0165970656720638,1.4515425837161409,2.9147823055814466,-0.05348793617066494,-0.050016382430613376,125.390625,65.15625,60.234375,60.84737290270453,171.0900626250521,81.4655549090328,188.72889900787573,585,312
ubfc,bilstm,ubfc_S15,5,30,0|1|2|3|4,0.866638567452266,-0.25636738657507585,0.8460590566376542,0.03951404862374641,0.0,0.15394094336234576,0.10486253675554098,5.330300407449134,1.589050574122037,3.504509469111002,-0.26254086355878803,-0.24710717109950753,99.609375,68.90625,31.640625,54.69088002748694,203.24033357596406,55.64287769070618,239.01039926278983,475,359
ubfc,bilstm,ubfc_S16,5,30,0|1|2|3|4,0.5331655657287341,-0.25100562907132123,0.9417840518013322,0.40936349139815165,0.0,0.05821594819866782,0.19760658342658105,16.806529632397382,1.5795285630364728,4.318551466527191,-0.24745524072403216,-0.2563312115922549,65.625,60.46875,5.15625,159.94646684213018,168.65306801125246,145.90984387519083,190.16864790148776,310,313
ubfc,bilstm,ubfc_S17,5,30,0|1|2|3|4,0.8393845623881134,0.3801778890032962,0.7508033003636603,0.0697410191258575,0.3801778890032962,0.24919669963633972,18.110846540855068,23.10187654575176,1.107473734896897,8.176367477832468,0.38675096325675884,0.37031827762310215,108.984375,70.546875,38.4375,84.34852572528168,193.20191597740785,47.515084080005856,197.40620601700812,500,362
ubfc,bilstm,ubfc_S20,5,20,0|1|2|3|4,0.932257247291545,-0.10657439313936838,0.8211555887338612,0.0,0.0,0.17884441126613881,0.002056453261071042,4.471110281653471,1.4890791243074482,2.892421243673697,-0.10867831922411844,-0.1034185040122433,114.2578125,60.46875,53.7890625,32.737154384593865,204.4859404880562,35.667095577357,198.93209425128188,365,213
ubfc,bilstm,ubfc_S22,5,20,0|1|2|3|4,0.8099834214309907,0.2861960496760841,0.8045137455131655,0.10234934286937536,0.2861960496760841,0.19548625448683454,17.693339730762272,19.457608582625593,1.189925391152714,7.019695506037099,0.2920387817450304,0.2774319515726646,100.1953125,71.71875,28.4765625,35.497410454552984,194.92193021998327,52.24026066462535,232.80247368010697,305,249
ubfc,bilstm,ubfc_S23,5,20,0|1|2|3|4,0.9284344411966374,0.024314897636611023,0.827794731661807,0.0,0.024314897636611023,0.17220526833819305,0.08989049574252984,5.21694036982774,1.3951432383726852,7.295891757530516,0.026787672211488627,0.020605735774294618,114.2578125,64.6875,49.5703125,67.60157665292803,171.8491509907031,55.20088810099019,187.728967509453,350,215
ubfc,bilstm,ubfc_S24,5,30,0|1|2|3|4,0.8301640959643165,0.19266416141324222,0.8483601615338386,0.07996728737347003,0.19266416141324222,0.15163983846616136,13.049558423161153,14.014675291155744,1.2662452281470393,4.969493773977771,0.19831151109742615,0.18419313688696637,97.265625,72.65625,24.609375,57.172704644424584,153.75796299824873,55.003955072593214,169.86285683263836,445,343
ubfc,bilstm,ubfc_S25,5,30,0|1|2|3|4,0.46613666445832735,-0.6808689890241597,0.9528488558039361,0.4837041476327255,0.0,0.04715114419606392,0.19956780850331457,19.317684141128804,1.8243698746598382,3.1768891446184595,-0.6641627197831763,-0.7059283928856347,79.6875,79.453125,0.234375,53.78058367126927,58.92029956448254,76.94412264721852,74.16431126601556,365,352
ubfc,bilstm,ubfc_S26,5,30,0|1|2|3|4,0.8813402821514811,0.29756361188826297,0.829976130269239,0.023208617715606783,0.29756361188826297,0.170023869730761,9.938901473436154,16.27955535341414,1.1845920094203917,6.219127940877533,0.2983708856086793,0.2963527013076384,106.640625,73.828125,32.8125,73.4223431835281,218.44944526462717,66.48721367180231,222.23963707450568,495,349
ubfc,bilstm,ubfc_S27,5,30,0|1|2|3|4,0.8959251887778764,0.3259356938163495,0.8215979685362922,0.0070327367273126384,0.3259356938163495,0.1784020314637078,6.651905258731163,16.946366931980027,1.152615053062485,5.974842939785816,0.3357392697268824,0.3112303299505502,118.359375,70.3125,48.046875,47.84264130636696,236.7007891996895,63.71678789635471,216.3678008681635,550,382
ubfc,bilstm,ubfc_S30,5,30,0|1|2|3|4,0.9181000766678536,0.21130984120034751,0.7496987960280661,0.0,0.21130984120034751,0.2503012039719339,0.2220550380488461,14.181649144311379,1.2508094216346899,6.827530462112872,0.2177378953749463,0.2016677599384493,114.84375,68.4375,46.40625,35.81582172799855,213.76925769624873,56.99002761767395,225.23855005339027,550,341
ubfc,bilstm,ubfc_S31,5,30,0|1|2|3|4,0.744075474873369,0.4540027866651036,0.8663937518824018,0.17544676659710112,0.4540027866651036,0.13360624811759825,23.410363106178806,26.94451445027263,1.0389758799011832,8.872372305567847,0.4602645604917814,0.44461012592508686,101.953125,77.109375,24.84375,88.40322472645649,189.99677252605713,54.948372782982275,159.0001438729978,490,370
ubfc,bilstm,ubfc_S32,5,30,0|1|2|3|4,0.9358016429202735,0.22330927323418753,0.8600622543824372,0.0,0.22330927323418753,0.13993774561756278,0.1960305473778468,11.872541386721103,1.2400321156512237,4.608911824021012,0.23116017607677508,0.2115329189703062,114.84375,65.859375,48.984375,44.03463776131527,217.16158017828272,36.48611924108439,248.7793866433006,560,369
ubfc,bilstm,ubfc_S33,5,30,0|1|2|3|4,0.7743074094466097,0.5888966945839013,0.8827685074515945,0.14191702326520983,0.5888966945839013,0.11723149254840548,23.069526314837656,30.33630173305181,0.9117726201822927,10.270580070791027,0.5843353445429583,0.5957387196453156,60.9375,58.59375,2.34375,251.3454787261278,141.31502671851112,262.0297921858225,155.48046235515957,345,289
ubfc,bilstm,ubfc_S34,5,30,0|1|2|3|4,0.9028573410698167,0.23352441398063584,0.7843911150095895,0.0,0.23352441398063584,0.21560888499041053,0.22209627391798548,14.147387649034107,1.2310849180834833,5.634430717326852,0.24221496223369166,0.2204885916010521,110.15625,63.28125,46.875,25.785743476554433,231.52901224207972,34.830330567447106,238.84742592079238,520,365
ubfc,bilstm,ubfc_S35,5,30,0|1|2|3|4,0.5758661954433411,-0.510320589937346,0.936169695086407,0.3620049225651738,0.0,0.06383030491359298,0.1930966139695826,15.170942219033842,1.7328848383761224,4.278823386474856,-0.5014449315369197,-0.5236340775379853,84.375,74.0625,10.3125,60.63652626009457,135.33773048408253,74.43200559430134,174.88161885473892,390,367
ubfc,bilstm,ubfc_S36,5,30,0|1|2|3|4,0.8551440327397428,0.35382095669258773,0.7657988527471672,0.052262448753308544,0.35382095669258773,0.2342011472528328,15.578019556888226,21.083156385541933,1.1385541386840543,6.96317497056694,0.3518472366427055,0.35678153676741103,98.4375,72.890625,26.015625,76.46036677466387,180.2482378862182,99.46949227868761,218.5276887176506,450,362
ubfc,bilstm,ubfc_S37,5,30,0|1|2|3|4,0.7314073089334485,-0.47394653730050773,0.9356595989308089,0.1894968218928449,0.0,0.06434040106919114,0.1517824871257613,8.714640847711461,1.715897827305416,3.9411471862353364,-0.47215267687572393,-0.4766373279376835,86.71875,71.953125,14.765625,42.53316113185659,166.3153120689871,56.042312057415536,195.6534047162739,405,344
ubfc,bilstm,ubfc_S38,5,30,0|1|2|3|4,0.9287666261879808,0.017526809376624573,0.8282804037017883,0.0,0.017526809376624573,0.17171959629821165,0.07944993357074771,4.950245259078713,1.4033648648764516,3.882783725906005,0.015283528015149098,0.020891731418837784,100.78125,65.390625,35.390625,62.72623940854336,169.11172633487354,87.70038782520507,180.37416645592683,480,325
ubfc,bilstm,ubfc_S39,5,30,0|1|2|3|4,0.7311071307016643,0.43932405229713223,0.7571462821000602,0.18982974465176272,0.43932405229713223,0.2428537178999398,27.654585649624536,29.664610333082052,1.0547951532367732,6.940227921973885,0.44370359235410617,0.43275474221167126,93.75,74.0625,19.6875,48.94130070414049,165.80477856686403,36.066785386697354,211.6874251152316,440,372
ubfc,bilstm,ubfc_S40,5,30,0|1|2|3|4,0.8278497608747035,0.3006974687784939,0.8031188870535657,0.08253407850457417,0.3006974687784939,0.1968811129464343,16.656631145521505,19.29321084677591,1.1821696506752553,7.4827981848533724,0.30123745851117245,0.2998874841794761,99.609375,67.03125,32.578125,65.87638750231164,193.4436597806669,93.80559228700994,222.1780849210295,465,351
ubfc,bilstm,ubfc_S41,5,30,0|1|2|3|4,0.6747824011528358,0.5651399537376351,0.8337758667298861,0.2522985794011615,0.5651399537376351,0.16622413327011387,30.757432219411424,34.809548324457715,0.9319327845356105,8.93728812603981,0.5657506425538517,0.5642239205133103,84.375,72.890625,11.484375,83.56692407418304,124.06751469649673,90.29481243766524,159.45419726567567,400,355
ubfc,bilstm,ubfc_S42,5,30,0|1|2|3|4,0.9143388231925246,-0.22584465974334386,0.8578470546707895,0.0,0.0,0.14215294532921052,0.0019417305590466384,3.5538236332302633,1.5697649013966544,2.7488465224748886,-0.2320809228284238,-0.21649026511572395,112.5,65.15625,47.34375,41.321421969322266,221.44042115423852,44.0640285074491,249.8518079300727,525,330
ubfc,bilstm,ubfc_S43,5,30,0|1|2|3|4,0.8886845909347278,-0.19570537574777452,0.8461538752237714,0.015063165169199588,0.0,0.1538461247762286,0.07302813835039898,4.4110218132506995,1.5472329071119697,3.2975718305358233,-0.19696483442507864,-0.1938161877318183,97.265625,63.984375,33.28125,60.447786011649015,199.02626435663694,75.5169599823769,206.8838464596159,445,318
ubfc,bilstm,ubfc_S44,5,30,0|1|2|3|4,0.8998215419184964,-0.185678896770529,0.8762623315746914,0.002711355294745199,0.0,0.12373766842530864,0.03635552275618984,3.1951175341856612,1.5440526203733054,4.1809947828968,-0.1920492472408352,-0.1761233710650697,108.984375,68.203125,40.78125,54.259624453556135,181.91284757071068,56.3436169819011,209.2399627393592,520,340
ubfc,bilstm,ubfc_S45,5,30,0|1|2|3|4,0.8757880688599063,-0.06296167610282416,0.9141363740689369,0.029366486512901524,0.0,0.08586362593106311,0.08107683786497462,3.247833892510385,1.4568579089930056,5.658684813038233,-0.06121748349773625,-0.06557796501045601,91.40625,63.75,27.65625,59.39183004485398,183.5203712313824,85.40168202937964,208.06988173298902,420,306
ubfc,bilstm,ubfc_S46,5,30,0|1|2|3|4,0.7562024717520829,0.264713997585735,0.8400705575393165,0.16199691304092712,0.264713997585735,0.15992944246068352,19.41281307890348,19.99989521001692,1.2127009796411252,5.640431501661425,0.2646781669887278,0.2647677434812457,89.0625,68.90625,20.15625,48.16374126475573,179.36935505792744,58.84898863365004,206.17477679194653,415,341
ubfc,bilstm,ubfc_S47,5,20,0|1|2|3|4,0.8333736455273135,0.30152115685564607,0.8095754089872383,0.07640762853663441,0.30152115685564607,0.19042459101276166,16.063907683448132,18.93294422752956,1.1754300047433874,5.632891782042594,0.30918215197448023,0.29002966417739484,103.7109375,61.875,41.8359375,79.02042749812523,211.77317981032417,96.22504486493744,216.94590815575916,335,254
ubfc,bilstm,ubfc_S48,5,30,0|1|2|3|4,0.8464066949983774,0.24295427344020665,0.8220619004903271,0.061952886894549364,0.24295427344020665,0.17793809950967288,13.4636254418836,15.882471000295173,1.2260622499621263,6.294398983394571,0.24838567960890404,0.2348071641871606,112.5,68.671875,43.828125,38.06414402829017,220.9050094475524,49.328828623162394,214.36794809059137,530,351
ubfc,bilstm,ubfc_S49,5,30,0|1|2|3|4,0.909914506170969,-0.19810959546746665,0.8392931349850298,0.0,0.0,0.16070686501497022,0.002002205302968858,4.0176716253742555,1.5521455839730276,3.207018341694682,-0.20457795692348538,-0.1884070532834386,111.328125,68.90625,42.421875,59.10448985375595,215.68791996947215,75.98154957809605,225.66643912095358,515,347
ubfc,bimamba,ubfc_S01,5,30,0|1|2|3|4,0.6652042419221789,0.12638121809892766,0.7889216588198608,0.2629215588806214,0.12638121809892766,0.21107834118013924,18.909354070832702,19.875812666236573,1.3222742551190207,4.528352711265679,0.12579539712471927,0.12725994956024023,112.5,106.171875,6.328125,63.195558521553885,142.1840118167061,55.19931603075761,182.4121856382611,515,481
ubfc,bimamba,ubfc_S03,5,30,0|1|2|3|4,0.8021351956040277,-0.010130457415626404,0.8420148476904996,0.11105368155307005,0.0,0.1579851523095004,0.15549947549518478,8.114141865977636,1.4212752762213676,2.8512031898319803,-0.010011705399062223,-0.010308585440472674,125.390625,101.71875,23.671875,45.8594698285315,161.27127557074076,61.9179605109361,189.59177676262644,585,495
ubfc,bimamba,ubfc_S04,5,30,0|1|2|3|4,0.6371747635128348,-0.1918858937774291,0.9211882802170134,0.2940085941649583,0.0,0.07881171978298662,0.18827068844325454,12.995615275760603,1.5354214414255347,3.704216405918575,-0.17875950139463323,-0.21157548235162293,69.140625,68.90625,0.234375,86.30888037604201,220.49515200191854,107.03241890809524,228.2304460194799,320,389
ubfc,bimamba,ubfc_S08,5,30,0|1|2|3|4,0.648610395562859,0.2237963500450441,0.7345855041492237,0.28132552201334493,0.2237963500450441,0.26541449585077626,25.446582203640506,25.577432598458994,1.2430119627946725,6.100998839981556,0.22746063017466792,0.21829992985060842,105.46875,99.375,6.09375,58.77476288951206,109.97172447121382,64.57285439325281,150.4704922821051,495,478
ubfc,bimamba,ubfc_S09,5,30,0|1|2|3|4,0.6930826945342177,0.4206099356575618,0.7969556089136978,0.2320020238337529,0.4206099356575618,0.20304439108630223,28.048651539302167,29.549058258081857,1.080213592474811,7.089458113149877,0.4165692973163314,0.4266708931694073,75.0,78.046875,7.734375,121.1076714817258,171.448242739143,119.42371296039622,212.09556532994765,365,425
ubfc,bimamba,ubfc_S10,5,30,0|1|2|3|4,0.8032751391915328,0.016987479897650502,0.810880329394795,0.10978938879637323,0.016987479897650502,0.18911967060520496,6.247304463480969,9.482124341156014,1.399447777789959,3.870425794651715,0.02077295861937295,0.011309261815066834,116.015625,100.78125,15.703125,35.73482089668856,165.66834701416687,48.14951784157419,210.7709164768841,550,473
ubfc,bimamba,ubfc_S11,5,30,0|1|2|3|4,0.5934566364724885,-0.061400402644980326,0.825414957736212,0.34249565261180026,0.0,0.17458504226378802,0.24321894863441462,17.208213029537212,1.4587414409369932,6.139147716799213,-0.0639632957534676,-0.057556062982249426,93.75,82.96875,12.65625,42.46177985550942,150.59795164692815,48.85520725286277,195.0179244576107,435,419
ubfc,bimamba,ubfc_S12,5,30,0|1|2|3|4,0.43630569335378183,0.24902789173001774,0.8004742257361346,0.5167891889506506,0.24902789173001774,0.19952577426386542,30.980275860089858,33.7062848821217,1.2334532922984862,8.006858397016316,0.2392964878590128,0.26362499753652513,86.71875,78.28125,8.4375,68.99952556837395,163.2251749548875,78.82544191057642,212.00744787594138,410,419
ubfc,bimamba,ubfc_S13,5,25,0|1|2|3|4,0.3722939642549333,0.4938082949255573,0.7320767233577596,0.5877835489614289,0.4938082949255573,0.26792327664224036,45.24218167156849,47.25777606181799,1.0076319940372767,6.395146337799256,0.49233888229623074,0.49601241386954703,105.46875,105.46875,0.0,63.351731268603174,79.46465700674565,85.06533436783226,94.54904441759999,425,420
ubfc,bimamba,ubfc_S14,5,30,0|1|2|3|4,0.9234290715519118,0.02017247889230104,0.8346556774359664,0.0,0.02017247889230104,0.16534432256403364,0.08296254150469658,4.8900760225621305,1.401198830921176,3.2213826035737614,0.018320918112564717,0.02294982006190553,125.390625,76.875,48.515625,60.84737290270453,200.426681074761,81.4655549090328,252.0546760699805,585,456
ubfc,bimamba,ubfc_S15,5,30,0|1|2|3|4,0.6080101489247375,0.008494410503113324,0.7641989584743314,0.3263545903877071,0.008494410503113324,0.2358010415256686,7.659405172993543,18.45186357154748,1.4119293210232196,4.531004717111436,0.0032277962174550204,0.01639433193160078,99.609375,81.796875,21.09375,54.69088002748694,159.91425412114145,55.64287769070618,218.19879316494158,475,449
ubfc,bimamba,ubfc_S16,5,30,0|1|2|3|4,0.7997847679789897,-0.15011043433265883,0.8966750937325806,0.11366050232389391,0.0,0.10332490626741941,0.14106031331855587,6.845391493831507,1.5160931604211678,4.674583371865144,-0.14926923553792254,-0.15137223252476326,65.625,74.53125,14.53125,159.94646684213018,196.7839294513923,145.90984387519083,247.2997523860963,310,416
ubfc,bimamba,ubfc_S17,5,30,0|1|2|3|4,0.4571731431925349,0.34109259336735887,0.7245595267394969,0.49364544221524265,0.34109259336735887,0.27544047326050314,37.14195176918834,38.188688165860135,1.150155393519701,7.847905774730089,0.3385712853787707,0.3448745553502411,108.984375,109.921875,1.40625,84.34852572528168,118.51586892539001,47.515084080005856,139.6398392022053,500,496
ubfc,bimamba,ubfc_S20,5,20,0|1|2|3|4,0.7170993954350924,0.2838556230458084,0.5661380801834918,0.20536549434093287,0.2838556230458084,0.43386191981650823,27.954211692831006,29.192339897415504,1.1959905878411086,4.796221510456297,0.28480325689773983,0.28243417226791123,114.2578125,92.109375,24.9609375,32.737154384593865,178.44076798722287,35.667095577357,240.00064300325388,365,308
ubfc,bimamba,ubfc_S22,5,20,0|1|2|3|4,0.34834519377893775,0.15083213692926078,0.7978352536033044,0.6143447379329499,0.15083213692926078,0.20216474639669557,27.47996127434631,33.74825146725029,1.3060979126539896,6.2105754341306865,0.14705412128044576,0.15649916040248327,100.1953125,97.734375,2.4609375,35.497410454552984,112.23120202808207,52.24026066462535,167.58488322248252,305,306
ubfc,bimamba,ubfc_S23,5,20,0|1|2|3|4,0.9101909317310138,-0.052946350887120006,0.7858441384243698,0.0,0.0,0.21415586157563016,0.002151208431729614,5.353896539390754,1.4515948075539802,6.9513596090184935,-0.05356374265883841,-0.05202026322954239,114.2578125,72.7734375,41.484375,67.60157665292803,208.137137395736,55.20088810099019,271.6057448063016,350,267
ubfc,bimamba,ubfc_S24,5,30,0|1|2|3|4,0.6030971670893147,0.21931695896255995,0.7819388220585975,0.33180349804979814,0.21931695896255995,0.21806117794140245,25.578615245925267,26.118546586498493,1.2457227114949512,5.11142256066144,0.2240874630328332,0.21216120285715012,97.265625,81.328125,15.9375,57.172704644424584,158.61528946348957,55.003955072593214,208.58519397470266,445,444
ubfc,bimamba,ubfc_S25,5,30,0|1|2|3|4,0.5634940613639469,-0.320676106353391,0.9167507391145978,0.37572665377443015,0.0,0.08324926088540219,0.20925319527804023,16.170981038676185,1.6145250578116388,4.238251194192339,-0.30334558115083743,-0.3466718941572214,79.6875,79.921875,1.640625,53.78058367126927,139.80188843954542,76.94412264721852,177.10016618983983,365,394
ubfc,bimamba,ubfc_S26,5,30,0|1|2|3|4,0.5951378870662583,0.2602611810371405,0.7698565582106536,0.34063100512292976,0.2602611810371405,0.23014344178934643,27.918028130826052,28.287043025736295,1.2170963863803148,5.984004457454275,0.2593381931299899,0.26164566289786645,106.640625,98.671875,7.96875,73.4223431835281,133.01190170669577,66.48721367180231,165.9060022642387,495,478
ubfc,bimamba,ubfc_S27,5,30,0|1|2|3|4,0.4900707501338835,0.14300230068497077,0.8202785495662683,0.4571592453327842,0.14300230068497077,0.17972145043373167,23.411483171959965,26.9990942365091,1.310273801716688,4.861287530430367,0.14159128226744871,0.1451188283112539,118.359375,116.484375,1.875,47.84264130636696,81.93679583284818,63.71678789635471,112.65527915717556,550,537
ubfc,bimamba,ubfc_S30,5,30,0|1|2|3|4,0.5739629014088372,0.24229257219390227,0.7000368208259233,0.3641158347963256,0.24229257219390227,0.29996317917407667,29.775520491804503,30.23939474148546,1.2322344850361868,6.957486165738489,0.24079908694380184,0.24453280006905292,114.84375,99.140625,16.640625,35.81582172799855,133.0863707364476,56.99002761767395,175.08955581383697,550,504
ubfc,bimamba,ubfc_S31,5,30,0|1|2|3|4,0.4087500489225562,0.5707829294759201,0.7705968910447422,0.5473507027328899,0.5707829294759201,0.22940310895525784,44.737949079737774,47.66508893171182,0.9297578869761471,9.837084191995642,0.5677751358028252,0.5752946199855626,101.953125,101.953125,0.0,88.40322472645649,108.38008694056263,54.948372782982275,97.56076246132443,490,475
ubfc,bimamba,ubfc_S32,5,30,0|1|2|3|4,0.6741841026535699,0.061826490737795795,0.8676455305642685,0.25296214246450577,0.061826490737795795,0.13235446943573148,12.684429841876737,15.113435480979595,1.3681376975578814,3.7549742949083234,0.06409962026050954,0.05841679645372518,114.84375,99.609375,15.234375,44.03463776131527,134.6012391204909,36.48611924108439,163.94873247203492,560,511
ubfc,bimamba,ubfc_S33,5,30,0|1|2|3|4,0.6346475397130507,0.4882613396822454,0.8195585253175218,0.2968114966766623,0.4882613396822454,0.18044147468247818,31.587044221762252,33.951268230520995,1.0168452138495514,9.323214025451009,0.4830129055356299,0.49613399090216864,60.9375,59.296875,3.046875,251.3454787261278,227.3697464922883,262.0297921858225,277.3013489496258,345,403
ubfc,bimamba,ubfc_S34,5,30,0|1|2|3|4,0.44145885599040535,0.3885795289141307,0.6856833357198046,0.511073900696937,0.3885795289141307,0.31431666428019545,40.83929246871725,41.594920217419926,1.109844410850575,6.534948948357685,0.3841226918518703,0.3952647845075212,110.15625,109.6875,5.15625,25.785743476554433,96.53334473413189,34.830330567447106,138.5072111432395,520,504
ubfc,bimamba,ubfc_S35,5,30,0|1|2|3|4,0.5867058381785092,-0.2600909858669972,0.8814614278709728,0.3499828523983083,0.0,0.11853857212902719,0.2225781151065257,16.08782126816224,1.5873332898727022,5.040854936125693,-0.2598134865690478,-0.26050723481392124,84.375,78.75,7.03125,60.63652626009457,163.62073372823573,74.43200559430134,219.4733748386133,390,411
ubfc,bimamba,ubfc_S36,5,30,0|1|2|3|4,0.567063852822946,0.44216246546753346,0.6727142176881787,0.37176745655274246,0.44216246546753346,0.32728578231182126,38.43056338015486,38.704516633555876,1.067130573575915,7.5258974420475555,0.4306161694697693,0.45948190946417977,98.4375,91.640625,7.265625,76.46036677466387,125.41302287531511,99.46949227868761,164.70105276411925,450,436
ubfc,bimamba,ubfc_S37,5,30,0|1|2|3|4,0.4877901342217752,-0.32495332235456864,0.8997202287800599,0.4596886390765542,0.0,0.10027977121994014,0.23644342820526823,19.745318245869285,1.6260503474972585,4.4082959017616945,-0.3220198662979776,-0.32935350643945527,86.71875,84.609375,3.046875,42.53316113185659,147.86537854025445,56.042312057415536,199.00750891357987,405,420
ubfc,bimamba,ubfc_S38,5,30,0|1|2|3|4,0.7426976195240143,-0.003382909245598774,0.7569219646333617,0.1769749233910507,0.0,0.2430780353666383,0.2062544509113979,12.713510511330359,1.417375870544613,3.7964950086895968,-0.004477179201049608,-0.0017415043124225222,100.78125,76.640625,25.546875,62.72623940854336,175.91410476681273,87.70038782520507,231.3972806967558,480,419
ubfc,bimamba,ubfc_S39,5,30,0|1|2|3|4,0.34598165408844456,0.6156966254602523,0.631011297790322,0.6169661010807492,0.6156966254602523,0.36898870220967805,54.21429264141887,55.44956980052951,0.881547431564179,8.498676744367279,0.6114370629513,0.6220859692236809,93.75,93.75,0.0,48.94130070414049,96.5981480369579,36.066785386697354,123.30899118797784,440,439
ubfc,bimamba,ubfc_S40,5,30,0|1|2|3|4,0.5028873836130258,0.35525438755572886,0.7567114909193849,0.4429445271216995,0.35525438755572886,0.24328850908061506,35.10457306925894,36.014672027418946,1.1405376564929965,7.7942017247838535,0.3495869270607318,0.3637555782982244,99.609375,91.640625,8.90625,65.87638750231164,123.41420635067469,93.80559228700994,179.11637304320837,465,452
ubfc,bimamba,ubfc_S41,5,30,0|1|2|3|4,0.4521129175657356,0.6251209935426576,0.7626188770119184,0.4992576555539887,0.6251209935426576,0.23738112298808156,45.10449777442883,48.098727415826275,0.8677943157063505,9.556643906607471,0.6234665128138736,0.6276027146358336,84.375,78.75,5.625,83.56692407418304,150.66656164772928,90.29481243766524,193.63406737137873,400,410
ubfc,bimamba,ubfc_S42,5,30,0|1|2|3|4,0.7008083924701842,0.01619124141675344,0.8098444849421954,0.22343357882653303,0.01619124141675344,0.1901555150578046,8.020250864399937,13.739818635568357,1.406392341929756,3.7034089520895614,0.011030290280668294,0.023932668120881153,112.5,87.421875,26.015625,41.321421969322266,169.12104695259245,44.0640285074491,212.0331278176677,525,467
ubfc,bimamba,ubfc_S43,5,30,0|1|2|3|4,0.735891390112503,0.006372333494228768,0.7477154720662664,0.1845236009218607,0.006372333494228768,0.25228452793373357,5.6474716677237105,13.465710738946695,1.4076543065347944,4.118765435329166,0.009254676647023428,0.002048818765036779,97.265625,77.578125,19.6875,60.447786011649015,224.7103906694933,75.5169599823769,266.1286682886803,445,406
ubfc,bimamba,ubfc_S44,5,30,0|1|2|3|4,0.71849078237546,0.15702891754625548,0.7348916636273348,0.20382232988108495,0.15702891754625548,0.2651083363726652,19.73865792020205,20.159630187841895,1.2971407680166531,5.694494536786003,0.15871291397458379,0.15450292290376297,108.984375,88.125,22.265625,54.259624453556135,164.6537638600927,56.3436169819011,213.98475105532756,520,467
ubfc,bimamba,ubfc_S45,5,30,0|1|2|3|4,0.5696848029528997,-0.0648041945033286,0.8810901645881273,0.3688606037038077,0.0,0.11890983541187272,0.22718402873033158,16.805018524189606,1.4568987397641218,5.65844138051141,-0.06127696896314309,-0.07009503281360686,91.40625,72.421875,19.453125,59.39183004485398,180.79692891780033,85.40168202937964,253.26725043775417,420,415
ubfc,bimamba,ubfc_S46,5,30,0|1|2|3|4,0.5221035431850992,0.35125251407073066,0.7650645512174659,0.42163219936723983,0.35125251407073066,0.23493544878253414,34.0168889324034,34.85656297348725,1.146578292657331,6.127431763053953,0.3426791094034999,0.36411262107157694,89.0625,86.953125,6.328125,48.16374126475573,157.4790679157611,58.84898863365004,214.8950161981396,415,434
ubfc,bimamba,ubfc_S47,5,20,0|1|2|3|4,0.33295057007129397,0.4800548747059993,0.6811010208434365,0.6314186628701,0.4800548747059993,0.3188989791565635,48.0304210821169,49.65273213801781,1.0196379107663622,6.867907745075974,0.480169265464004,0.47988328856899204,103.7109375,102.65625,7.3828125,79.02042749812523,106.68694857649098,96.22504486493744,130.69813361301476,335,333
ubfc,bimamba,ubfc_S48,5,30,0|1|2|3|4,0.5950294378550434,0.06396631050312987,0.79913739013699,0.3407512843663163,0.06396631050312987,0.20086260986300997,15.944855087581569,20.19847505417948,1.36485641344501,5.362910103847504,0.06858348533901196,0.057040548249306725,112.5,91.171875,21.328125,38.06414402829017,136.87729534162528,49.328828623162394,173.93096286059216,530,493
ubfc,bimamba,ubfc_S49,5,30,0|1|2|3|4,0.6402444685342107,0.14593103740966162,0.6912200280894606,0.2906040346180989,0.14593103740966162,0.3087799719105394,22.787976969290714,24.089564498804506,1.307470160416442,4.697031693684921,0.14526088981030166,0.1469362588087016,111.328125,98.90625,14.296875,59.10448985375595,160.8524540317596,75.98154957809605,210.3317214661707,515,469
ubfc,bimamba_blend,ubfc_S01,5,30,0|1|2|3|4,0.715052517392007,0.07442316061874153,0.7649526538926009,0.20763565324360145,0.07442316061874153,0.23504734610739908,14.576981492024071,16.45338917252284,1.3579835243295124,4.296893537654479,0.07794037382479836,0.06914734080965629,112.5,105.234375,7.734375,63.195558521553885,143.02144459705085,55.19931603075761,172.2292697200874,515,475
ubfc,bimamba_blend,ubfc_S03,5,30,0|1|2|3|4,0.8396413209006754,-0.01990040750129877,0.8297078442837952,0.06945625246616438,0.0,0.17029215571620482,0.13287412449168742,6.861913360386285,1.4264705026386275,2.819511306587565,-0.017409047449049336,-0.023637447579672916,125.390625,101.25,24.140625,45.8594698285315,167.51106844934935,61.9179605109361,191.07880863955344,585,480
ubfc,bimamba_blend,ubfc_S04,5,30,0|1|2|3|4,0.6045452011301529,-0.21767687964338114,0.9154810389416734,0.3301975072188932,0.0,0.08451896105832657,0.20011456944922437,14.495380547166658,1.5540644548337867,3.5993878823732683,-0.20755816488891715,-0.23285495177507712,69.140625,69.140625,0.0,86.30888037604201,202.6217623528959,107.03241890809524,206.9464760220745,320,381
ubfc,bimamba_blend,ubfc_S08,5,30,0|1|2|3|4,0.6109530127170676,0.25672982853825993,0.7109322056761598,0.32309070836988596,0.25672982853825993,0.2890677943238402,28.827051693223417,28.969964992151475,1.219181471420463,6.2691379299374805,0.25679826987251775,0.2566271665368732,105.46875,95.859375,10.078125,58.77476288951206,132.65976335095527,64.57285439325281,178.9771725188112,495,470
ubfc,bimamba_blend,ubfc_S09,5,30,0|1|2|3|4,0.5646910087915186,0.41052520283941696,0.7981962824822727,0.3743991389926348,0.41052520283941696,0.2018037175177273,33.20743186270964,34.479755756645126,1.0869973870287595,7.03508086623923,0.4092183402963247,0.41248549665405543,75.0,77.8125,7.96875,121.1076714817258,163.10909206699895,119.42371296039622,210.80453020699375,365,407
ubfc,bimamba_blend,ubfc_S10,5,30,0|1|2|3|4,0.8522654353390602,0.029933800661829144,0.7887813276269049,0.055455053969058477,0.029933800661829144,0.2112186723730951,6.147827879518924,8.482548857985664,1.391336219192687,3.9209179153254787,0.03209176258129953,0.026696857782623557,116.015625,93.75,23.671875,35.73482089668856,166.7099731731705,48.14951784157419,202.9396714557543,550,469
ubfc,bimamba_blend,ubfc_S11,5,30,0|1|2|3|4,0.5379973035200306,-0.19574463208108728,0.8554333744779634,0.4040046901743434,0.0,0.14456662552203658,0.24683794013425883,18.76434151958879,1.5445537977172856,5.642653341506122,-0.19282321702144462,-0.2001267546705513,93.75,88.359375,5.390625,42.46177985550942,123.42164185108419,48.85520725286277,158.97203792974864,435,422
ubfc,bimamba_blend,ubfc_S12,5,30,0|1|2|3|4,0.3813151904199763,0.19241233220672727,0.8123325374878042,0.5777782548205581,0.19241233220672727,0.1876674625121958,28.87985654460829,33.57383357632809,1.2769173171889285,7.706057031777296,0.18474108253151497,0.20391920671954572,86.71875,80.859375,5.859375,68.99952556837395,153.17817633811987,78.82544191057642,211.608288791147,410,413
ubfc,bimamba_blend,ubfc_S13,5,25,0|1|2|3|4,0.36980058706336794,0.3460671224924107,0.7024175132430018,0.5905489127544816,0.3460671224924107,0.29758248675699817,40.72001442835169,42.56266349068342,1.1486943420698918,5.257095671704724,0.34025065424830897,0.35479182485856314,105.46875,103.21875,2.25,63.351731268603174,87.62788094044566,85.06533436783226,118.07823842338985,425,419
ubfc,bimamba_blend,ubfc_S14,5,30,0|1|2|3|4,0.882472948732431,-0.007926594775126885,0.8278098565359174,0.02195239576765784,0.0,0.17219014346408257,0.08650830313194799,5.1279684278892335,1.4228260262406676,3.08834191603516,-0.012216950473904501,-0.00149106122696046,125.390625,67.96875,57.421875,60.84737290270453,190.32082448336377,81.4655549090328,225.47240035215387,585,465
ubfc,bimamba_blend,ubfc_S15,5,30,0|1|2|3|4,0.6732985885278484,-0.19634710850906323,0.7909306518541243,0.25394425167356993,0.0,0.20906934814587574,0.22743090851448933,14.749643141405766,1.5470431851919149,3.7372151191700005,-0.19667130842437267,-0.19586080863609903,99.609375,87.65625,13.359375,54.69088002748694,139.0431020430742,55.64287769070618,196.49368740363988,475,444
ubfc,bimamba_blend,ubfc_S16,5,30,0|1|2|3|4,0.7572883345044645,-0.157792712395993,0.8982961979332322,0.16079260045243515,0.0,0.10170380206676777,0.16002361213887922,8.572317568635512,1.5232108315383301,4.633900755721134,-0.16008561865784515,-0.15435335300321473,65.625,69.375,8.4375,159.94646684213018,189.33858986027275,145.90984387519083,236.1031148694651,310,406
ubfc,bimamba_blend,ubfc_S17,5,30,0|1|2|3|4,0.5077737235321302,0.2763975705816616,0.704003701811025,0.4375251675725106,0.2763975705816616,0.295996298188975,33.40204393199076,34.17201013550583,1.2046327014422595,7.4459432110767185,0.274430027307962,0.27934888549221104,108.984375,105.703125,5.625,84.34852572528168,141.00350328212932,47.515084080005856,164.93171052227186,500,480
ubfc,bimamba_blend,ubfc_S20,5,20,0|1|2|3|4,0.786351368305799,-0.12137899330687443,0.6519758192625625,0.1285592658160416,0.0,0.34802418073743746,0.20013181028598861,13.521576986537498,1.4962010703571547,2.8509775260175543,-0.11930882146894789,-0.12448425106376425,114.2578125,94.921875,21.4453125,32.737154384593865,175.88083103109196,35.667095577357,242.2844493275722,365,305
ubfc,bimamba_blend,ubfc_S22,5,20,0|1|2|3|4,0.36221338526564034,0.4475781940621839,0.6774570186567664,0.5989637539638246,0.4475781940621839,0.32254298134323356,45.99895304780174,47.30889758455616,1.056769965492904,8.050480908271929,0.44161862001606345,0.45651755513136466,100.1953125,92.8125,7.3828125,35.497410454552984,125.47232178146362,52.24026066462535,181.68721552943686,305,302
ubfc,bimamba_blend,ubfc_S23,5,20,0|1|2|3|4,0.9222898189651818,-0.014574810712695004,0.7852303830259896,0.0,0.0,0.21476961697401042,0.002152748080436704,5.36924042435026,1.427130415519174,7.09899448808738,-0.018350611449964957,-0.008911109606790075,114.2578125,73.4765625,40.78125,67.60157665292803,205.49247121769628,55.20088810099019,251.9185641491372,350,260
ubfc,bimamba_blend,ubfc_S24,5,30,0|1|2|3|4,0.6774990492341747,0.2127710837522669,0.7795790393886591,0.2492855895222077,0.2127710837522669,0.22042096061134087,22.77937950607942,22.83764926307632,1.2519151190871236,5.068352521851773,0.2163542673005365,0.20739630842986248,97.265625,81.328125,15.9375,57.172704644424584,162.20874119109868,55.003955072593214,210.29213820171708,445,426
ubfc,bimamba_blend,ubfc_S25,5,30,0|1|2|3|4,0.49111129587450336,-0.3541419963173301,0.9105858364122819,0.4560051930995884,0.0,0.08941416358771814,0.229068435826023,19.335548830927518,1.6317833055296278,4.145897276760689,-0.3313583781025994,-0.3883174236394262,79.6875,78.984375,0.703125,53.78058367126927,109.44891623053816,76.94412264721852,133.70734061311933,365,386
ubfc,bimamba_blend,ubfc_S26,5,30,0|1|2|3|4,0.6948541158114376,0.27323950209453,0.751659406539764,0.23003736951717435,0.27323950209453,0.24834059346023596,25.011522732948976,25.081397521944815,1.2091787064208686,6.040694103772464,0.2689434279691778,0.2796836132825583,106.640625,100.78125,8.203125,73.4223431835281,133.87555077665877,66.48721367180231,172.4712198140022,495,468
ubfc,bimamba_blend,ubfc_S27,5,30,0|1|2|3|4,0.5313321295687122,0.060579025697725955,0.7960820046162626,0.4113969254052282,0.060579025697725955,0.20391799538373745,16.82994262757371,22.797048050954217,1.3738754826750064,4.449581213411898,0.05623307905225915,0.06709794566592617,118.359375,114.609375,3.75,47.84264130636696,92.74497118279025,63.71678789635471,118.62193516133053,550,539
ubfc,bimamba_blend,ubfc_S30,5,30,0|1|2|3|4,0.8242234813759042,0.128755843781207,0.68233957407735,0.08655592568573545,0.128755843781207,0.31766042592265,13.903997674278685,16.015702003076594,1.3212355090323282,6.351748597382817,0.12716836483604246,0.1311370621989538,114.84375,90.46875,24.375,35.81582172799855,157.41155087991922,56.99002761767395,203.65790730997045,550,480
ubfc,bimamba_blend,ubfc_S31,5,30,0|1|2|3|4,0.3594643297197116,0.43057797266611897,0.7753733397185533,0.6020126864308091,0.43057797266611897,0.22462666028144673,41.494149709238464,44.33781622317097,1.0695892384117491,8.620141120714639,0.42798943053688737,0.4344607858599663,101.953125,101.71875,0.234375,88.40322472645649,107.31301594440161,54.948372782982275,96.18236353887919,490,481
ubfc,bimamba_blend,ubfc_S32,5,30,0|1|2|3|4,0.7032783953071493,0.05793761388394119,0.8524587895532355,0.22069413914721503,0.05793761388394119,0.1475412104467645,12.085374490358266,14.137220999837469,1.3699416058146197,3.7435293741692584,0.061629998329030676,0.05239903721630697,114.84375,102.65625,12.65625,44.03463776131527,133.12703177187112,36.48611924108439,161.2465845900459,560,512
ubfc,bimamba_blend,ubfc_S33,5,30,0|1|2|3|4,0.6413566630272645,0.48821988589968457,0.8225440489506575,0.2893705179274323,0.48821988589968457,0.17745595104934253,31.156509482878857,33.59603891975044,1.0129717523923665,9.356364304646837,0.4869441144275689,0.490133543107858,60.9375,60.9375,2.8125,251.3454787261278,220.4107631381996,262.0297921858225,288.44629184439634,345,417
ubfc,bimamba_blend,ubfc_S34,5,30,0|1|2|3|4,0.5750058154794456,0.19037922327178022,0.6711799184201017,0.3629591558871409,0.19037922327178022,0.3288200815798983,27.799921735406485,28.970691257957,1.277428996940169,5.313455530460988,0.18408757888821686,0.19981668984712528,110.15625,107.8125,9.84375,25.785743476554433,115.37944743713746,34.830330567447106,158.06517897847192,520,499
ubfc,bimamba_blend,ubfc_S35,5,30,0|1|2|3|4,0.5117636210845597,-0.3528546283684651,0.8976066207439575,0.43310003756538507,0.0,0.10239337925604253,0.23242805718508874,18.801085890103003,1.6443516257077453,4.734323584863736,-0.35194613448385237,-0.35421736919538416,84.375,82.734375,1.640625,60.63652626009457,134.51908885173427,74.43200559430134,184.82260412917933,390,412
ubfc,bimamba_blend,ubfc_S36,5,30,0|1|2|3|4,0.5760120625153028,0.4282922670105093,0.6654860997526044,0.36184314378546645,0.4282922670105093,0.3345139002473956,37.796471683899746,37.99292541103398,1.075423357242119,7.458659402084168,0.4217323013490449,0.43813221550270603,98.4375,86.953125,13.828125,76.46036677466387,129.7651384244372,99.46949227868761,168.6730158165692,450,428
ubfc,bimamba_blend,ubfc_S37,5,30,0|1|2|3|4,0.45418154347388906,-0.42954299015988784,0.9175736535888013,0.49696337645047806,0.0,0.08242634641119873,0.2318131971487751,20.696785277172896,1.687536378349705,4.085912798362078,-0.4238895141268196,-0.43802320420949026,86.71875,86.953125,0.234375,42.53316113185659,107.10216889673791,56.042312057415536,143.46717705771036,405,417
ubfc,bimamba_blend,ubfc_S38,5,30,0|1|2|3|4,0.7160955702338239,-0.00755647837174665,0.7632374740039983,0.2064788204255431,0.0,0.23676252599600167,0.21709836744922656,13.66201891585791,1.4197008695712496,3.7822587427548275,-0.0077752795306811565,-0.007228276633344889,100.78125,77.34375,24.84375,62.72623940854336,163.4106699099309,87.70038782520507,204.74862088749478,480,426
ubfc,bimamba_blend,ubfc_S39,5,30,0|1|2|3|4,0.3147043159210562,0.4582795887632023,0.6416964039937936,0.6516552844115955,0.4582795887632023,0.3583035960062064,49.17489658302803,50.580147644210086,1.0428367389902717,7.039263975024404,0.45624576790606775,0.4613303200489042,93.75,92.8125,0.9375,48.94130070414049,96.33287313627217,36.066785386697354,127.45560428027206,440,441
ubfc,bimamba_blend,ubfc_S40,5,30,0|1|2|3|4,0.5616860089345957,0.3779148024737865,0.7354904509304411,0.3777319351016928,0.3779148024737865,0.2645095490695589,34.56025524069323,34.94949138581944,1.1198231112114017,7.95340577216254,0.37299809979840837,0.38528985648685365,99.609375,89.53125,10.078125,65.87638750231164,143.80255362508464,93.80559228700994,200.9419525850757,465,436
ubfc,bimamba_blend,ubfc_S41,5,30,0|1|2|3|4,0.533243233036119,0.5328280556877207,0.7988702372064199,0.40927735185998926,0.5328280556877207,0.20112976279358008,37.83083126475171,40.35719685287863,0.9638815530248476,8.644506553103428,0.535466175869204,0.528870875415496,84.375,78.984375,6.328125,83.56692407418304,145.1578081651366,90.29481243766524,182.97998631727506,400,412
ubfc,bimamba_blend,ubfc_S42,5,30,0|1|2|3|4,0.7544224476053731,-0.13256637270570104,0.8138953759633282,0.16397110865911202,0.0,0.18610462403667183,0.18748953885209726,10.801532175633497,1.505180280396912,3.1137684120145,-0.13278383824786347,-0.13224017439245742,112.5,88.125,25.3125,41.321421969322266,164.58788654910884,44.0640285074491,209.3205050038668,525,459
ubfc,bimamba_blend,ubfc_S43,5,30,0|1|2|3|4,0.6777148729056386,-0.187306747856891,0.7881509452648304,0.24904622302412271,0.0,0.21184905473516957,0.22652264160180408,14.63545973178384,1.5373138861571465,3.353434700565188,-0.18166699228579397,-0.19576638121353657,97.265625,85.78125,12.421875,60.447786011649015,212.63985952867696,75.5169599823769,249.03855528853762,445,415
ubfc,bimamba_blend,ubfc_S44,5,30,0|1|2|3|4,0.7875554949837489,-0.1285535212912112,0.7690146018799088,0.12722378864527262,0.0,0.23098539812009122,0.17993235051074857,10.545527027200004,1.5002961815479197,4.43069663912863,-0.12544431618363408,-0.13321732895257687,108.984375,88.125,20.859375,54.259624453556135,179.4611234280433,56.3436169819011,232.54789967020906,520,446
ubfc,bimamba_blend,ubfc_S45,5,30,0|1|2|3|4,0.5733190866365282,-0.08211383697185223,0.8843091463014583,0.3648298792123885,0.0,0.1156908536985417,0.22470288903089175,16.57339181292811,1.4721929581239663,5.567734011962788,-0.08367605297489714,-0.07977051296728485,91.40625,78.515625,12.890625,59.39183004485398,173.53758549434878,85.40168202937964,230.2211808559224,420,402
ubfc,bimamba_blend,ubfc_S46,5,30,0|1|2|3|4,0.4576403159341479,0.31890326130808166,0.7748132642499341,0.4931273085814194,0.31890326130808166,0.22518673575006587,34.424485392893864,36.080814764607936,1.1689177080770878,5.959827312412758,0.31681569587190395,0.32203460946234824,89.0625,82.734375,6.328125,48.16374126475573,138.54396272854936,58.84898863365004,186.383987937439,415,411
ubfc,bimamba_blend,ubfc_S47,5,20,0|1|2|3|4,0.5358950930590248,0.2579420952366594,0.700670580388503,0.40633621735519176,0.2579420952366594,0.29932941961149695,31.74609120534766,32.393672212481846,1.216329514115525,5.335802334102824,0.2602712565457453,0.25444835327303056,103.7109375,99.4921875,9.140625,79.02042749812523,120.1738039993288,96.22504486493744,140.9052181788106,335,325
ubfc,bimamba_blend,ubfc_S48,5,30,0|1|2|3|4,0.5737170984875193,0.17353056689481508,0.7536603972848642,0.3643884507892603,0.17353056689481508,0.24633960271513577,25.01706057415149,26.330453231031225,1.2862116746862688,5.878400455184929,0.17282976395037206,0.17458177131147962,112.5,91.640625,22.265625,38.06414402829017,135.70482646012215,49.328828623162394,177.47734470997892,530,495
ubfc,bimamba_blend,ubfc_S49,5,30,0|1|2|3|4,0.6488209690420512,-0.10286341362249467,0.7069683188199339,0.28109197841749234,0.0,0.29303168118006606,0.25706728675642576,17.866741220157614,1.485215077168474,3.5898804276579828,-0.10293191272427793,-0.10276066496981978,111.328125,101.25,12.421875,59.10448985375595,146.96605426156597,75.98154957809605,195.40814577274782,515,470
ubfc,lstm,ubfc_S01,5,30,0|1|2|3|4,0.7208119726896182,0.4853215752193425,0.787908054791398,0.20124793573275013,0.4853215752193425,0.21209194520860197,28.365564520653358,31.048655290918525,1.0290527537361256,6.70603077276018,0.4705252150140486,0.5075161155272834,112.5,93.28125,19.21875,63.195558521553885,152.38811153737032,55.19931603075761,190.056686489296,515,456
ubfc,lstm,ubfc_S03,5,30,0|1|2|3|4,0.8419210737417692,0.37682914594019296,0.8084172553825492,0.0669278159403166,0.37682914594019296,0.19158274461745084,16.643542707739854,21.43045468595538,1.1292930021920289,4.848634476826826,0.36234865760005724,0.39854987845039647,125.390625,72.1875,53.203125,45.8594698285315,188.05697706802377,61.9179605109361,225.58682748034545,585,451
ubfc,lstm,ubfc_S04,5,30,0|1|2|3|4,0.4820812588598494,-0.4548025916623874,0.9523028083748859,0.4660202592094106,0.0,0.0476971916251141,0.19736720963280352,18.66818951098075,1.700902582301449,2.81517961666161,-0.44653479723986844,-0.46720428329616587,69.140625,68.671875,0.46875,86.30888037604201,130.59478919059137,107.03241890809524,136.41212178557197,320,323
ubfc,lstm,ubfc_S08,5,30,0|1|2|3|4,0.40928634788758106,0.5142000809042538,0.7345697983765201,0.5467559023372064,0.5142000809042538,0.26543020162347986,44.599982878511284,46.42160441214176,0.9868633106004088,8.10536494328921,0.5130504030954006,0.5159245976175337,105.46875,87.421875,18.046875,58.77476288951206,114.09754206451066,64.57285439325281,148.19370589541853,495,473
ubfc,lstm,ubfc_S09,5,30,0|1|2|3|4,0.4314477289259962,0.4829796644689556,0.8251268670031412,0.5221770777073061,0.4829796644689556,0.1748731329968588,38.57764977486091,42.06520615653129,1.0285748025814916,7.514933247964529,0.471016937747223,0.5009237545515546,75.0,72.890625,11.953125,121.1076714817258,162.24085992946615,119.42371296039622,201.92525727062858,365,366
ubfc,lstm,ubfc_S10,5,30,0|1|2|3|4,0.8316164241584221,0.39554758803902224,0.7791348658759987,0.07835653396752917,0.39554758803902224,0.22086513412400133,18.63200212201492,23.29303292834571,1.0975211160583453,5.981302037052978,0.3977236999030222,0.3922834202430224,116.015625,83.671875,32.34375,35.73482089668856,174.81249562078702,48.14951784157419,221.5997497887782,550,459
ubfc,lstm,ubfc_S11,5,30,0|1|2|3|4,0.5829680900404205,-0.5068253039338027,0.8987047000853475,0.35412832762106494,0.0,0.10129529991465247,0.2149475871179295,15.812194783656247,1.7259334226757665,4.678233355510441,-0.48942308975464277,-0.5329286252025425,93.75,83.4375,10.3125,42.46177985550942,122.36993577385634,48.85520725286277,162.07649022169065,435,407
ubfc,lstm,ubfc_S12,5,30,0|1|2|3|4,0.6220109926864253,0.2605014495779057,0.830690798641583,0.31082648395369716,0.2605014495779057,0.16930920135841698,24.991550458913196,25.65752754139553,1.2372626580158843,7.980074454955693,0.2345905575397344,0.29936778763516264,86.71875,78.75,7.96875,68.99952556837395,158.42525675097,78.82544191057642,186.28637733093902,410,370
ubfc,lstm,ubfc_S13,5,25,0|1|2|3|4,0.21861105697735297,0.7144400840120869,0.732536733069663,0.7582307435672665,0.7144400840120869,0.26746326693033695,57.14506580426993,61.91173770748417,0.7627983987281847,8.812989856517216,0.7090693014488587,0.7224962578569293,105.46875,97.03125,8.4375,63.351731268603174,72.45764525740711,85.06533436783226,87.93155726408227,425,413
ubfc,lstm,ubfc_S14,5,30,0|1|2|3|4,0.9625920512920128,-0.18219133235835283,0.8726045766091192,0.0,0.0,0.12739542339088084,0.001889245761791425,3.184885584772021,1.5361624619158796,2.4226349621608643,-0.17989755469972812,-0.18563199884628992,125.390625,66.796875,58.59375,60.84737290270453,232.99711278011446,81.4655549090328,251.93617741098234,585,391
ubfc,lstm,ubfc_S15,5,30,0|1|2|3|4,0.7289507345396088,-0.5386107191960434,0.8534637317877618,0.19222136830589676,0.0,0.1465362682122382,0.18746142152967107,10.871708016777083,1.7530820149273068,2.6512191744479723,-0.5366482755307928,-0.5415543846939195,99.609375,83.671875,18.28125,54.69088002748694,148.70082658577982,55.64287769070618,197.99296992952716,475,432
ubfc,lstm,ubfc_S16,5,30,0|1|2|3|4,0.6575651179970639,-0.22001524500505484,0.9341536288324439,0.2713939860707866,0.0,0.0658463711675561,0.1746759218149784,11.823433756843398,1.5603418290733633,4.424706120865468,-0.2173333117780043,-0.22403814484563064,65.625,60.0,5.625,159.94646684213018,191.08203913244265,145.90984387519083,245.12021699318248,310,361
ubfc,lstm,ubfc_S17,5,30,0|1|2|3|4,0.4635894546903402,0.6618174845498517,0.6535089787207881,0.48652921625432455,0.6618174845498517,0.34649102127921194,50.16094177950331,51.72527681213691,0.8268212951077291,10.714803111120206,0.6581832729781889,0.6672688019073459,108.984375,93.28125,15.703125,84.34852572528168,126.61322416804954,47.515084080005856,124.65118880801815,500,471
ubfc,lstm,ubfc_S20,5,20,0|1|2|3|4,0.7487775490761299,-0.15829080400980056,0.8319200131483385,0.17023177313500126,0.0,0.16807998685166148,0.18536137181371948,10.585691163854085,1.5249470183838307,2.685681645046938,-0.16273170443886764,-0.15162945336619993,114.2578125,80.15625,34.1015625,32.737154384593865,166.84916170470862,35.667095577357,210.25179322614545,365,318
ubfc,lstm,ubfc_S22,5,20,0|1|2|3|4,0.44393267215246485,0.25382957330490025,0.7908462441964215,0.5083302317212322,0.25382957330490025,0.20915375580357853,31.377943485683385,33.80983658356943,1.2216587464258801,6.791091968751351,0.2537749536405737,0.25391150280139013,100.1953125,95.2734375,4.921875,35.497410454552984,93.17501063320185,52.24026066462535,137.45160617078815,305,294
ubfc,lstm,ubfc_S23,5,20,0|1|2|3|4,0.9520293198286177,0.0006822934505703801,0.8112632086113408,0.0,0.0006822934505703801,0.18873679138865918,0.024082598363864453,4.744005789112869,1.4120155945662893,7.1914778662230825,0.003105980350804071,-0.002953236899780156,114.2578125,68.90625,45.3515625,67.60157665292803,219.1304924857615,55.20088810099019,261.3727922929826,350,241
ubfc,lstm,ubfc_S24,5,30,0|1|2|3|4,0.5906037323448976,0.35927029161930774,0.8350172232860604,0.34565976183930847,0.35927029161930774,0.16498277671393957,29.149825010614,30.5594464225466,1.1311010473060512,5.949822118429765,0.3603052103915771,0.35771791346090365,97.265625,81.09375,16.171875,57.172704644424584,170.6907491808507,55.003955072593214,199.91179712911725,445,408
ubfc,lstm,ubfc_S25,5,30,0|1|2|3|4,0.4496853407542743,-0.7302038680545286,0.9543438158907789,0.501950041223505,0.0,0.04565618410922112,0.20073476228948547,19.964531148611965,1.8510401375230592,3.0508302694611023,-0.7131747953606928,-0.7557474770952824,79.6875,79.453125,0.234375,53.78058367126927,79.6091084913494,76.94412264721852,114.97776547324213,365,363
ubfc,lstm,ubfc_S26,5,30,0|1|2|3|4,0.4872425689638672,0.5294177488989084,0.8038226650045179,0.4602959347330937,0.5294177488989084,0.19617733499548207,39.19453995178525,42.01869651108713,0.9796860221417674,7.868765682868749,0.52010764901002,0.5433828987322408,106.640625,90.703125,15.9375,73.4223431835281,135.88907728930184,66.48721367180231,162.98903789614292,495,469
ubfc,lstm,ubfc_S27,5,30,0|1|2|3|4,0.36231656537727014,0.6200587067864027,0.7583452472939542,0.5988493185924619,0.6200587067864027,0.24165475270604575,48.35654058284929,51.75041976935857,0.8730776777162187,8.38747099042857,0.6188676843368274,0.6218452404607656,118.359375,99.84375,18.515625,47.84264130636696,90.70143426313325,63.71678789635471,123.59883127847183,550,532
ubfc,lstm,ubfc_S30,5,30,0|1|2|3|4,0.5136178007997052,0.5356604037122885,0.6617621411834002,0.4310435972211719,0.5356604037122885,0.33823785881659985,44.013365932607904,44.707346505419764,0.963903165648346,9.09068520798751,0.5354453436265487,0.535982993840898,114.84375,90.46875,24.375,35.81582172799855,132.98446352631242,56.99002761767395,161.9551437868949,550,490
ubfc,lstm,ubfc_S31,5,30,0|1|2|3|4,0.17365478645285046,0.7377031187091234,0.7737625122762076,0.8080910066673284,0.7377031187091234,0.22623748772379237,56.80601867384583,63.62321689471175,0.7309870876822231,11.926287502800903,0.7328289388209308,0.7450143885414122,101.953125,92.109375,9.84375,88.40322472645649,107.75987236301575,54.948372782982275,81.68037077322413,490,473
ubfc,lstm,ubfc_S32,5,30,0|1|2|3|4,0.6851743266660574,0.5152269926024515,0.8060186700280041,0.24077306507000562,0.5152269926024515,0.1939813299719959,30.341875639524137,33.19953541201704,0.9909962685341165,6.556130102257041,0.508963197875729,0.5246226846925355,114.84375,90.0,24.84375,44.03463776131527,152.9772428380059,36.48611924108439,181.4138008053141,560,493
ubfc,lstm,ubfc_S33,5,30,0|1|2|3|4,0.5155203004359936,0.5416940542816064,0.8735394299436081,0.42893356604406585,0.5416940542816064,0.12646057005639189,34.497912951064585,39.56005001362251,0.9498622889706716,9.915098084740483,0.548880815995698,0.530913911710469,60.9375,58.59375,2.34375,251.3454787261278,226.93770374231948,262.0297921858225,288.9368942046518,345,346
ubfc,lstm,ubfc_S34,5,30,0|1|2|3|4,0.3450614906278725,0.637580782598913,0.6687263270691745,0.6179866392994207,0.637580782598913,0.33127367293082555,53.50133202983158,55.36562014445815,0.8566101611070431,8.784526500268692,0.6331095159440832,0.6442876825811578,110.15625,104.765625,6.796875,25.785743476554433,101.89315809383449,34.830330567447106,131.47764577546602,520,489
ubfc,lstm,ubfc_S35,5,30,0|1|2|3|4,0.4503480459104831,-0.6051129643198251,0.9352515855527921,0.5012150457921485,0.0,0.06474841444720791,0.21893556776409717,20.414274578385765,1.781959421382746,4.036261223309713,-0.5876896897273659,-0.6312478762085139,84.375,83.671875,0.703125,60.63652626009457,116.02147147840888,74.43200559430134,181.28485190678273,390,390
ubfc,lstm,ubfc_S36,5,30,0|1|2|3|4,0.5800094147983159,0.5097830186831236,0.7390079607277001,0.3574097458587848,0.5097830186831236,0.26099203927229986,37.74537317502251,39.044529652129064,1.003205959161754,8.062446631683809,0.496788901751173,0.5292741940810494,98.4375,92.8125,11.71875,76.46036677466387,140.92459753463476,99.46949227868761,189.11532146020463,450,418
ubfc,lstm,ubfc_S37,5,30,0|1|2|3|4,0.5128115885690573,-0.6730452995490891,0.9465222807135715,0.43193775399764833,0.0,0.05347771928642853,0.19739045878040712,17.534608757072526,1.823899910523546,3.4109556322296886,-0.6633054418038996,-0.6876550861668733,86.71875,86.71875,0.0,42.53316113185659,133.32310552409623,56.042312057415536,187.1835056393257,405,384
ubfc,lstm,ubfc_S38,5,30,0|1|2|3|4,0.9192778044286902,0.051099325113676805,0.8163083410914134,0.0,0.051099325113676805,0.18369165890858663,0.12069187816314186,6.5085161644775456,1.380170151083819,4.027543095730698,0.0475651770286342,0.05640054724124071,100.78125,71.015625,29.765625,62.72623940854336,197.92150304422515,87.70038782520507,245.8970051302044,480,381
ubfc,lstm,ubfc_S39,5,30,0|1|2|3|4,0.23471229411982555,0.7406603226110975,0.6674312589638273,0.7403731252463114,0.7406603226110975,0.33256874103617273,60.62077773042886,63.85297282055714,0.7250354737612656,10.196405317251909,0.7371617808938887,0.7459081351869107,93.75,90.234375,3.515625,48.94130070414049,94.97003395510131,36.066785386697354,122.73871369289076,440,433
ubfc,lstm,ubfc_S40,5,30,0|1|2|3|4,0.5559915202891491,0.5030281689611118,0.7657392978762448,0.38404759916300624,0.5030281689611118,0.23426070212375516,37.55487927552174,39.12185885774831,1.006599986287337,8.87925589602807,0.4933782338031667,0.5175030716980296,99.609375,80.390625,19.21875,65.87638750231164,139.09670699694274,93.80559228700994,195.0203112773118,465,435
ubfc,lstm,ubfc_S41,5,30,0|1|2|3|4,0.4082438624845649,0.6719053341857033,0.7986595191456027,0.5479121058181875,0.6719053341857033,0.20134048085439726,46.05108794327239,50.77666602150583,0.816497967670468,10.085877766071253,0.6666655343949975,0.6797650338717618,84.375,75.9375,8.4375,83.56692407418304,125.29779144857056,90.29481243766524,167.72610139321432,400,375
ubfc,lstm,ubfc_S42,5,30,0|1|2|3|4,0.735800833454445,-0.49182384422500636,0.8744445353472304,0.18462403582768272,0.0,0.12555546465276957,0.1776507294209038,10.062287959857342,1.7275564359338391,1.916893933706458,-0.492225619668214,-0.49122118106019497,112.5,76.640625,35.859375,41.321421969322266,167.96126763415768,44.0640285074491,196.62604223911435,525,441
ubfc,lstm,ubfc_S43,5,30,0|1|2|3|4,0.6739786799373311,-0.32679583473859486,0.8491313865425453,0.2531899734335541,0.0,0.15086861345745473,0.20938335940077932,13.266339340194646,1.624331147449653,2.8751942574123235,-0.3192258382875532,-0.3381508294151574,97.265625,77.578125,19.6875,60.447786011649015,216.54547229374558,75.5169599823769,221.2810377684888,445,379
ubfc,lstm,ubfc_S44,5,30,0|1|2|3|4,0.7862832100213919,-0.43556613165554114,0.8805415326604273,0.12863485905260985,0.0,0.11945846733957266,0.15321939308303648,7.810268897962186,1.6969199208169274,3.3610097567151263,-0.4397686088326636,-0.4292624158898575,108.984375,78.515625,30.46875,54.259624453556135,156.27942128922678,56.3436169819011,196.84590509875946,520,441
ubfc,lstm,ubfc_S45,5,30,0|1|2|3|4,0.7711879359580016,-0.1738085320822909,0.9020788406504369,0.14537678020369738,0.0,0.09792115934956314,0.15263522769637825,7.89965824137773,1.5268258992582333,5.251238369249563,-0.16559866332285642,-0.18612333522144267,91.40625,63.515625,27.890625,59.39183004485398,204.91231785075155,85.40168202937964,256.6669338890169,420,354
ubfc,lstm,ubfc_S46,5,30,0|1|2|3|4,0.34269616872893954,0.4280676641920608,0.8018406091597383,0.6206099790654018,0.4280676641920608,0.19815939084026168,40.586150003864994,44.27939639316139,1.0803112450886359,6.644528134927478,0.4164638068675205,0.44547345017887136,89.0625,80.390625,8.671875,48.16374126475573,152.31896437228409,58.84898863365004,228.72652066614108,415,398
ubfc,lstm,ubfc_S47,5,20,0|1|2|3|4,0.40758266497583795,0.6117770521634497,0.7208426010369235,0.5486454291424224,0.6117770521634497,0.27915739896307645,48.269093328491884,50.49477802304712,0.8838899610024409,8.108863207343873,0.6093692684195514,0.6153887277792971,103.7109375,96.328125,17.9296875,79.02042749812523,95.01641505843209,96.22504486493744,115.01467278029935,335,327
ubfc,lstm,ubfc_S48,5,30,0|1|2|3|4,0.5847451510737185,0.46497896594580596,0.7799403259808693,0.35215741834341896,0.46497896594580596,0.22005967401913074,34.74952897042172,36.144106261324204,1.0371047959987145,7.748196548104824,0.46220682105823246,0.46913718327716625,112.5,81.328125,31.171875,38.06414402829017,157.6176039882512,49.328828623162394,184.6863908901539,530,464
ubfc,lstm,ubfc_S49,5,30,0|1|2|3|4,0.7594410813492912,-0.49203688378904076,0.8434328502637076,0.15840502419625113,0.0,0.15656714973629238,0.17725092832780606,9.854367150766727,1.7263767651897166,2.282955767377979,-0.49018836769345475,-0.4948096579324197,111.328125,88.359375,22.96875,59.10448985375595,147.49101970717632,75.98154957809605,196.96991082300576,515,466
ubfc,mamba,ubfc_S01,5,30,0|1|2|3|4,0.7462436593402,0.1333313838631526,0.8034508767868377,0.17304206872727357,0.1333313838631526,0.1965491232131623,16.200346728905473,16.402732552470038,1.3118829610115579,4.596881728024385,0.13948154830377374,0.12410613720222093,112.5,93.046875,19.453125,63.195558521553885,155.0908838034247,55.19931603075761,199.1771628775697,515,463
ubfc,mamba,ubfc_S03,5,30,0|1|2|3|4,0.8865905303912549,-0.0016016962363792223,0.8117764786216572,0.01738565341003606,0.0,0.18822352137834275,0.08104758995396746,5.357550037334921,1.4087806654287043,2.9278995645996764,0.00766851835712859,-0.01550701812664094,125.390625,80.859375,44.53125,45.8594698285315,176.25321654243155,61.9179605109361,228.55008667437218,585,460
ubfc,mamba,ubfc_S04,5,30,0|1|2|3|4,0.5098124579475811,-0.3502379334187792,0.9385744411370848,0.43526404063383073,0.0,0.06142555886291523,0.20493662282246358,17.858040495341534,1.6393647655517836,3.135256493063035,-0.3437584172663272,-0.35995720764745703,69.140625,69.140625,0.0,86.30888037604201,133.07831661246934,107.03241890809524,154.20995883688505,320,333
ubfc,mamba,ubfc_S08,5,30,0|1|2|3|4,0.5520307932005902,0.3683411364864272,0.669935240683586,0.3884403766865655,0.3683411364864272,0.330064759316414,36.55865931068301,36.63092572689758,1.1150088110342553,7.04493902086833,0.3783776756579884,0.3532863277290853,105.46875,95.390625,11.015625,58.77476288951206,137.1862846242934,64.57285439325281,188.53514327939666,495,472
ubfc,mamba,ubfc_S09,5,30,0|1|2|3|4,0.5699189960144719,0.45289137242840316,0.7725117641002748,0.3686008640161075,0.45289137242840316,0.22748823589972522,35.29361422571486,36.49316476416228,1.0527770882321947,7.312922373520777,0.4458302012466712,0.46348312920100115,75.0,77.578125,8.671875,121.1076714817258,163.576171072348,119.42371296039622,192.26795616266108,365,400
ubfc,mamba,ubfc_S10,5,30,0|1|2|3|4,0.8561155472774095,0.05883479910016576,0.7945158253357241,0.051184957896339145,0.05883479910016576,0.20548417466427593,7.633713026878289,9.262845253975833,1.364677541428839,4.088958843479279,0.06882760395986968,0.043845591810609874,116.015625,83.90625,32.109375,35.73482089668856,166.92498664,48.14951784157419,219.75537636669813,550,451
ubfc,mamba,ubfc_S11,5,30,0|1|2|3|4,0.5890073881931918,-0.3376397041084262,0.8968032889911253,0.34743024098434594,0.0,0.10319671100887473,0.21440841216988327,15.608551812134841,1.6311200595966093,5.168995559577169,-0.33027632440922305,-0.3486847736572309,93.75,85.78125,7.96875,42.46177985550942,138.87966725168087,48.85520725286277,182.21307215872636,435,418
ubfc,mamba,ubfc_S12,5,30,0|1|2|3|4,0.43149216027545595,0.25229952193784855,0.7867293232784286,0.522127799625559,0.25229952193784855,0.2132706767215714,31.777355566655448,34.37279147666706,1.2297268918575692,8.033139160297873,0.24388588572116107,0.2649199762628798,86.71875,78.75,7.96875,68.99952556837395,156.616934020047,78.82544191057642,205.7607116268132,410,406
ubfc,mamba,ubfc_S13,5,25,0|1|2|3|4,0.4001818462204778,0.5299812891494784,0.7112265584064844,0.5568535559730724,0.5299812891494784,0.2887734415935156,46.386316579625785,47.97564273193354,0.9678441645825532,6.745076592262156,0.5316388365417499,0.5274949680610713,105.46875,103.21875,2.25,63.351731268603174,93.35117084281389,85.06533436783226,122.28291654787427,425,416
ubfc,mamba,ubfc_S14,5,30,0|1|2|3|4,0.9396993709058502,-0.018970708510563337,0.8143422280276326,0.0,0.0,0.18565777197236744,0.002075765471497334,4.641444299309186,1.4250470935836839,3.074793594940865,-0.015379609465652226,-0.024357357077930006,125.390625,66.328125,59.0625,60.84737290270453,210.46009668838272,81.4655549090328,260.91729953279116,585,404
ubfc,mamba,ubfc_S15,5,30,0|1|2|3|4,0.7025874498501661,-0.30922337249545695,0.8245056553638606,0.22146045543348702,0.0,0.17549434463613944,0.2068006274937678,12.69212569465925,1.6195559411772873,3.3393447883072964,-0.31148072330132454,-0.30583734628665565,99.609375,85.3125,15.703125,54.69088002748694,152.06086736313765,55.64287769070618,195.61071905312593,475,444
ubfc,mamba,ubfc_S16,5,30,0|1|2|3|4,0.6938640846830861,-0.17927362166351038,0.9097383142057283,0.23113539682150674,0.0,0.09026168579427174,0.17796138726599753,10.924119525663297,1.5344184287382048,4.5702250252272005,-0.17721995722571043,-0.1823541183202103,65.625,69.140625,9.140625,159.94646684213018,197.32847595041747,145.90984387519083,243.19155739165367,310,381
ubfc,mamba,ubfc_S17,5,30,0|1|2|3|4,0.5891820445651599,0.3451071361552764,0.7091507206245607,0.3472365324636695,0.3451071361552764,0.29084927937543925,33.14242288404695,33.23411955759645,1.1412743074712963,7.915235372065207,0.34874647755295657,0.33964812405875616,108.984375,94.921875,14.53125,84.34852572528168,150.08370647185092,47.515084080005856,180.1536079442276,500,459
ubfc,mamba,ubfc_S20,5,20,0|1|2|3|4,0.8340383077833644,-0.3266813369082916,0.7736806201371543,0.0756704625179071,0.0,0.22631937986284567,0.14732546882454095,8.495626840992658,1.6286877830723352,2.1140199737630687,-0.32631194736453917,-0.3272354212239203,114.2578125,82.6171875,32.34375,32.737154384593865,203.2975446332971,35.667095577357,257.56816645652975,365,283
ubfc,mamba,ubfc_S22,5,20,0|1|2|3|4,0.44081564929894246,0.2580470682206562,0.7231475337707846,0.511787270700496,0.2580470682206562,0.27685246622921544,33.95140510044324,35.7900993652736,1.2199374066681565,6.803339178121634,0.2558763619058866,0.2613031276928106,100.1953125,99.84375,0.3515625,35.497410454552984,125.59149142225829,52.24026066462535,182.28834662611854,305,297
ubfc,mamba,ubfc_S23,5,20,0|1|2|3|4,0.9167883582370566,0.038291529964317464,0.7671707131667186,0.0,0.038291529964317464,0.2328292868332814,0.11492722531898114,7.25666454449394,1.3889951298268628,7.334253269821228,0.03534626465862821,0.042709427922851345,114.2578125,74.8828125,39.375,67.60157665292803,197.85167376571667,55.20088810099019,250.77835820946854,350,268
ubfc,mamba,ubfc_S24,5,30,0|1|2|3|4,0.6570072175377377,0.2995129283188757,0.7942450003664866,0.27201274432989264,0.2995129283188757,0.2057549996335134,26.30052445077313,26.57608771516665,1.1779763001962167,5.597119149938553,0.30618591808801626,0.28950344366516495,97.265625,79.921875,17.34375,57.172704644424584,167.47916838334044,55.003955072593214,213.0020637528722,445,407
ubfc,mamba,ubfc_S25,5,30,0|1|2|3|4,0.4872459233784535,-0.5586441574524531,0.9230134876173026,0.4602922144068329,0.0,0.07698651238269738,0.22143245362912628,19.185620849823668,1.7554699669143452,3.5112789127707096,-0.5408374023691259,-0.5853542900774439,79.6875,79.21875,0.46875,53.78058367126927,100.95884947334604,76.94412264721852,121.44631056234824,365,380
ubfc,mamba,ubfc_S26,5,30,0|1|2|3|4,0.5255540040406684,0.41787962288345326,0.7593191396824608,0.4178053497627696,0.41787962288345326,0.2406808603175392,36.401546542063045,37.355207982171834,1.0813465997164053,7.011205538199628,0.41534476564088413,0.4216819087473069,106.640625,95.15625,11.484375,73.4223431835281,149.80188617967772,66.48721367180231,175.9009568651579,495,468
ubfc,mamba,ubfc_S27,5,30,0|1|2|3|4,0.6113511752366476,0.2680493817086216,0.7479080488062564,0.32264911284269415,0.2680493817086216,0.2520919511937436,28.297249682911275,28.45349232551793,1.203435250037719,5.600074115682986,0.2758717994833264,0.25631575504656434,118.359375,106.875,11.953125,47.84264130636696,126.06255836005595,63.71678789635471,164.12665046269254,550,514
ubfc,mamba,ubfc_S30,5,30,0|1|2|3|4,0.7500192515815467,0.2566076309326196,0.7239719129479922,0.16885462122961037,0.2566076309326196,0.27602808705200776,22.337355866693756,22.855536632383817,1.2137832595470917,7.088530471181835,0.26336509942161884,0.24647142819912082,114.84375,85.78125,29.0625,35.81582172799855,161.58431308210803,56.99002761767395,206.85619976121407,550,457
ubfc,mamba,ubfc_S31,5,30,0|1|2|3|4,0.42288636830809573,0.44145839005281706,0.7569204537109698,0.5316723425040238,0.44145839005281706,0.24307954628903017,40.77437340603038,42.56939112810729,1.0579818545885287,8.714917229977758,0.4403371976807084,0.4431401786109801,101.953125,98.4375,3.515625,88.40322472645649,138.4712239084908,54.948372782982275,162.74180481143168,490,464
ubfc,mamba,ubfc_S32,5,30,0|1|2|3|4,0.8522511865981041,0.0719203776792734,0.8367622926134122,0.055470857014209396,0.0719203776792734,0.16323770738658783,8.008458599793308,8.8581139856703,1.3528822753120946,3.852370347651032,0.08485477457318502,0.05251878233840597,114.84375,85.078125,29.765625,44.03463776131527,180.03496334723584,36.48611924108439,226.7109381180484,560,464
ubfc,mamba,ubfc_S33,5,30,0|1|2|3|4,0.5641302748320428,0.5425868172028638,0.8338483800857565,0.3750210398403344,0.5425868172028638,0.16615161991424354,35.141716577237446,38.564085136976026,0.9554888982651621,9.863798093683355,0.5435204826460134,0.5411863190381394,60.9375,59.296875,2.109375,251.3454787261278,225.25400682191017,262.0297921858225,290.1163403413699,345,367
ubfc,mamba,ubfc_S34,5,30,0|1|2|3|4,0.594748793202105,0.28556278734931007,0.7318225921937105,0.34106254275296344,0.28556278734931007,0.2681774078062895,30.0473662994022,30.20288507399249,1.192976554652675,5.907552761182908,0.2884034700245168,0.2813017633365001,110.15625,103.359375,8.671875,25.785743476554433,127.45696134008347,34.830330567447106,174.57836221401658,520,479
ubfc,mamba,ubfc_S35,5,30,0|1|2|3|4,0.5395864198310605,-0.46251977605139916,0.9012071775044693,0.4022422273089826,0.0,0.09879282249553067,0.22405994299023094,17.553904086475118,1.7047543066667667,4.420981500044245,-0.45309362304944445,-0.4766590055543312,84.375,83.671875,0.703125,60.63652626009457,141.0832955074416,74.43200559430134,178.7239693433642,390,411
ubfc,mamba,ubfc_S36,5,30,0|1|2|3|4,0.5633946837312621,0.5005696055876078,0.6618430855687936,0.37583687187869264,0.5005696055876078,0.33815691443120643,40.75712259655733,41.31916576576643,1.0025249635797706,8.068344783454158,0.49747184869968986,0.5052162409194846,98.4375,88.359375,11.484375,76.46036677466387,138.69096178958137,99.46949227868761,184.40775461031578,450,423
ubfc,mamba,ubfc_S37,5,30,0|1|2|3|4,0.48114188419098397,-0.5979357401514147,0.9253111560968205,0.4670621042644545,0.0,0.07468884390317954,0.22096801845731215,19.38205000749653,1.7826575180608701,3.6096173713249735,-0.5889339133494707,-0.6114384803543308,86.71875,86.71875,0.0,42.53316113185659,112.72627366644979,56.042312057415536,151.08392019372891,405,396
ubfc,mamba,ubfc_S38,5,30,0|1|2|3|4,0.8467872615079955,-0.054467130278439226,0.7807358946358718,0.06153080681372303,0.0,0.21926410536412821,0.13525446596646093,7.789007889617819,1.4519402131773667,3.5872210354858547,-0.054065191320768646,-0.0550700387149451,100.78125,71.484375,29.296875,62.72623940854336,181.88971997552795,87.70038782520507,237.31718109830234,480,398
ubfc,mamba,ubfc_S39,5,30,0|1|2|3|4,0.22387709178391363,0.6796494647561986,0.6931103078850509,0.7523902706391108,0.6796494647561986,0.3068896921149491,57.87868183650099,61.37373238019783,0.8039472361246974,9.299039503101096,0.67683442076373,0.6838720307449013,93.75,93.75,0.0,48.94130070414049,90.39628399497052,36.066785386697354,110.55415967851336,440,436
ubfc,mamba,ubfc_S40,5,30,0|1|2|3|4,0.5288047042211522,0.46631576639818273,0.7093031408449817,0.4142000514502684,0.46631576639818273,0.2906968591550183,39.63409334133155,40.286764648192374,1.0380164964425496,8.612309189041266,0.46126087655656733,0.4738981011606058,99.609375,91.171875,8.4375,65.87638750231164,151.84943518244546,93.80559228700994,201.74929436748414,465,430
ubfc,mamba,ubfc_S41,5,30,0|1|2|3|4,0.3353859771470226,0.6670297545384353,0.7572743687539927,0.6287175927827714,0.6670297545384353,0.24272563124600732,50.670386541518134,54.658666305695434,0.8249613241787584,9.996308158840069,0.659719406804614,0.677995276139167,84.375,79.453125,5.390625,83.56692407418304,129.7664870929274,90.29481243766524,157.240278959448,400,395
ubfc,mamba,ubfc_S42,5,30,0|1|2|3|4,0.8902430182479416,-0.23795383376888765,0.8246954197975379,0.013334738968525106,0.0,0.1753045802024621,0.07208045348288306,4.882667216381244,1.5734426882707824,2.728520238213986,-0.23786094663639287,-0.23809316446762985,112.5,80.859375,32.109375,41.321421969322266,178.9457899673182,44.0640285074491,234.3523500311905,525,438
ubfc,mamba,ubfc_S43,5,30,0|1|2|3|4,0.774620316378505,-0.20385518741771394,0.8234080510243937,0.14156998331353887,0.0,0.17659194897560626,0.17512853623633287,9.723673098647865,1.547013034905307,3.298806241607568,-0.1966246650834644,-0.21470097091908824,97.265625,81.09375,16.640625,60.447786011649015,213.82090840039447,75.5169599823769,258.1342143476512,445,396
ubfc,mamba,ubfc_S44,5,30,0|1|2|3|4,0.8235647080289041,-0.2187184733721265,0.8207089809437947,0.08728656041191518,0.0,0.17929101905620526,0.1466374505949089,7.755521491851951,1.564363142335462,4.06748521635883,-0.22361602054884042,-0.2113721526070556,108.984375,81.09375,27.890625,54.259624453556135,180.15232188135622,56.3436169819011,228.28987220261513,520,418
ubfc,mamba,ubfc_S45,5,30,0|1|2|3|4,0.7031324154186172,-0.1424978847959277,0.8888762844185254,0.22085604304993234,0.0,0.1111237155814746,0.18428613898456953,11.060194503909328,1.5106287259253959,5.343873954563778,-0.14099957379549244,-0.14474535129658062,91.40625,67.5,23.90625,59.39183004485398,188.31779384426835,85.40168202937964,237.62231276373655,420,387
ubfc,mamba,ubfc_S46,5,30,0|1|2|3|4,0.5106986322033825,0.43327003740933745,0.7593743907441715,0.43428119928531017,0.43327003740933745,0.24062560925582854,37.43553926030466,38.548811607444996,1.0710849814801973,6.719027474259928,0.4263884812237827,0.4435923716876695,89.0625,85.78125,4.21875,48.16374126475573,140.1196293024766,58.84898863365004,186.0508865679231,415,408
ubfc,mamba,ubfc_S47,5,20,0|1|2|3|4,0.6165831835465749,0.35445679263206725,0.7224544562514511,0.31684637814448324,0.35445679263206725,0.2775455437485489,31.969664863225145,32.112507497834365,1.1237128006380743,6.023720671657827,0.3686347708410677,0.33318982531856656,103.7109375,86.8359375,16.875,79.02042749812523,140.1747277856278,96.22504486493744,187.8390931201877,335,310
ubfc,mamba,ubfc_S48,5,30,0|1|2|3|4,0.6745556060418365,0.26959597609296926,0.7550534911845098,0.25255011414308515,0.26959597609296926,0.24494650881549018,25.684178473188535,25.704141104239298,1.2026238787601924,6.462052945532104,0.2768479031178952,0.2587180855555804,112.5,90.234375,22.265625,38.06414402829017,159.7891945765062,49.328828623162394,200.21110210741574,530,464
ubfc,mamba,ubfc_S49,5,30,0|1|2|3|4,0.788888144234768,-0.11858292077178026,0.7273854286047111,0.12574576919435532,0.0,0.2726145713952889,0.1867227713332109,11.530830629670547,1.4989838877369088,3.509728119377904,-0.12347634784742875,-0.1112427801583075,111.328125,91.171875,20.15625,59.10448985375595,160.07369069916294,75.98154957809605,210.9320161679976,515,471
ubfc,physdiff,ubfc_S01,5,30,0|1|2|3|4,0.44418865043277017,0.051973225645347225,0.7620107010174482,0.5080463304043521,0.051973225645347225,0.23798929898255183,17.87600546765179,26.950465826427518,1.3758809398747387,4.183166468058953,0.053475819644703035,0.04971933464631352,112.5,112.5,2.34375,63.195558521553885,100.26568623556544,55.19931603075761,124.40599604461141,515,510
ubfc,physdiff,ubfc_S03,5,30,0|1|2|3|4,0.46070971167946595,-0.06641715221176354,0.805264882605808,0.4897230920475689,0.0,0.19473511739419203,0.28581994924617105,23.232993886638635,1.4596801675255933,2.6196130693203075,-0.0653330957337721,-0.06804323692875071,125.390625,115.3125,10.078125,45.8594698285315,102.61293123064578,61.9179605109361,128.8684089951915,585,552
ubfc,physdiff,ubfc_S04,5,30,0|1|2|3|4,0.6092135212575646,-0.4179595652000415,0.9300192137727517,0.32501994984875504,0.0,0.06998078622724835,0.1897627482684257,13.937767775009524,1.681653512729826,2.9140380503936876,-0.4139792684382817,-0.42393001034268124,69.140625,69.140625,0.0,86.30888037604201,190.05407763778044,107.03241890809524,237.29287105333412,320,349
ubfc,physdiff,ubfc_S08,5,30,0|1|2|3|4,0.26752131720368244,0.3815163130202262,0.6392491115012355,0.7039851752688882,0.3815163130202262,0.36075088849876447,47.33752932363188,49.72507802331091,1.1119325553719104,7.068936091092576,0.38180299615204705,0.38108628832249497,105.46875,106.640625,1.171875,58.77476288951206,76.20465298818836,64.57285439325281,106.15318621180214,495,503
ubfc,physdiff,ubfc_S09,5,30,0|1|2|3|4,0.7140883562217617,0.3265969752645355,0.7873018122763026,0.20870498860123732,0.3265969752645355,0.21269818772369742,24.803919773065125,25.39127833805892,1.1600478735025677,6.470132622401309,0.32714446559108534,0.3257757397747108,75.0,82.03125,9.375,121.1076714817258,163.43170343341512,119.42371296039622,229.8931075855843,365,433
ubfc,physdiff,ubfc_S10,5,30,0|1|2|3|4,0.5496946272082608,0.06385331701396943,0.7447065359510318,0.391031380114207,0.06385331701396943,0.25529346404896824,17.814887190049074,23.44051274353082,1.3674942045772003,4.071049841999193,0.0649798002238852,0.06216359219909574,116.015625,116.484375,0.46875,35.73482089668856,115.0719280224029,48.14951784157419,157.12368425019568,550,523
ubfc,physdiff,ubfc_S11,5,30,0|1|2|3|4,0.5079213984746571,-0.17232525164993429,0.8820739973118219,0.43736138371317856,0.0,0.1179260026881781,0.24166711496959467,19.349201956448645,1.530284453492333,5.7232708106318375,-0.17088525430016444,-0.174485247674589,93.75,90.234375,3.515625,42.46177985550942,108.94167824076375,48.85520725286277,153.83885616577385,435,437
ubfc,physdiff,ubfc_S12,5,30,0|1|2|3|4,0.34626415314409265,0.07481652682238643,0.808132084956476,0.6166527860064381,0.07481652682238643,0.19186791504352396,20.88165563993593,30.726797107169023,1.36372190570131,7.134796233394908,0.07013128195519387,0.08184439412317528,86.71875,83.4375,3.28125,68.99952556837395,139.25337794098158,78.82544191057642,183.9173666341718,410,425
ubfc,physdiff,ubfc_S13,5,25,0|1|2|3|4,0.2883114444807984,0.16421989804904574,0.8163196499809728,0.6809271857197818,0.16421989804904574,0.18368035001902716,28.788106056095653,36.285024391806715,1.2924975465954411,4.232590762658975,0.16472504602238291,0.16346217608903996,105.46875,105.46875,0.0,63.351731268603174,48.10272522775909,85.06533436783226,55.678875475455186,425,430
ubfc,physdiff,ubfc_S14,5,30,0|1|2|3|4,0.8042127109536311,0.05921738493819299,0.8554888558826053,0.10874954331568698,0.05921738493819299,0.14451114411739474,9.296170594421007,9.911538412455368,1.373813120851539,3.392824732118853,0.0563187544880773,0.06356533061336653,125.390625,118.828125,8.90625,60.84737290270453,163.80714875512498,81.4655549090328,194.3590708055047,585,507
ubfc,physdiff,ubfc_S15,5,30,0|1|2|3|4,0.5694165624451295,-0.06354465903047649,0.8681093333502263,0.36915810485627154,0.0,0.13189066664977367,0.2332159068268945,17.140695598354526,1.4589506944400996,4.246451558962532,-0.0642685644036243,-0.062458800970754756,99.609375,96.5625,6.328125,54.69088002748694,117.12400774557531,55.64287769070618,166.39538361211743,475,485
ubfc,physdiff,ubfc_S16,5,30,0|1|2|3|4,0.7514142616478652,-0.18953933784612476,0.9014043642699211,0.16730743842012963,0.0,0.0985956357300789,0.16116941948499963,8.738919834006834,1.5451445395296526,4.509718912974981,-0.19373582401915104,-0.18324460858658528,65.625,82.265625,18.984375,159.94646684213018,189.31951292518931,145.90984387519083,264.39175145289914,310,408
ubfc,physdiff,ubfc_S17,5,30,0|1|2|3|4,0.3686219635223375,0.11265979736375772,0.7157425881737353,0.5918561048139224,0.11265979736375772,0.28425741182626474,26.449798075259018,33.52578162731962,1.3315175979118952,6.576097968882539,0.11353044322546832,0.11135382857119183,108.984375,108.984375,0.0,84.34852572528168,95.66608932262592,47.515084080005856,94.99172826555639,500,509
ubfc,physdiff,ubfc_S20,5,20,0|1|2|3|4,0.45861168729496704,-0.7657672691110234,0.7556914926033761,0.49204997651954585,0.0,0.2443085073966239,0.30303172872301143,24.559586804398567,1.8794805702237765,0.8700199398142803,-0.7662236069243458,-0.7650827623910399,114.2578125,114.2578125,0.0,32.737154384593865,73.93091377248462,35.667095577357,114.52914504439246,365,364
ubfc,physdiff,ubfc_S22,5,20,0|1|2|3|4,0.42047547883364284,0.790236422598253,0.5627135034639756,0.5343462205214602,0.790236422598253,0.43728649653602436,58.855077495789324,60.604011530389855,0.6589372881495962,12.153208457145094,0.7829008251430284,0.8012398187810901,100.1953125,100.1953125,0.0,35.497410454552984,73.89329734325182,52.24026066462535,116.43163011218445,305,309
ubfc,physdiff,ubfc_S23,5,20,0|1|2|3|4,0.7988029648853681,0.2088051166353097,0.729986246827503,0.11474940404971101,0.2088051166353097,0.270013753172497,17.789175189688056,18.883638355000702,1.2669068790979778,8.133373843685064,0.1974734798471109,0.22580257181760793,114.2578125,87.890625,27.0703125,67.60157665292803,194.34206769296713,55.20088810099019,248.9145099294077,350,298
ubfc,physdiff,ubfc_S24,5,30,0|1|2|3|4,0.47528744785678023,0.09929823089658042,0.7769895173800287,0.4735551636868739,0.09929823089658042,0.22301048261997125,21.837270424952003,27.05726436237882,1.341921938987997,4.465305144567578,0.09962275483134703,0.09881144499443052,97.265625,96.328125,2.34375,57.172704644424584,154.3324661359602,55.003955072593214,205.99807418797823,445,463
ubfc,physdiff,ubfc_S25,5,30,0|1|2|3|4,0.5156371572112618,-0.5179564929249618,0.9237446968607652,0.42880396210913263,0.0,0.07625530313923479,0.21511196082721526,17.986531157573342,1.739059503502653,3.5928581486154614,-0.5121639783614473,-0.5266452647702334,79.6875,79.21875,0.46875,53.78058367126927,125.93517046198038,76.94412264721852,154.50613618468833,365,395
ubfc,physdiff,ubfc_S26,5,30,0|1|2|3|4,0.31953516265417037,0.2815000863047813,0.7339426054338388,0.6462974714458187,0.2815000863047813,0.2660573945661612,37.90621786606441,41.44384327980153,1.2000529768823271,6.106495545184706,0.27993642633793253,0.28384557625505447,106.640625,105.46875,1.171875,73.4223431835281,99.79267741944956,66.48721367180231,118.48325611434917,495,506
ubfc,physdiff,ubfc_S27,5,30,0|1|2|3|4,0.23492707402489438,0.2511569421631705,0.7817974098761009,0.7401349163724347,0.2511569421631705,0.2182025901238991,36.36520207918843,42.62850944818267,1.223923011286767,5.45344667963035,0.25100623122136645,0.2513830085758766,118.359375,118.359375,0.0,47.84264130636696,43.770890423700344,63.71678789635471,63.62206687590237,550,565
ubfc,physdiff,ubfc_S30,5,30,0|1|2|3|4,0.44361060512959816,-0.008535376939361149,0.674992480296354,0.5086874309797258,0.0,0.32500751970364605,0.3295281194469555,27.20096665433087,1.420458971433881,5.722779458247316,-0.008851844763499435,-0.008060675203153721,114.84375,114.84375,2.34375,35.81582172799855,91.47826932034336,56.99002761767395,125.88164377920421,550,527
ubfc,physdiff,ubfc_S31,5,30,0|1|2|3|4,0.3062431821009908,-0.0004404469882598078,0.8918096478883446,0.6610393893088947,0.0,0.1081903521116554,0.27614194883916493,27.49373590187494,1.413298829314772,6.199801629502942,0.001293209528747637,-0.003040931763770975,101.953125,101.953125,0.0,88.40322472645649,89.14531788253012,54.948372782982275,52.26932878928837,490,492
ubfc,physdiff,ubfc_S32,5,30,0|1|2|3|4,0.4298832115035641,0.1373416748450904,0.8175553911152235,0.5239122583483378,0.1373416748450904,0.18244460888477654,24.36018577159531,29.358137716872967,1.3132288110861023,4.110762442428777,0.13771504486669103,0.13678161981268946,114.84375,115.546875,0.703125,44.03463776131527,76.96218665023677,36.48611924108439,102.62034671466134,560,549
ubfc,physdiff,ubfc_S33,5,30,0|1|2|3|4,0.7245020761860347,0.4154634137394335,0.8208985376768001,0.1971553024014886,0.4154634137394335,0.1791014623231999,25.455272500969894,27.45073841336458,1.0893469090411134,8.724986892391616,0.406661655881286,0.4286660505266548,60.9375,67.5,6.5625,251.3454787261278,205.0265400337954,262.0297921858225,264.71436709239026,345,422
ubfc,physdiff,ubfc_S34,5,30,0|1|2|3|4,0.38674104724732505,-0.10499729058051233,0.7837588429727812,0.571760525907582,0.0,0.2162411570272188,0.3109495282868664,26.847048647214795,1.4872634981475343,3.992432550149219,-0.10597635646102052,-0.10352869175975003,110.15625,110.15625,0.0,25.785743476554433,55.20574245932227,34.830330567447106,89.52958399662171,520,516
ubfc,physdiff,ubfc_S35,5,30,0|1|2|3|4,0.49452796827976286,-0.3852259700972078,0.91018946421768,0.45221581771178554,0.0,0.08981053578232001,0.22860539625073803,19.203356558749956,1.665043607178842,4.625705183651744,-0.3861851069035649,-0.3837872648876723,84.375,84.609375,0.234375,60.63652626009457,108.28601205440008,74.43200559430134,148.41091228732873,390,409
ubfc,physdiff,ubfc_S36,5,30,0|1|2|3|4,0.6429160706410703,0.30038029798733845,0.6207146215121174,0.2876410044914318,0.30038029798733845,0.3792853784878826,31.328338698571343,31.532933305150944,1.1850287417473586,6.615671019292857,0.2978534406163361,0.3041705840438419,98.4375,102.1875,5.625,76.46036677466387,106.69815860498854,99.46949227868761,138.50745007215394,450,455
ubfc,physdiff,ubfc_S37,5,30,0|1|2|3|4,0.4110073309023996,-0.4747416339711989,0.9223937755920537,0.5448471882711048,0.0,0.07760622440794629,0.23636172810901224,22.37192517036509,1.717549580896226,3.9327900170114374,-0.47498828141840105,-0.4743716628003956,86.71875,86.71875,0.0,42.53316113185659,114.05956523883583,56.042312057415536,165.30210623215396,405,420
ubfc,physdiff,ubfc_S38,5,30,0|1|2|3|4,0.5577048600488027,-0.05474384902079451,0.7816118590627981,0.3821473621059851,0.0,0.21838814093720194,0.2680055807852451,19.79022960240449,1.4522411343020933,3.585421032403568,-0.05450215607951541,-0.05510638843271315,100.78125,90.0,16.875,62.72623940854336,144.34487465940305,87.70038782520507,204.92211254254514,480,447
ubfc,physdiff,ubfc_S39,5,30,0|1|2|3|4,0.32055468979974827,0.07625204400385038,0.7701536850077995,0.645166730592027,0.07625204400385038,0.22984631499220054,22.37848497920313,32.79936192215042,1.3582015464864416,4.744306020381309,0.07764427956091899,0.07416369066824746,93.75,93.75,0.0,48.94130070414049,91.57058104095285,36.066785386697354,111.41961325578448,440,458
ubfc,physdiff,ubfc_S40,5,30,0|1|2|3|4,0.348026824449649,0.2841946729625519,0.7139391335465375,0.614697836140077,0.2841946729625519,0.2860608664534625,38.01620133188592,40.85999075268514,1.1963897032016182,7.378940967037739,0.284325839036572,0.2839979238515218,99.609375,98.671875,0.9375,65.87638750231164,112.99944078853825,93.80559228700994,172.36926394745126,465,457
ubfc,physdiff,ubfc_S41,5,30,0|1|2|3|4,0.5926033283893393,0.24211545323510536,0.7725954408472606,0.34344204262669353,0.24211545323510536,0.22740455915273938,27.173981779569615,27.64352007363594,1.231409385758682,6.516930738765073,0.24181546233271253,0.24256543958869461,84.375,79.921875,6.328125,83.56692407418304,151.64643400189158,90.29481243766524,214.5521508240063,400,391
ubfc,physdiff,ubfc_S42,5,30,0|1|2|3|4,0.4570820622154619,-0.12652877249898065,0.8718257076748194,0.493746458634694,0.0,0.12817429232518063,0.25823448000807797,21.71984950693054,1.5018022486347813,3.1332838053628302,-0.12770499700224258,-0.12476443574408777,112.5,111.328125,1.171875,41.321421969322266,89.46627440232757,44.0640285074491,118.24412202745447,525,515
ubfc,physdiff,ubfc_S43,5,30,0|1|2|3|4,0.6407667421478855,-0.22763470979416597,0.8346295978888058,0.29002478950981414,0.0,0.16537040211119425,0.225438255817767,15.010189659397888,1.561787332565572,3.216247781806911,-0.21958983608114238,-0.23970202036370136,97.265625,95.15625,4.453125,60.447786011649015,171.23779076258592,75.5169599823769,208.92679699853022,445,440
ubfc,physdiff,ubfc_S44,5,30,0|1|2|3|4,0.4101994417416819,-0.300975647029221,0.8539144891444679,0.5457432049032477,0.0,0.14608551085553212,0.2770271998551501,24.11750795526009,1.613336277007489,3.79973873108596,-0.30142697135419266,-0.30029866054176363,108.984375,108.984375,0.0,54.259624453556135,99.74846087466854,56.3436169819011,127.46436966023036,520,520
ubfc,physdiff,ubfc_S45,5,30,0|1|2|3|4,0.5647326358353157,-0.06819978893976514,0.8731419475453788,0.3743529711203538,0.0,0.12685805245462123,0.23217207966765166,17.209687728378796,1.4613965853964228,5.631666967812805,-0.0678399899041622,-0.06873948749316953,91.40625,78.28125,13.125,59.39183004485398,175.6189387401503,85.40168202937964,243.28522242174105,420,413
ubfc,physdiff,ubfc_S46,5,30,0|1|2|3|4,0.4958827317909796,0.1562652499188953,0.7693956199814126,0.4507132716971909,0.1562652499188953,0.2306043800185874,25.62287878003676,28.526804061067917,1.295271190661983,5.068291948008758,0.1611362713205446,0.14895871781642137,89.0625,87.65625,1.40625,48.16374126475573,145.4021522738031,58.84898863365004,200.67619679620987,415,436
ubfc,physdiff,ubfc_S47,5,20,0|1|2|3|4,0.30659758692099304,-0.17777657964632818,0.8273150617072297,0.6606463247294028,0.0,0.17268493829277032,0.3103144495707852,29.091360634671858,1.5341776654686445,3.3193141136659166,-0.17685055461141028,-0.17916561719870502,103.7109375,110.7421875,7.03125,79.02042749812523,70.48492942130008,96.22504486493744,86.76725530969131,335,341
ubfc,physdiff,ubfc_S48,5,30,0|1|2|3|4,0.34707641208587353,0.354131162046215,0.7313579550850112,0.6157519229217101,0.354131162046215,0.2686420449149888,40.668412190120236,43.086666809171916,1.1373405223188093,6.946839142462819,0.3532282681457889,0.35548550289685416,112.5,111.328125,3.515625,38.06414402829017,94.93927067578564,49.328828623162394,136.25690438569802,530,522
ubfc,physdiff,ubfc_S49,5,30,0|1|2|3|4,0.4273536543602599,-0.026864661159674133,0.8290550741230013,0.5267177487331116,0.0,0.17094492587699872,0.2843189364645162,24.025538724416652,1.4339778553995948,3.894818520627564,-0.028146244888210787,-0.02494228556686915,111.328125,108.28125,3.046875,59.10448985375595,118.02850853467093,75.98154957809605,166.11249500218406,515,512
ubfc,rnn,ubfc_S01,5,30,0|1|2|3|4,0.5810119962519594,0.39467361111190424,0.687284546443704,0.3562977991942887,0.39467361111190424,0.31271545355629604,35.83492887108251,35.979314225389636,1.1106880306459128,6.042941721866235,0.38318604928995215,0.4119049538448325,112.5,101.71875,10.78125,63.195558521553885,157.57656705917415,55.19931603075761,203.10018478378817,515,471
ubfc,rnn,ubfc_S03,5,30,0|1|2|3|4,0.7916352472339533,0.31199254121414766,0.7489690188390752,0.12269900226497465,0.31199254121414766,0.2510309811609248,20.823383471416914,22.576707409490208,1.1770019102342653,4.489223862797957,0.3073332516524452,0.31898147555670125,125.390625,78.515625,46.875,45.8594698285315,196.20459526119572,61.9179605109361,228.12663882385004,585,461
ubfc,rnn,ubfc_S04,5,30,0|1|2|3|4,0.57408711072512,-0.4728705569365429,0.9380049305208225,0.3639780762786131,0.0,0.061995069479177545,0.19208457774876705,15.19905459742743,1.7144091725096942,2.7464787940332007,-0.4695994053926871,-0.4777772842523266,69.140625,69.140625,0.0,86.30888037604201,143.89858362416723,107.03241890809524,165.42949179630662,320,341
ubfc,rnn,ubfc_S08,5,30,0|1|2|3|4,0.5014507917380792,0.5564105278048743,0.6058603975157193,0.4445378276338763,0.5564105278048743,0.3941396024842807,46.92470398332348,47.389053391060166,0.9444980328785315,8.48648385161903,0.5539617329442923,0.5600837200957473,105.46875,93.515625,11.953125,58.77476288951206,120.84266421947713,64.57285439325281,163.3601919812052,495,477
ubfc,rnn,ubfc_S09,5,30,0|1|2|3|4,0.5097317518657063,0.5155072855329023,0.802763817723406,0.4353535504269943,0.5155072855329023,0.197236182276594,38.05401488213408,40.588185905410974,0.9904875656769899,7.842670310695031,0.5094671911196353,0.5245674271528027,75.0,72.65625,10.3125,121.1076714817258,181.94789756340086,119.42371296039622,226.4548796974703,365,388
ubfc,rnn,ubfc_S10,5,30,0|1|2|3|4,0.7901429404608066,0.31542101787070465,0.7336057750091471,0.12435409525794316,0.31542101787070465,0.26639422499085286,21.32861828589449,23.151422367095613,1.1697080662777308,5.4280100354599226,0.3158915198424058,0.31471526491315294,116.015625,93.75,23.203125,35.73482089668856,196.23473204217999,48.14951784157419,249.94179216549492,550,450
ubfc,rnn,ubfc_S11,5,30,0|1|2|3|4,0.60918786079762,-0.4780287966463196,0.8709501043651557,0.3250484094444728,0.0,0.12904989563484426,0.22114133721159138,15.415562745038836,1.7120683550957012,4.748292132390679,-0.46558902626004983,-0.4966884522257241,93.75,83.671875,10.078125,42.46177985550942,136.68467669458667,48.85520725286277,175.46235219281954,435,414
ubfc,rnn,ubfc_S12,5,30,0|1|2|3|4,0.44064671632091235,0.26659619700606774,0.8138570392617671,0.5119746314987248,0.26659619700606774,0.1861429607382329,31.126124579806657,33.849980087385546,1.2221435556294544,8.086868126005102,0.2531825647166975,0.2867166454401232,86.71875,78.28125,8.4375,68.99952556837395,156.62061734397113,78.82544191057642,203.2011697134325,410,395
ubfc,rnn,ubfc_S13,5,25,0|1|2|3|4,0.18225457573214876,0.7085129170404589,0.5633205595358176,0.7985531212718482,0.7085129170404589,0.4366794404641824,65.657603998679,67.43196244831607,0.7668861372894429,8.766567565263504,0.7059428262166392,0.7123680532761886,105.46875,101.25,4.78125,63.351731268603174,91.15092084967311,85.06533436783226,124.84716430868289,425,416
ubfc,rnn,ubfc_S14,5,30,0|1|2|3|4,0.9296822415995337,-0.19049247717186443,0.8515336527812155,0.0,0.0,0.1484663472187845,0.001962939913653702,3.711658680469612,1.5405330732310318,2.3979573997329187,-0.18662107485932367,-0.1962995806406756,125.390625,70.078125,55.3125,60.84737290270453,222.98956628509237,81.4655549090328,261.16315066619325,585,432
ubfc,rnn,ubfc_S15,5,30,0|1|2|3|4,0.6206329820312334,-0.4813375851166495,0.8079386628504972,0.3123548129948064,0.0,0.1920613371495028,0.2406318239114748,16.51483891604281,1.720109788425441,2.816140515277961,-0.47938884211850746,-0.4842606996138624,99.609375,90.703125,10.78125,54.69088002748694,152.5834377904142,55.64287769070618,201.19814477130961,475,453
ubfc,rnn,ubfc_S16,5,30,0|1|2|3|4,0.715873207185001,-0.21966380119881934,0.9176244865103075,0.2067254396399193,0.0,0.08237551348969252,0.1668100664164265,9.811591823739287,1.5632546706739032,4.408506443339011,-0.22188258269188652,-0.21633562895921854,65.625,61.875,5.15625,159.94646684213018,195.2988147984997,145.90984387519083,234.2689994794266,310,383
ubfc,rnn,ubfc_S17,5,30,0|1|2|3|4,0.4350671426237143,0.5791653299272831,0.5544815715194655,0.5181628452736385,0.5791653299272831,0.44551842848053447,52.022620832090006,52.28776728204792,0.9227289734370733,9.761553030548868,0.5742856207898822,0.5864848936333844,108.984375,101.484375,7.96875,84.34852572528168,142.13169204819016,47.515084080005856,167.89179348910312,500,480
ubfc,rnn,ubfc_S20,5,20,0|1|2|3|4,0.6453218978921454,-0.5504993915835824,0.7959468427459852,0.28497274090300695,0.0,0.20405315725401485,0.23604079817109705,15.787806715213131,1.759672415764318,1.4421402242090218,-0.5482235054009155,-0.5539132208575828,114.2578125,104.0625,10.1953125,32.737154384593865,160.10868718401804,35.667095577357,211.76127185420356,365,324
ubfc,rnn,ubfc_S22,5,20,0|1|2|3|4,0.4582225512894046,0.32793283053062405,0.7815403877642353,0.49248156088792616,0.32793283053062405,0.2184596122357647,34.507092394538944,36.227029984089754,1.1646796622967792,7.205960304601239,0.32176064211613,0.33719111315236516,100.1953125,100.1953125,0.0,35.497410454552984,112.73221995529055,52.24026066462535,167.44224724995377,305,303
ubfc,rnn,ubfc_S23,5,20,0|1|2|3|4,0.9083058596039215,0.07176662361066287,0.7848575590347029,0.0,0.07176662361066287,0.2151424409652971,0.14261081633760866,8.069809409532287,1.3595289145790432,7.520498756980206,0.07584056521176447,0.06565571120901047,114.2578125,68.90625,45.3515625,67.60157665292803,221.8810993190374,55.20088810099019,271.816730822124,350,264
ubfc,rnn,ubfc_S24,5,30,0|1|2|3|4,0.6338631888128937,0.34076344665744973,0.7776875113514687,0.2976814074096551,0.34076344665744973,0.22231248864853126,29.111711071954694,29.499494243729714,1.1468254109417935,5.829904062161832,0.3423957384090932,0.33831500902998457,97.265625,77.8125,19.453125,57.172704644424584,174.8749592136017,55.003955072593214,216.9340163599712,445,411
ubfc,rnn,ubfc_S25,5,30,0|1|2|3|4,0.45962884302518514,-0.7623694045361876,0.9298611460578279,0.4909218657636777,0.0,0.07013885394217212,0.22162528513768326,20.163041314692215,1.8722752386355037,2.951753115921405,-0.7527072846038165,-0.7768625844347443,79.6875,79.6875,0.0,53.78058367126927,97.40305214665858,76.94412264721852,117.93692892066007,365,387
ubfc,rnn,ubfc_S26,5,30,0|1|2|3|4,0.4209778694050836,0.5897057352088367,0.6152484678050223,0.5337890273695645,0.5897057352088367,0.3847515321949777,51.05602060614781,51.74984190156449,0.9158802993320785,8.453729569028518,0.5805816386476911,0.6033918800505553,106.640625,100.078125,6.5625,73.4223431835281,132.32597089159495,66.48721367180231,152.36580729625123,495,482
ubfc,rnn,ubfc_S27,5,30,0|1|2|3|4,0.30448005114483995,0.6874124855218511,0.536161563198737,0.6629948489661995,0.6874124855218511,0.463838436801263,61.463108710756956,62.23623596333348,0.7946348398560287,9.205176636837049,0.684277735643492,0.6921146103393896,118.359375,113.671875,4.6875,47.84264130636696,74.48166968975598,63.71678789635471,102.4115138838375,550,549
ubfc,rnn,ubfc_S30,5,30,0|1|2|3|4,0.6532311937274621,0.44874537416254207,0.5483207669353947,0.27620067047358443,0.44874537416254207,0.45167923306460533,37.46854238217788,38.47745750046988,1.0519966180499623,8.331066466561781,0.44665155780572086,0.4518860986977739,114.84375,91.875,22.96875,35.81582172799855,170.87086532335132,56.99002761767395,224.24395986370186,550,470
ubfc,rnn,ubfc_S31,5,30,0|1|2|3|4,0.1818216971549821,0.6084144172432244,0.7092468543702541,0.7990332198097406,0.6084144172432244,0.29075314562974586,56.02962684361135,60.048115030229845,0.8917661869345506,10.199461589875295,0.6023765339201064,0.6174712422279016,101.953125,101.953125,0.0,88.40322472645649,115.60737742158622,54.948372782982275,108.9084404778794,490,473
ubfc,rnn,ubfc_S32,5,30,0|1|2|3|4,0.6775426359158132,0.4380579803709158,0.7422332791021369,0.24923724824770255,0.4380579803709158,0.2577667208978631,31.053525723835808,32.21773909564477,1.0599891508101003,5.97154208242773,0.43821150008244136,0.4378277008036276,114.84375,98.4375,16.40625,44.03463776131527,175.51794901955108,36.48611924108439,206.33311070536533,560,492
ubfc,rnn,ubfc_S33,5,30,0|1|2|3|4,0.5220040143763239,0.5600194408380907,0.8408744700846077,0.42174258513842755,0.5600194408380907,0.1591255299153923,36.76240587031908,40.79421422200424,0.9383613483176955,10.020908789192852,0.5597389899916985,0.5604401171076793,60.9375,59.296875,2.109375,251.3454787261278,225.21240703203287,262.0297921858225,293.9742261226067,345,369
ubfc,rnn,ubfc_S34,5,30,0|1|2|3|4,0.32668982880607894,0.4878840456572709,0.5881239392358234,0.6383623484348289,0.4878840456572709,0.4118760607641766,51.726202143899236,52.53114129755816,1.0144497627632882,7.315580035726368,0.4854458394147542,0.49154135502104596,110.15625,106.171875,6.796875,25.785743476554433,123.50655948704258,34.830330567447106,167.966259341513,520,495
ubfc,rnn,ubfc_S35,5,30,0|1|2|3|4,0.49777929611938754,-0.6340088089957898,0.9052312235947318,0.4486098232728143,0.0,0.09476877640526815,0.23100272898016372,19.19208778286224,1.8016076071047529,3.9410132865056244,-0.6228949849888568,-0.6506795450061893,84.375,84.84375,0.46875,60.63652626009457,117.09955139252868,74.43200559430134,153.94757451761197,390,415
ubfc,rnn,ubfc_S36,5,30,0|1|2|3|4,0.6802494513200208,0.5260928852232643,0.6378611048692171,0.24623516362986186,0.5260928852232643,0.3621388951307829,36.04736142229189,38.0157742102618,0.977003602609648,8.292325393936752,0.522731980243885,0.5311342426923329,98.4375,90.9375,15.0,76.46036677466387,142.63098180796467,99.46949227868761,197.12517173951517,450,430
ubfc,rnn,ubfc_S37,5,30,0|1|2|3|4,0.4335140032462437,-0.7023264761438887,0.9239898654323188,0.5198854067114149,0.0,0.07601013456768124,0.23103790372606092,21.395956115870092,1.840855499517596,3.330581686829106,-0.694374485052089,-0.7142544627815882,86.71875,86.71875,0.0,42.53316113185659,122.8499109049005,56.042312057415536,169.36802835941796,405,407
ubfc,rnn,ubfc_S38,5,30,0|1|2|3|4,0.8815288532524507,0.026746196572635286,0.7983295896414755,0.022999476596965995,0.026746196572635286,0.2016704103585245,4.188206050497139,6.907223002823161,1.398518428512634,3.9128318392411825,0.022073102555276208,0.0337558375986739,100.78125,72.1875,28.59375,62.72623940854336,190.19129501974098,87.70038782520507,231.33391404324226,480,384
ubfc,rnn,ubfc_S39,5,30,0|1|2|3|4,0.2544867666857906,0.7221616955089464,0.5318280050939801,0.7184415816974177,0.7221616955089464,0.4681719949060199,64.6749458717157,65.72692276788914,0.7493996032522289,9.909321256333689,0.7192001173227012,0.7266040627883142,93.75,91.640625,2.109375,48.94130070414049,100.83744577411129,36.066785386697354,131.8581803824397,440,439
ubfc,rnn,ubfc_S40,5,30,0|1|2|3|4,0.5689691131410972,0.5075083303733868,0.7164447202373116,0.3696543635486119,0.5075083303733868,0.28355527976268835,38.960458952551264,39.98248301614216,0.999529588239017,8.940481204904803,0.5004703011173705,0.5180653742574114,99.609375,85.546875,14.0625,65.87638750231164,144.3273993440376,93.80559228700994,200.0265798393094,465,448
ubfc,rnn,ubfc_S41,5,30,0|1|2|3|4,0.4454071206923572,0.6441567631446515,0.7417655756837563,0.5066949450021867,0.6441567631446515,0.25823442431624366,46.84414724860972,49.612799663412524,0.8515739142276378,9.720532938114305,0.6374109343035098,0.6542755064063642,84.375,77.8125,6.5625,83.56692407418304,132.81946795602312,90.29481243766524,190.85751962598684,400,391
ubfc,rnn,ubfc_S42,5,30,0|1|2|3|4,0.7314425765691474,-0.4716128452397329,0.8502945888290665,0.1894577071358967,0.0,0.1497054111709335,0.18744613002689475,10.847299296869464,1.7144942725786485,1.9828180374359918,-0.46974530535249504,-0.4744141550705897,112.5,79.921875,32.578125,41.321421969322266,171.3737259529043,44.0640285074491,204.11124598421836,525,452
ubfc,rnn,ubfc_S43,5,30,0|1|2|3|4,0.6331450842238947,-0.3323404169315337,0.7915086643212246,0.2984778454442857,0.0,0.20849133567877542,0.2414704774442371,16.405202596130096,1.6255607366048428,2.868621684174334,-0.3212238541956396,-0.34901526103537495,97.265625,82.5,15.234375,60.447786011649015,190.85904499931314,75.5169599823769,224.44241162326185,445,398
ubfc,rnn,ubfc_S44,5,30,0|1|2|3|4,0.6999561185602304,-0.4567503665928745,0.8271380032189377,0.22437882185687863,0.0,0.1728619967810623,0.2070346707858093,12.735755739159504,1.707727093996712,3.305867342006997,-0.4581659137852271,-0.4546270458043457,108.984375,92.34375,16.640625,54.259624453556135,170.49232461054117,56.3436169819011,227.58760182587798,520,442
ubfc,rnn,ubfc_S45,5,30,0|1|2|3|4,0.690159532128289,-0.14801361350163184,0.8927456913897084,0.2352440553666928,0.0,0.10725430861029162,0.18703512898925617,11.503009791508271,1.5119275810133623,5.336408940516932,-0.1429625051144586,-0.1555902760823917,91.40625,62.578125,28.828125,59.39183004485398,205.67779776978318,85.40168202937964,255.904442560847,420,387
ubfc,rnn,ubfc_S46,5,30,0|1|2|3|4,0.41785430825835207,0.44681631804789534,0.7503018550723523,0.5372533178627067,0.44681631804789534,0.24969814492764775,41.397048516242904,43.14506496983878,1.0569913594156093,6.834077327758154,0.44138463306037107,0.45496384552918184,89.0625,79.6875,9.375,48.16374126475573,163.84811352458058,58.84898863365004,234.22760960103577,415,410
ubfc,rnn,ubfc_S47,5,20,0|1|2|3|4,0.4333717945748761,0.4596608614867122,0.6574462148439089,0.5200431280189606,0.4596608614867122,0.34255378515609114,44.731249107474426,45.302744235365004,1.0382488873328288,6.71079774658047,0.4610196239760714,0.45762271775267344,103.7109375,93.515625,17.2265625,79.02042749812523,125.90938601401463,96.22504486493744,157.71853322308468,335,327
ubfc,rnn,ubfc_S48,5,30,0|1|2|3|4,0.5288542588800741,0.5425766380144472,0.6632842467239598,0.41414509118993426,0.5425766380144472,0.3367157532760402,43.51820382567498,44.29495867706531,0.9594872083672281,8.423865616371286,0.5396921484898318,0.5469033723013703,112.5,88.59375,23.90625,38.06414402829017,165.44192638861108,49.328828623162394,193.7119551204304,530,464
ubfc,rnn,ubfc_S49,5,30,0|1|2|3|4,0.6523364637300998,-0.41707643259476,0.7667976205137218,0.2771930008548976,0.0,0.2332023794862782,0.24153306466959218,16.224797019215615,1.682407813739934,2.5070418798166343,-0.4152480258665923,-0.4198190426870115,111.328125,102.65625,8.671875,59.10448985375595,156.05387261388424,75.98154957809605,220.91367437098694,515,482
ubfc,transformer,ubfc_S01,5,30,0|1|2|3|4,0.5349529595766852,0.33245300510181974,0.769995701881488,0.40738112216506095,0.33245300510181974,0.23000429811851197,32.721497738827104,33.49388722547083,1.161297092416161,5.65591678243441,0.32569453157288525,0.3425907153952215,112.5,111.5625,2.8125,63.195558521553885,119.96319439009598,55.19931603075761,150.0542201355138,515,491
ubfc,transformer,ubfc_S03,5,30,0|1|2|3|4,0.7426169964195084,0.2971335603159071,0.7466097413419963,0.17706434115537384,0.2971335603159071,0.2533902586580037,23.515463005925,24.117177771623126,1.191742667928811,4.381117443457777,0.28987470671896004,0.30802184071132765,125.390625,98.203125,27.1875,45.8594698285315,147.30032602424347,61.9179605109361,158.47538992904126,585,496
ubfc,transformer,ubfc_S04,5,30,0|1|2|3|4,0.6280403184023672,-0.5413533839043114,0.9286471887122354,0.30413945758328287,0.0,0.0713528112877646,0.18599662331889988,13.189049941567221,1.7489501279858044,2.573219914994639,-0.5294132750907802,-0.5592635471246084,69.140625,69.140625,0.0,86.30888037604201,187.81440710009727,107.03241890809524,220.7185972121417,320,372
ubfc,transformer,ubfc_S08,5,30,0|1|2|3|4,0.5561108071367252,0.6238565825595814,0.5782186181391079,0.3839153000746892,0.6238565825595814,0.4217813818608921,47.153824159342825,48.33598014530745,0.8723097002231852,9.17709096801716,0.6195378934482687,0.6303346162265503,105.46875,105.0,1.40625,58.77476288951206,84.59172895163123,64.57285439325281,107.29029555315945,495,491
ubfc,transformer,ubfc_S09,5,30,0|1|2|3|4,0.6416144359606318,0.4471004679186311,0.7801046181112314,0.28908462619024367,0.4471004679186311,0.21989538188876856,31.79364511978944,33.10432557630202,1.062819755308949,7.2304585020355265,0.43520708386251294,0.4649405440028085,75.0,76.171875,9.609375,121.1076714817258,170.41534531446672,119.42371296039622,202.41774095610006,365,416
ubfc,transformer,ubfc_S10,5,30,0|1|2|3|4,0.715135732669622,0.41602926496439374,0.6910309045518406,0.20754336054255174,0.41602926496439374,0.3089690954481594,29.755416429017345,31.10820084271444,1.0835317845904513,6.092726620600731,0.4129794358911159,0.4206040085743105,116.015625,110.625,6.328125,35.73482089668856,123.24038692170039,48.14951784157419,159.4893322561537,550,498
ubfc,transformer,ubfc_S11,5,30,0|1|2|3|4,0.5304194641663538,-0.46826464552730723,0.8843189991777959,0.41240914765037895,0.0,0.11568100082220412,0.23526841031077228,18.357368057444315,1.7057298997799162,4.780508888536486,-0.45475724550160157,-0.48852574556586575,93.75,87.65625,6.09375,42.46177985550942,120.01572986525221,48.85520725286277,160.36796479029826,435,427
ubfc,transformer,ubfc_S12,5,30,0|1|2|3|4,0.48363926713630623,0.2344885934791936,0.8011249139449904,0.46429229775553804,0.2344885934791936,0.1988750860550096,29.072845839863376,31.17616057267768,1.249387563817614,7.8953689926497015,0.2195153576889437,0.25694844716456844,86.71875,81.328125,6.328125,68.99952556837395,157.99615134960885,78.82544191057642,195.1871482318057,410,429
ubfc,transformer,ubfc_S13,5,25,0|1|2|3|4,0.1319027028073699,0.6769415205889372,0.6529458779528662,0.8543975585954919,0.6769415205889372,0.3470541220471338,62.506975228619325,66.10156852059444,0.8056103043308572,8.338685060184076,0.6754960187779717,0.6791097733053854,105.46875,106.59375,1.125,63.351731268603174,50.99753950366983,85.06533436783226,61.61409170227444,425,421
ubfc,transformer,ubfc_S14,5,30,0|1|2|3|4,0.8769851798989489,-0.20453398837970177,0.839260893141957,0.028038790272304492,0.0,0.16073910685804305,0.09320519400609754,5.069932306662494,1.5497938007595113,2.3458995422043993,-0.20093041243630597,-0.2099393522947955,125.390625,81.5625,44.296875,60.84737290270453,185.76377785470237,81.4655549090328,226.88192928496,585,457
ubfc,transformer,ubfc_S15,5,30,0|1|2|3|4,0.6363504490959039,-0.49570499113311284,0.8508074271380858,0.29492282777966494,0.0,0.14919257286191423,0.2210942494221197,14.789420363285291,1.7278310759991538,2.777238244922397,-0.4927001135941967,-0.500212307441487,99.609375,91.40625,10.546875,54.69088002748694,127.98187464790115,55.64287769070618,174.5582660182385,475,455
ubfc,transformer,ubfc_S16,5,30,0|1|2|3|4,0.762277743224263,-0.2581157105406137,0.8982450998854113,0.1552589289850187,0.0,0.10175490011458865,0.15795560918645157,8.366082339802917,1.5809396129086426,4.310795511652455,-0.24968502983186439,-0.2707617316037377,65.625,76.40625,12.65625,159.94646684213018,177.01548223957957,145.90984387519083,218.32962252995824,310,414
ubfc,transformer,ubfc_S17,5,30,0|1|2|3|4,0.4810845580378339,0.6086721633022851,0.5867511491324051,0.46712568376171326,0.6086721633022851,0.4132488508675949,50.03044419272158,50.673640536589815,0.8906007479106144,10.06937507144854,0.6034151539105271,0.6165576773899221,108.984375,105.0,4.921875,84.34852572528168,121.12635828586058,47.515084080005856,131.6879257211311,500,481
ubfc,transformer,ubfc_S20,5,20,0|1|2|3|4,0.592911549338513,-0.42340385937769,0.7917984363562726,0.3431001998216864,0.0,0.20820156364372744,0.25433367158801223,18.071296584406422,1.6851986015758402,1.8177549465972278,-0.4199471633765834,-0.42858890337935,114.2578125,111.796875,5.2734375,32.737154384593865,127.60859938643746,35.667095577357,168.2670764489727,365,333
ubfc,transformer,ubfc_S22,5,20,0|1|2|3|4,0.3449044018830506,0.4760409497379329,0.7398766398099855,0.6181608638526475,0.4760409497379329,0.2601233601900145,45.14134771929873,47.53565201439712,1.0280277323525107,8.28999353260629,0.47157949075707767,0.48273313820921565,100.1953125,100.1953125,0.0,35.497410454552984,80.1752947850891,52.24026066462535,125.69252607498629,305,308
ubfc,transformer,ubfc_S23,5,20,0|1|2|3|4,0.8230461462103713,0.07415373263711891,0.7765990911108662,0.08786168882902001,0.07415373263711891,0.22340090888913378,10.411083873624365,11.660601027208555,1.3643839318291313,7.489535806945463,0.06922824328324025,0.08154196666793694,114.2578125,83.671875,34.1015625,67.60157665292803,169.83473329497787,55.20088810099019,204.06782735384715,350,310
ubfc,transformer,ubfc_S24,5,30,0|1|2|3|4,0.5103116165725858,0.3586786962053694,0.7615183505713176,0.43471043198077675,0.3586786962053694,0.23848164942868244,34.809946713580544,35.714133542697546,1.1353691623292501,5.917108324337534,0.3554684326158885,0.3634940915895907,97.265625,92.578125,5.15625,57.172704644424584,145.17498050470078,55.003955072593214,184.99249234015477,445,435
ubfc,transformer,ubfc_S25,5,30,0|1|2|3|4,0.48155866767123034,-0.7218483233869408,0.9271248059181733,0.46659985653486313,0.0,0.07287519408182674,0.21953266850191006,19.31937447210304,1.8501877854432986,3.0548307992217865,-0.7115974207017891,-0.7372246774146684,79.6875,79.6875,0.0,53.78058367126927,114.09154267793078,76.94412264721852,152.31135231432495,365,385
ubfc,transformer,ubfc_S26,5,30,0|1|2|3|4,0.5332513708803427,0.5035495319003498,0.7019351169629365,0.40926832631028665,0.5035495319003498,0.29806488303706347,40.864536514187435,41.68229175882545,1.0044995444857427,7.651509034271537,0.49549033256396774,0.515638330904923,106.640625,101.71875,4.921875,73.4223431835281,119.98000292109381,66.48721367180231,144.4492139017218,495,478
ubfc,transformer,ubfc_S27,5,30,0|1|2|3|4,0.43183649762189635,0.5389456570268671,0.6426066732397592,0.5217459007160545,0.5389456570268671,0.3573933267602408,48.04665063474063,48.71076658436559,0.9631443779457459,7.5347008040472465,0.5361764536157512,0.5430994621435411,118.359375,114.84375,4.453125,47.84264130636696,75.11874908118656,63.71678789635471,101.40666250126688,550,532
ubfc,transformer,ubfc_S30,5,30,0|1|2|3|4,0.46367600456191405,0.4739273073509995,0.5826064850773043,0.4864332252097472,0.4739273073509995,0.4173935149226957,46.361986473323334,46.4483578440954,1.029438299115316,8.519346906406552,0.4701283941572827,0.47962567714157484,114.84375,108.28125,7.96875,35.81582172799855,104.5739277111735,56.99002761767395,129.8368320029393,550,513
ubfc,transformer,ubfc_S31,5,30,0|1|2|3|4,0.30289808066663615,0.5655841058579493,0.7421812736517927,0.6647493865054462,0.5655841058579493,0.25781872634820735,49.37553253827437,52.582974122332516,0.935719972609209,9.781563625102978,0.5622140664301104,0.5706391649997077,101.953125,101.953125,0.0,88.40322472645649,93.35641734886734,54.948372782982275,77.44066541106372,490,483
ubfc,transformer,ubfc_S32,5,30,0|1|2|3|4,0.5534758403855944,0.4430623420102048,0.7133216708176019,0.386837698528531,0.4430623420102048,0.2866783291823981,37.76559463894166,38.288209749762544,1.0642178703028262,5.936959540349881,0.4337201622640585,0.4570756116294242,114.84375,105.0,11.25,44.03463776131527,119.66426137391173,36.48611924108439,163.7597278330633,560,517
ubfc,transformer,ubfc_S33,5,30,0|1|2|3|4,0.5843426292404802,0.5200223012476817,0.8305488442814891,0.35260384871396855,0.5200223012476817,0.16945115571851088,33.962684855653784,36.959759516524656,0.9826627278756144,9.620221327656381,0.5171869816220283,0.5242752806861619,60.9375,61.875,1.875,251.3454787261278,208.07136633480576,262.0297921858225,274.60445862303874,345,398
ubfc,transformer,ubfc_S34,5,30,0|1|2|3|4,0.20146836098958257,0.5059399601157037,0.6519129741623787,0.7772434268308559,0.5059399601157037,0.3480870258376213,54.12750067248096,56.82155265643652,0.9993078426768983,7.446205017793288,0.5006919177822214,0.5138120236159273,110.15625,110.625,0.46875,25.785743476554433,59.46455709007932,34.830330567447106,87.60649016677682,520,516
ubfc,transformer,ubfc_S35,5,30,0|1|2|3|4,0.44594327496855724,-0.637781920616086,0.9158688471778499,0.5061003050785082,0.0,0.08413115282215011,0.23459996049752196,21.08204026099781,1.8041996387232522,3.928525594890539,-0.627568168184557,-0.6531025492633793,84.375,85.3125,0.9375,60.63652626009457,110.263980353552,74.43200559430134,158.0093888570135,390,400
ubfc,transformer,ubfc_S36,5,30,0|1|2|3|4,0.5117177840281825,0.568586286378048,0.6384963201357304,0.4331508746936441,0.568586286378048,0.36150367986426957,45.84759106776298,46.602735536795194,0.9414489209846985,8.614313456379934,0.5568369645883734,0.5862102690625599,98.4375,99.84375,6.09375,76.46036677466387,96.3480983974957,99.46949227868761,124.07212715998541,450,463
ubfc,transformer,ubfc_S37,5,30,0|1|2|3|4,0.4513159693331307,-0.7308104891703396,0.9277461650869189,0.500141537782012,0.0,0.07225383491308113,0.22484077445153777,20.56165353965248,1.857272862884832,3.253461409123032,-0.7247312436042096,-0.7399293575195347,86.71875,86.71875,0.0,42.53316113185659,98.80725188451896,56.042312057415536,147.36300920340028,405,414
ubfc,transformer,ubfc_S38,5,30,0|1|2|3|4,0.7074215188806314,0.04914734628048025,0.780795074393321,0.21609906867051043,0.04914734628048025,0.21920492560667904,12.445717538397298,15.426863700829127,1.3805546953718941,4.025123362179156,0.04703436654330807,0.052316815886238516,100.78125,80.625,22.5,62.72623940854336,147.59117051776855,87.70038782520507,181.9022398206408,480,461
ubfc,transformer,ubfc_S39,5,30,0|1|2|3|4,0.2634135512705017,0.6057612815557869,0.6804866301066815,0.7085410311660144,0.6057612815557869,0.31951336989331847,54.74849717696137,57.274170974400505,0.889916241249581,8.416607775941962,0.6040245417801088,0.6083663912193041,93.75,93.046875,0.703125,48.94130070414049,86.52217367822695,36.066785386697354,111.97730005372297,440,444
ubfc,transformer,ubfc_S40,5,30,0|1|2|3|4,0.40484766983111287,0.5332348552621814,0.7005894172177513,0.5516787674487897,0.5332348552621814,0.29941058278224875,46.751288658756266,48.16952542121764,0.9729064952953063,9.174972242347751,0.526726475706102,0.5429974245963005,99.609375,92.578125,7.03125,65.87638750231164,123.45670282775694,93.80559228700994,177.1053204288037,465,448
ubfc,transformer,ubfc_S41,5,30,0|1|2|3|4,0.41151696888382233,0.6169814993427793,0.7423423469560718,0.5442819571355355,0.6169814993427793,0.2576576530439282,47.320223957583345,49.98882094403502,0.8826441267262554,9.409267214037278,0.6104696727778229,0.626749239190214,84.375,79.21875,6.09375,83.56692407418304,128.93786467247122,90.29481243766524,177.4975389803645,400,402
ubfc,transformer,ubfc_S42,5,30,0|1|2|3|4,0.6642951053672201,-0.5226827688685939,0.857603745666518,0.26392986733893586,0.0,0.14239625433348202,0.20962006131686364,13.457276383547146,1.7417375275644944,1.8458846250812122,-0.516824807463239,-0.5314697109766262,112.5,92.578125,19.921875,41.321421969322266,116.34263679879403,44.0640285074491,151.0484320197625,525,485
ubfc,transformer,ubfc_S43,5,30,0|1|2|3|4,0.6460407524120392,-0.410061621220439,0.8536147581163155,0.28417547113230757,0.0,0.1463852418836845,0.21700477709911664,14.316211214553649,1.6708139311953236,2.630123947092431,-0.39580959633818624,-0.4314396585438182,97.265625,95.859375,10.3125,60.447786011649015,134.68312256269797,75.5169599823769,165.19890830419342,445,452
ubfc,transformer,ubfc_S44,5,30,0|1|2|3|4,0.6476172852005444,-0.5203632216810234,0.8694495498347992,0.28242696444561743,0.0,0.13055045016520084,0.2103945097742409,13.854772420840675,1.7426902623192169,3.129832628109534,-0.5184846751911104,-0.5231810414158931,108.984375,101.953125,7.03125,54.259624453556135,141.25502730176254,56.3436169819011,173.17558397861586,520,465
ubfc,transformer,ubfc_S45,5,30,0|1|2|3|4,0.617175281494965,-0.224056168991017,0.8900347812207231,0.31618969201052904,0.0,0.1099652187792769,0.21027818800068634,14.60624391987676,1.561746802040515,5.05481622669253,-0.21952653684188786,-0.23085061721471067,91.40625,71.953125,19.453125,59.39183004485398,186.93522318002542,85.40168202937964,242.83985137460013,420,408
ubfc,transformer,ubfc_S46,5,30,0|1|2|3|4,0.5009061104604418,0.43698858664309226,0.7668772012629073,0.44514192471514724,0.43698858664309226,0.23312279873709274,37.60619638066817,38.9079641443613,1.0686163496968422,6.739069778696213,0.42902954858029835,0.44892714373728315,89.0625,87.1875,3.28125,48.16374126475573,146.583983055331,58.84898863365004,180.96151158939008,415,428
ubfc,transformer,ubfc_S47,5,20,0|1|2|3|4,0.2668095471465155,0.4795708125787499,0.6988406649961842,0.7047745877780451,0.4795708125787499,0.30115933500381575,49.3216616674813,51.9419358884752,1.0241785293797399,6.829313890680501,0.4755291699787764,0.48563327647871013,103.7109375,109.3359375,5.625,79.02042749812523,76.68093148299376,96.22504486493744,91.74814177402905,335,336
ubfc,transformer,ubfc_S48,5,30,0|1|2|3|4,0.510254193613737,0.5318965645396049,0.6753155925129657,0.43477411884365,0.5318965645396049,0.3246844074870343,43.59126116199603,44.36726081404792,0.9827061073578782,8.21617629796872,0.5171443532807629,0.5540248814278678,112.5,97.5,17.8125,38.06414402829017,114.3945745647768,49.328828623162394,145.0191762434288,530,499
ubfc,transformer,ubfc_S49,5,30,0|1|2|3|4,0.6211836628028821,-0.4632552291968378,0.8271800538715384,0.31174406197301996,0.0,0.17281994612846163,0.23419239477037848,16.01090097719979,1.709589411778299,2.3678310262004905,-0.4613479784322349,-0.4661161053437422,111.328125,108.046875,3.28125,59.10448985375595,119.06030253123808,75.98154957809605,156.17298894058158,515,479
