dataset,model,participant,n_recordings,n_chunks,folds,BWMD,WCR,EDD,s_BWMD,s_WCR,s_EDD,RPFI,RPFI_alt_agg,RMSE,PSNR_dB,CCC,Spearman,HR_label_bpm,HR_pred_bpm,HR_MAE_bpm,PRV_sdnn_label_ms,PRV_sdnn_pred_ms,PRV_rmssd_label_ms,PRV_rmssd_pred_ms,PRV_n_rr_label,PRV_n_rr_pred
ubfc,bilstm,ubfc_S01,5,30,0|1|2|3|4,0.6002163615956044,0.6201833850389211,0.7258287072645596,0.3349985522253489,0.6201833850389211,0.2741712927354404,40.14131923951025,42.67360496579613,0.8709152517365684,8.15526563370309,0.6207533121463147,0.619328494377831,112.5,98.203125,15.703125,63.195558521553885,160.9274010155772,55.19931603075761,183.89184563047274,515,481
ubfc,bilstm,ubfc_S03,5,30,0|1|2|3|4,0.5929528490685866,0.5065597378034512,0.7748965920906197,0.34305439496769374,0.5065597378034512,0.22510340790938033,35.734946683966065,37.48811517665245,0.995139369413128,5.947089056373289,0.5048488177220211,0.5091261179255965,125.390625,99.84375,25.546875,45.8594698285315,162.43975454762673,61.9179605109361,170.15107666097467,585,510
ubfc,bilstm,ubfc_S04,5,30,0|1|2|3|4,0.5283337412852754,-0.5299590204744092,0.934620096324971,0.4147223887264532,0.0,0.065379903675029,0.2044184658439888,17.186587169117722,1.7374391080490892,2.6305765698829253,-0.5093473270892078,-0.5608765605522114,69.140625,68.90625,2.578125,86.30888037604201,174.2931541508931,107.03241890809524,181.19727232802967,320,345
ubfc,bilstm,ubfc_S08,5,30,0|1|2|3|4,0.5771165136220198,0.6633939688307494,0.6678738462224453,0.3606182151577225,0.6633939688307494,0.3321261537775547,44.39999906175324,46.70361074400656,0.824154757277852,9.670329609473924,0.6603844680281423,0.66790822003466,105.46875,98.671875,6.796875,58.77476288951206,128.12667904703844,64.57285439325281,156.89045418576174,495,474
ubfc,bilstm,ubfc_S09,5,30,0|1|2|3|4,0.4353063441067416,0.5994697966482402,0.77275754370109,0.5178975508277577,0.5994697966482402,0.22724245629891004,44.527319848844265,47.58233693782267,0.8980604773552988,8.693539188640022,0.5967436895061865,0.6035589573613208,75.0,70.078125,4.921875,121.1076714817258,173.99283519210653,119.42371296039622,214.78731395880087,365,376
ubfc,bilstm,ubfc_S10,5,30,0|1|2|3|4,0.6271645247960093,0.5117672925693635,0.7492063247679829,0.30511078592357654,0.5117672925693635,0.2507936752320171,35.26979436252468,36.90276982428568,0.9937617710222474,6.8439140139867565,0.5062187712273635,0.5200900745823634,116.015625,103.59375,16.171875,35.73482089668856,162.41785436947782,48.14951784157419,187.16443313440996,550,485
ubfc,bilstm,ubfc_S11,5,30,0|1|2|3|4,0.6554824291084188,-0.370293691332678,0.8764595958025343,0.2737038621955603,0.0,0.1235404041974657,0.20508438826552128,13.352404937270155,1.651983925438696,5.058597791761161,-0.36452544495392175,-0.37894606090081234,93.75,70.546875,23.203125,42.46177985550942,185.90191532145718,48.85520725286277,226.1952753716859,435,406
ubfc,bilstm,ubfc_S12,5,30,0|1|2|3|4,0.4903529712257889,0.32464444080094523,0.8073757040528295,0.45684623854350614,0.32464444080094523,0.19262429594717045,32.38691079329208,34.12150787409619,1.1639930313323872,8.51030496227818,0.32256011150482006,0.327770934745133,86.71875,71.71875,15.0,68.99952556837395,181.71377369214966,78.82544191057642,231.0127937299379,410,394
ubfc,bilstm,ubfc_S13,5,25,0|1|2|3|4,0.1413594351845188,0.7670733037271209,0.7170595400762635,0.8439092516498674,0.7670733037271209,0.2829404599237365,61.95815758781029,67.48535732473047,0.6807418664042512,9.801536089856839,0.7682952556622282,0.7652403758244599,105.46875,105.46875,0.0,63.351731268603174,53.352547202876615,85.06533436783226,68.82472016116861,425,424
ubfc,bilstm,ubfc_S14,5,30,0|1|2|3|4,0.8765470878579776,-0.29632481017088563,0.8780933031770847,0.02852467097748801,0.0,0.12190669682291533,0.08754163071365653,4.117342582228684,1.6097531514412846,2.0161922496740305,-0.2956526042875736,-0.29733311899585363,125.390625,77.109375,49.21875,60.84737290270453,221.24062964732386,81.4655549090328,242.5261635481431,585,443
ubfc,bilstm,ubfc_S15,5,30,0|1|2|3|4,0.7122144815833771,-0.2639636258340016,0.8191261593580297,0.21078327226214444,0.0,0.18087384064197032,0.2045419978063606,12.426218725879675,1.5888207415498554,3.505765844943994,-0.26217567438951633,-0.26664555300072956,99.609375,80.859375,20.15625,54.69088002748694,170.57094783707808,55.64287769070618,220.2587645307969,475,433
ubfc,bilstm,ubfc_S16,5,30,0|1|2|3|4,0.7393803145825123,-0.28907473125110295,0.9112937959480873,0.1806540919527817,0.0,0.08870620405191265,0.16154980009815104,8.99218354952713,1.6008489454400578,4.202094057134168,-0.28135867305827245,-0.30064881854034864,65.625,63.515625,4.453125,159.94646684213018,206.33807143885835,145.90984387519083,240.7464858989277,310,392
ubfc,bilstm,ubfc_S17,5,30,0|1|2|3|4,0.47854333735514476,0.764017290733638,0.6084273712665319,0.46994410998693004,0.764017290733638,0.3915726287334681,53.87460586229176,56.062868245358,0.6913433899336664,12.269159885061294,0.761022158597513,0.7685099889378256,108.984375,105.234375,4.21875,84.34852572528168,123.66553103227302,47.515084080005856,119.17811255196366,500,491
ubfc,bilstm,ubfc_S20,5,20,0|1|2|3|4,0.6553231664416641,-0.2611184832507568,0.7867078479821393,0.27388049780998647,0.0,0.21329215201786067,0.23514141902503832,15.602822468321008,1.5866612857259799,2.34109224482422,-0.25874701781080967,-0.2646756814106775,114.2578125,86.484375,28.4765625,32.737154384593865,190.1360443498673,35.667095577357,204.5740974873321,365,307
ubfc,bilstm,ubfc_S22,5,20,0|1|2|3|4,0.3533795103596255,0.3741011215585368,0.7070943067177267,0.6087612598927667,0.3741011215585368,0.29290569328227334,42.23966448070996,44.17998163648072,1.1191327083370404,7.552458365145929,0.3737709905651006,0.3745963180486912,100.1953125,100.1953125,0.0,35.497410454552984,104.0426712646534,52.24026066462535,158.43522790007785,305,304
ubfc,bilstm,ubfc_S23,5,20,0|1|2|3|4,0.8981759886912524,0.07984279334877299,0.7693331837638892,0.004536411419247877,0.07984279334877299,0.23066681623611085,3.5510095430552004,8.930890584703555,1.3479415554800462,7.594846483351514,0.09152678150501667,0.06231681111440747,114.2578125,69.9609375,44.296875,67.60157665292803,207.4070569583755,55.20088810099019,231.23940934780103,350,269
ubfc,bilstm,ubfc_S24,5,30,0|1|2|3|4,0.5965761379224069,0.29650378177860853,0.7942246565504273,0.3390358646618815,0.29650378177860853,0.2057753434495727,28.457830511397948,28.977120327757692,1.1845007575559945,5.549143352276693,0.2984789776746375,0.29354098793456507,97.265625,78.28125,19.921875,57.172704644424584,184.98825601162,55.003955072593214,215.9406726225647,445,428
ubfc,bilstm,ubfc_S25,5,30,0|1|2|3|4,0.564070495885684,-0.568698025480181,0.9327245334332915,0.3750873396903558,0.0,0.06727546656670846,0.19827311592291297,15.747661902556054,1.7635991704627973,3.4711492718294217,-0.5551410170285332,-0.5890335381576526,79.6875,77.8125,1.875,53.78058367126927,137.41580534069968,76.94412264721852,160.38945258538217,365,378
ubfc,bilstm,ubfc_S26,5,30,0|1|2|3|4,0.44838116887853435,0.6135557233071832,0.7515282057454352,0.5033964768840578,0.6135557233071832,0.24847179425456478,45.44444907050774,48.09750236353565,0.8826306919533555,8.774923412893303,0.6104815308109703,0.6181670120515026,106.640625,94.453125,12.1875,73.4223431835281,134.80982162457084,66.48721367180231,165.33090452847208,495,486
ubfc,bilstm,ubfc_S27,5,30,0|1|2|3|4,0.4287681553186255,0.7891955325034112,0.694359125087592,0.5251489488945895,0.7891955325034112,0.305640874912408,53.438348519169566,56.92893992523522,0.6518559702712623,10.925495731833676,0.7875418970108553,0.7916759857422452,118.359375,112.96875,5.390625,47.84264130636696,79.42840107629225,63.71678789635471,85.01526392322454,550,547
ubfc,bilstm,ubfc_S30,5,30,0|1|2|3|4,0.5164934927040516,0.6119566056384016,0.6482551352862507,0.42785421444380634,0.6119566056384016,0.35174486471374933,46.592188130506415,47.78652737092653,0.8842840081321384,9.839517918214153,0.60902089648088,0.6163601693746842,114.84375,103.125,13.59375,35.81582172799855,136.0737933020638,56.99002761767395,146.92617733849062,550,499
ubfc,bilstm,ubfc_S31,5,30,0|1|2|3|4,0.13772020459101478,0.7856354532021355,0.7625080299382982,0.8479454626779821,0.7856354532021355,0.23749197006170175,59.945709581453684,67.19658359704694,0.6564951662805978,12.859850958574182,0.7845070483251051,0.7873280605176809,101.953125,101.484375,0.46875,88.40322472645649,101.45733351115976,54.948372782982275,72.76561212545528,490,486
ubfc,bilstm,ubfc_S32,5,30,0|1|2|3|4,0.4352377378362385,0.6877646381234684,0.7948182559430712,0.5179736409183655,0.6877646381234684,0.2051817440569288,45.70250370560369,50.34472906549199,0.7933271905771173,8.488523694557525,0.6853159843455091,0.6914376187904073,114.84375,105.234375,11.015625,44.03463776131527,135.19860824021572,36.48611924108439,141.55984093717933,560,512
ubfc,bilstm,ubfc_S33,5,30,0|1|2|3|4,0.5477447171185074,0.6937788449463702,0.8096242384640635,0.39319399344850436,0.6937788449463702,0.1903757615359365,40.58246159356255,45.52087547820621,0.7880881169883459,11.53681541871874,0.6894585599308817,0.700259272469603,60.9375,60.9375,0.9375,251.3454787261278,225.5838707351173,262.0297921858225,245.30971251817124,345,319
ubfc,bilstm,ubfc_S34,5,30,0|1|2|3|4,0.3083501364110785,0.6991665937265277,0.6839964915259207,0.6587026008027501,0.6991665937265277,0.3160035084740793,56.05950310642023,58.820182506699894,0.7793206974956524,9.605866723077032,0.6963296252274453,0.703422046475151,110.15625,108.984375,1.171875,25.785743476554433,99.2765051325641,34.830330567447106,128.37263011928474,520,505
ubfc,bilstm,ubfc_S35,5,30,0|1|2|3|4,0.5385297334695,-0.4076385469788071,0.9074860730682814,0.4034141808404247,0.0,0.09251392693171856,0.22065230274445788,17.440879954808892,1.6713344500589868,4.592950123640897,-0.39667942197698763,-0.42407723448153617,84.375,73.828125,12.421875,60.63652626009457,174.65626423837588,74.43200559430134,233.97594907328565,390,400
ubfc,bilstm,ubfc_S36,5,30,0|1|2|3|4,0.6105275812806609,0.5978575379832349,0.6966893398154647,0.32356254740597135,0.5978575379832349,0.30331066018453534,40.080248158512774,42.136019706708616,0.8976590512978666,9.028020410131335,0.597104113811507,0.5989876742408268,98.4375,85.3125,16.40625,76.46036677466387,154.59447187694178,99.46949227868761,200.5114112417529,450,426
ubfc,bilstm,ubfc_S37,5,30,0|1|2|3|4,0.5314480497628103,-0.48481302509363494,0.9275830729680462,0.4112683602171262,0.0,0.07241692703195379,0.20905329173242057,17.23298668394108,1.717345035555201,3.933824493150364,-0.4746369855730469,-0.5000770843745169,86.71875,79.453125,7.265625,42.53316113185659,160.77504338259223,56.042312057415536,206.67217336083039,405,401
ubfc,bilstm,ubfc_S38,5,30,0|1|2|3|4,0.8219736624120356,0.09528424722919152,0.7882817807044655,0.08905116303877292,0.09528424722919152,0.21171821929553447,11.341939382047464,12.20553336743703,1.344580180270628,4.254461604260013,0.09605206941170244,0.0941325139554251,100.78125,68.671875,33.046875,62.72623940854336,210.12366730389573,87.70038782520507,250.52464681990477,480,396
ubfc,bilstm,ubfc_S39,5,30,0|1|2|3|4,0.41281655124798916,0.7039417446697853,0.7352141213212174,0.5428406116270765,0.7039417446697853,0.26478587867878256,50.0094524199003,53.37398532810188,0.7732095132697502,9.63764665739681,0.7010735242945781,0.7082440752325959,93.75,90.0,3.75,48.94130070414049,100.76650068276656,36.066785386697354,111.82508210879841,440,431
ubfc,bilstm,ubfc_S40,5,30,0|1|2|3|4,0.5220148921646409,0.5315553021614046,0.7297224350851172,0.4217305207616209,0.5315553021614046,0.27027756491488275,41.1548768887295,42.50515748248552,0.9691945045217734,9.208175439772946,0.530331006202397,0.5333917460999158,99.609375,79.21875,20.390625,65.87638750231164,151.48275778793496,93.80559228700994,207.07071326081004,465,428
ubfc,bilstm,ubfc_S41,5,30,0|1|2|3|4,0.38794009232272947,0.7278347196181798,0.7746273900477507,0.5704306846589421,0.7278347196181798,0.22537260995224928,49.55228107408088,54.3192679091983,0.7399912796459654,10.940447890454113,0.7262064530239634,0.7302771195095046,84.375,76.40625,7.96875,83.56692407418304,128.24034568406086,90.29481243766524,151.47947631950584,400,380
ubfc,bilstm,ubfc_S42,5,30,0|1|2|3|4,0.7773824479496034,-0.4646806974384465,0.8772361941710263,0.13850654844126908,0.0,0.12276380582897373,0.1586057584204803,8.263090712271934,1.7099844313714703,2.0056956833745687,-0.46202337776640484,-0.4686666769465089,112.5,76.640625,37.265625,41.321421969322266,185.27634008937073,44.0640285074491,201.76725973326543,525,440
ubfc,bilstm,ubfc_S43,5,30,0|1|2|3|4,0.7471565116696639,-0.23613063295627132,0.8042607817246479,0.17202963916433267,0.0,0.19573921827535212,0.19331728705840476,11.344591925546279,1.5673354367919734,3.185446643556994,-0.22827018571194324,-0.24792130382276345,97.265625,72.890625,27.1875,60.447786011649015,217.54298717048206,75.5169599823769,243.8492617632099,445,400
ubfc,bilstm,ubfc_S44,5,30,0|1|2|3|4,0.6695923261065979,-0.43391435168572157,0.8801547785418706,0.2580548066036258,0.0,0.11984522145812937,0.1990889530861919,12.673185784089203,1.6916511590226329,3.3880205050664696,-0.4308418219113085,-0.43852314634734113,108.984375,79.6875,29.765625,54.259624453556135,167.7906114310037,56.3436169819011,201.52673971441945,520,465
ubfc,bilstm,ubfc_S45,5,30,0|1|2|3|4,0.7524405931117291,-0.15814589772192506,0.8493818773748301,0.16616915100840512,0.0,0.15061812262516994,0.17872105024070287,9.99679622844444,1.5240417868069445,5.267091236494617,-0.161351683966852,-0.15333721835453465,91.40625,61.40625,30.0,59.39183004485398,227.34252829381376,85.40168202937964,297.79384438795523,420,367
ubfc,bilstm,ubfc_S46,5,30,0|1|2|3|4,0.49317569693517876,0.4503117883771484,0.7805583238633418,0.45371559970519826,0.4503117883771484,0.21944167613665821,37.73037862149306,39.38706895650446,1.0502789619410628,6.88941274464449,0.4484570510520015,0.45309389436486874,89.0625,77.34375,11.71875,48.16374126475573,171.08283610644352,58.84898863365004,209.01887208787846,415,405
ubfc,bilstm,ubfc_S47,5,20,0|1|2|3|4,0.3700440928882952,0.6238446155384886,0.7171338613100611,0.5902788444335194,0.6238446155384886,0.28286613868993893,50.141273381426764,52.601283216198766,0.8655950131154881,8.290532319697192,0.6253726366347988,0.6215525838940231,103.7109375,105.8203125,9.140625,79.02042749812523,98.94614497876492,96.22504486493744,105.89800500664519,335,332
ubfc,bilstm,ubfc_S48,5,30,0|1|2|3|4,0.3714848854809608,0.6643598199027607,0.7086973678846181,0.5886808849741427,0.6643598199027607,0.2913026321153819,51.664512642218405,54.27159223576843,0.8270197309563654,9.714331979927929,0.6580191823044309,0.6738707763002555,112.5,102.890625,11.484375,38.06414402829017,127.02637974815975,49.328828623162394,148.94481340011382,530,502
ubfc,bilstm,ubfc_S49,5,30,0|1|2|3|4,0.7096053634224491,-0.3593314725034358,0.8288476704996989,0.2136770024680812,0.0,0.17115232950030113,0.20277054671746864,12.291695830060572,1.6468993211713923,2.692326403277118,-0.3561386870373961,-0.3641206507024953,111.328125,88.828125,22.5,59.10448985375595,175.35575331931136,75.98154957809605,223.99411790093052,515,453
ubfc,bimamba,ubfc_S01,5,30,0|1|2|3|4,0.5303042713735955,0.6721292771211838,0.7132773770009907,0.41253690608957216,0.6721292771211838,0.2867226229990093,45.23335988561913,47.84304744537858,0.812577693083128,8.757485638366214,0.6698587463518504,0.6755350732751838,112.5,109.921875,3.046875,63.195558521553885,125.46040625779786,55.19931603075761,148.89168306089843,515,487
ubfc,bimamba,ubfc_S03,5,30,0|1|2|3|4,0.6243929189493933,0.5393572282675608,0.7295829210013057,0.30818472855960144,0.5393572282675608,0.27041707899869427,36.793100436607304,38.54325035598595,0.9629191216680337,6.232970996176681,0.5363933825630312,0.5438029968243553,125.390625,108.75,16.640625,45.8594698285315,137.02968241895277,61.9179605109361,165.5312380634661,585,519
ubfc,bimamba,ubfc_S04,5,30,0|1|2|3|4,0.5589254235684782,-0.6128965662285888,0.9278003748718272,0.3807936551033505,0.0,0.0721996251281728,0.2029515509109655,16.084752694579965,1.7835611199215176,2.4030084956849334,-0.5905451342478494,-0.6464237141996979,69.140625,68.203125,1.40625,86.30888037604201,157.9379515092532,107.03241890809524,161.66116939637607,320,341
ubfc,bimamba,ubfc_S08,5,30,0|1|2|3|4,0.46105072107639816,0.6496784522919388,0.6252369909881123,0.4893448841123407,0.6496784522919388,0.37476300901188775,50.91042792828141,52.082450340457676,0.842175992223388,9.482447868606469,0.6453697990612761,0.6561414321379325,105.46875,105.46875,0.9375,58.77476288951206,101.65309767444647,64.57285439325281,133.1958998661285,495,485
ubfc,bimamba,ubfc_S09,5,30,0|1|2|3|4,0.49514498708471005,0.6042542989590809,0.76047803656241,0.4515314922641134,0.6042542989590809,0.23952196343759002,42.98349832143039,45.580016256809536,0.8910328536798306,8.761776520422844,0.6030302268315889,0.6060904071503189,75.0,72.421875,6.796875,121.1076714817258,166.99720492521212,119.42371296039622,206.33687592633845,365,386
ubfc,bimamba,ubfc_S10,5,30,0|1|2|3|4,0.7384347898867372,0.5252073417534127,0.7273741811677189,0.18170275790191237,0.5252073417534127,0.2726258188322811,29.941693547508752,33.32477420788172,0.9779281519765877,6.983420761437889,0.5218282647858283,0.5302759572047892,116.015625,107.578125,9.375,35.73482089668856,135.71993565903708,48.14951784157419,176.1549360032885,550,499
ubfc,bimamba,ubfc_S11,5,30,0|1|2|3|4,0.6307299233503252,-0.45603657837187844,0.8577305221562711,0.30115646080050207,0.0,0.1422694778437289,0.22020389858388797,14.850104226112048,1.7023287642923706,4.797845384300302,-0.44896161086859465,-0.46664902962680416,93.75,78.046875,15.703125,42.46177985550942,162.27925441577258,48.85520725286277,220.8274788465231,435,406
ubfc,bimamba,ubfc_S12,5,30,0|1|2|3|4,0.4750542139013735,0.38008566817219647,0.7979159580769377,0.4738138396456395,0.38008566817219647,0.20208404192306229,35.25262558456476,37.0733325912454,1.1169716981008466,8.868469185991643,0.3761871128208554,0.38593350119920816,86.71875,75.46875,11.25,68.99952556837395,166.7824246472508,78.82544191057642,231.89907720330638,410,403
ubfc,bimamba,ubfc_S13,5,25,0|1|2|3|4,0.12948453564553897,0.8133644823386097,0.6180473553128134,0.8570795081767657,0.8133644823386097,0.3819526446871866,68.66607898348788,72.19046576150623,0.6108298385654974,10.74278043348775,0.8134434541590237,0.8132460246079887,105.46875,105.75,0.28125,63.351731268603174,55.75817967492361,85.06533436783226,71.48026027811885,425,421
ubfc,bimamba,ubfc_S14,5,30,0|1|2|3|4,0.9010707196920383,-0.26095408195251113,0.8556998626865212,0.001325912691947373,0.0,0.1443001373134788,0.02889081438127163,3.657225158784996,1.587957106738199,2.1346025842728866,-0.26080388642017605,-0.2611793752510137,125.390625,79.21875,46.171875,60.84737290270453,191.78118376600221,81.4655549090328,228.9177849302383,585,441
ubfc,bimamba,ubfc_S15,5,30,0|1|2|3|4,0.665153749043538,-0.2529360446437332,0.7731998335013758,0.26297755970507464,0.0,0.22680016649862422,0.23516915105615468,15.531662651405902,1.5811514061408236,3.5477946879941142,-0.25001988457055174,-0.2573102847535053,99.609375,89.765625,14.0625,54.69088002748694,148.4340699521534,55.64287769070618,187.02919472294928,475,445
ubfc,bimamba,ubfc_S16,5,30,0|1|2|3|4,0.6969626046955746,-0.3391631285099903,0.8964984062122947,0.22769887904009345,0.0,0.10350159378770529,0.1831247707747741,11.126247808696137,1.630241990097199,4.04405964090307,-0.32884447313803783,-0.35464111156791894,65.625,65.15625,7.03125,159.94646684213018,202.44439443014417,145.90984387519083,258.1560975593463,310,382
ubfc,bimamba,ubfc_S17,5,30,0|1|2|3|4,0.4558858316900769,0.7791536087740409,0.6402491863004303,0.49507317831201936,0.7791536087740409,0.35975081369956974,54.182635775835955,56.77727485821651,0.6703313806568846,12.5372451660436,0.7753279200533175,0.784892141855126,108.984375,106.875,2.109375,84.34852572528168,116.34435459964413,47.515084080005856,120.8209466500957,500,494
ubfc,bimamba,ubfc_S20,5,20,0|1|2|3|4,0.717253089027577,-0.24565577656277357,0.76680889641298,0.20519503529553895,0.0,0.23319110358702,0.21576975216377703,13.52459141325821,1.577603507116111,2.390819486639476,-0.24441641283252663,-0.24751482215814397,114.2578125,86.8359375,28.125,32.737154384593865,190.87319929544122,35.667095577357,232.29654716279097,365,310
ubfc,bimamba,ubfc_S22,5,20,0|1|2|3|4,0.32082253677514266,0.30371014241457095,0.6842411352105705,0.6448696658998738,0.30371014241457095,0.3157588647894295,40.673646005425,43.46571443152742,1.1817328677439538,7.079703845735274,0.30175371464682554,0.30664478406618906,100.1953125,100.1953125,0.0,35.497410454552984,79.32748191712584,52.24026066462535,120.26526750438482,305,308
ubfc,bimamba,ubfc_S23,5,20,0|1|2|3|4,0.8295340905014565,0.07584285551011873,0.7420052990719468,0.08066601611066715,0.07584285551011873,0.2579947009280532,10.540948178415048,12.3189502089808,1.3530616980957018,7.561915721862982,0.08461202057318809,0.06268910791551467,114.2578125,84.0234375,30.234375,67.60157665292803,203.14256077610682,55.20088810099019,228.41374631613752,350,290
ubfc,bimamba,ubfc_S24,5,30,0|1|2|3|4,0.5504487432368654,0.3778956546330333,0.7887900022284332,0.3901950023819014,0.3778956546330333,0.2112099977715668,33.06920224919903,34.08364958234923,1.1132079173902873,6.088324479076382,0.38038406632978955,0.374163037087899,97.265625,82.03125,15.234375,57.172704644424584,160.96126608482004,55.003955072593214,206.71137326411116,445,422
ubfc,bimamba,ubfc_S25,5,30,0|1|2|3|4,0.5240525430563522,-0.6778871244618652,0.9321437241576763,0.4194705955413688,0.0,0.06785627584232368,0.20720993578172453,17.426554228859423,1.8260323238591354,3.168977769111324,-0.6671970238891974,-0.6939222753208666,79.6875,79.453125,0.234375,53.78058367126927,131.41291040821224,76.94412264721852,167.6731514413852,365,380
ubfc,bimamba,ubfc_S26,5,30,0|1|2|3|4,0.4850195865652968,0.6751555596291179,0.7235214962878316,0.46276140809123445,0.6751555596291179,0.2764785037121684,46.87601784353562,49.58384888231742,0.8083369684876315,9.53865509155177,0.6732956726881127,0.6779453900406257,106.640625,99.84375,8.203125,73.4223431835281,122.67970058771441,66.48721367180231,146.3143805789074,495,483
ubfc,bimamba,ubfc_S27,5,30,0|1|2|3|4,0.3092034839496757,0.8262600747556454,0.6169295594258353,0.657756167028466,0.8262600747556454,0.38307044057416473,62.59113061863025,65.2273700812583,0.5943726457607148,11.727352400549762,0.8233605789857037,0.8306093184105582,118.359375,117.890625,0.46875,47.84264130636696,50.4915256206669,63.71678789635471,70.77798958379509,550,555
ubfc,bimamba,ubfc_S30,5,30,0|1|2|3|4,0.5046754905343813,0.6583204397493432,0.6194110801463524,0.44096136703057864,0.6583204397493432,0.3805889198536476,49.39445986672974,50.73779075058826,0.8315737850121979,10.373337540876138,0.6542425200402435,0.6644373193129927,114.84375,108.515625,7.734375,35.81582172799855,109.66397590581826,56.99002761767395,134.6977705879018,550,507
ubfc,bimamba,ubfc_S31,5,30,0|1|2|3|4,0.21159552970479922,0.8273737118550984,0.7320569870000844,0.7660115499267384,0.8273737118550984,0.26794301299991563,60.63690102068834,66.45052264181676,0.5936875166415335,13.733323270001563,0.8237675662920049,0.8327829301997388,101.953125,101.953125,0.0,88.40322472645649,94.41196209978709,54.948372782982275,67.9754065687653,490,484
ubfc,bimamba,ubfc_S32,5,30,0|1|2|3|4,0.4968557385414043,0.6865865152570269,0.7634060422811189,0.4496341258514991,0.6865865152570269,0.23659395771888114,44.883205168467754,48.52312298454175,0.7954533615008439,8.465276057247852,0.6836269748385041,0.691025825884811,114.84375,106.875,8.90625,44.03463776131527,104.75852588140431,36.48611924108439,118.1180208376507,560,524
ubfc,bimamba,ubfc_S33,5,30,0|1|2|3|4,0.6160322579105221,0.6511517524280578,0.8027413743259003,0.31745740074136874,0.6511517524280578,0.19725862567409969,36.89961857087043,41.254308885705996,0.8403733791774957,10.978865268708198,0.6468862917848986,0.6575499433927965,60.9375,62.109375,1.171875,251.3454787261278,234.09623012260164,262.0297921858225,247.45377202948785,345,339
ubfc,bimamba,ubfc_S34,5,30,0|1|2|3|4,0.22663294331065795,0.7623383666923487,0.6706368675233618,0.7493338008611454,0.7623383666923487,0.3293631324766382,61.40834723554378,64.921784595172,0.6953331879171674,10.596331763163535,0.7582558788904743,0.7684620983951601,110.15625,108.984375,1.171875,25.785743476554433,71.28915608786629,34.830330567447106,99.35378967784483,520,513
ubfc,bimamba,ubfc_S35,5,30,0|1|2|3|4,0.5206788855105846,-0.518067933569116,0.8963982982994715,0.42321226385324084,0.0,0.10360170170052851,0.23110059509506906,18.460502437009744,1.7367002839859849,4.259719919243162,-0.5080639381985004,-0.5330739266250394,84.375,82.96875,3.75,60.63652626009457,147.7261229039435,74.43200559430134,213.43747458109488,390,409
ubfc,bimamba,ubfc_S36,5,30,0|1|2|3|4,0.5662782583200687,0.6743788470970686,0.6786270876639167,0.37263874654513796,0.6743788470970686,0.32137291233608334,44.85638785929465,47.29748256998483,0.804008734771424,9.985033357570643,0.6767849772056268,0.6707696519342313,98.4375,92.34375,7.03125,76.46036677466387,128.93038186049213,99.46949227868761,166.798954943604,450,433
ubfc,bimamba,ubfc_S37,5,30,0|1|2|3|4,0.5219162284932369,-0.5937943987729234,0.9158634962512845,0.421839947023124,0.0,0.08413650374871551,0.21911721744729343,17.922410607085038,1.7812260018596677,3.616595148425685,-0.5863830348504884,-0.604911444656576,86.71875,82.734375,3.984375,42.53316113185659,142.58880591738918,56.042312057415536,185.84605527934724,405,407
ubfc,bimamba,ubfc_S38,5,30,0|1|2|3|4,0.6895677359714438,0.12679548301812701,0.7708654841988724,0.23590040678858892,0.12679548301812701,0.22913451580112765,18.554950737828502,19.32945876278004,1.3188975252385553,4.421974642504231,0.13025465895980737,0.12160671910560647,100.78125,73.828125,27.890625,62.72623940854336,179.8403363796278,87.70038782520507,230.98241380796483,480,428
ubfc,bimamba,ubfc_S39,5,30,0|1|2|3|4,0.32141401706379236,0.7938299644746493,0.7065620786453309,0.6442136648022182,0.7938299644746493,0.29343792135466906,57.23518516438501,61.26258413174925,0.6455009834255727,11.205652267922815,0.7916642401983095,0.7970785508891589,93.75,91.640625,2.109375,48.94130070414049,86.52493036257754,36.066785386697354,107.5146777914256,440,434
ubfc,bimamba,ubfc_S40,5,30,0|1|2|3|4,0.44679874204527337,0.6208486582995252,0.6888925340910985,0.5051515205592217,0.6208486582995252,0.3111074659089015,48.3482086490558,50.002693354925555,0.8732046570567997,10.114073433659666,0.6187568134471585,0.6239864255780753,99.609375,90.46875,9.140625,65.87638750231164,122.2605346056224,93.80559228700994,170.93883546486873,465,446
ubfc,bimamba,ubfc_S41,5,30,0|1|2|3|4,0.4000089952544232,0.7237824692535857,0.7485408995433013,0.557045262147629,0.7237824692535857,0.2514591004566987,50.37079363978226,54.317517438963016,0.7456833780567402,10.87389067987533,0.7219781498449447,0.7264889483665471,84.375,79.21875,6.09375,83.56692407418304,131.56138451366417,90.29481243766524,164.21596547795903,400,389
ubfc,bimamba,ubfc_S42,5,30,0|1|2|3|4,0.7515925977494571,-0.45691267486808484,0.8635645619717841,0.16710964877161416,0.0,0.1364354380282159,0.17472593364257744,9.677497779640928,1.7049882340850997,2.0311110839960818,-0.45349243918431337,-0.4620430283937421,112.5,80.15625,32.34375,41.321421969322266,163.35169429556748,44.0640285074491,194.28376720961145,525,452
ubfc,bimamba,ubfc_S43,5,30,0|1|2|3|4,0.6548410552861614,-0.27990537946126637,0.7742323860160485,0.274415199393912,0.0,0.2257676139839515,0.23868134239687175,15.934760326870489,1.5942097738450538,3.037776354096173,-0.2707524015115487,-0.2936348463858428,97.265625,75.703125,23.90625,60.447786011649015,202.7455820071857,75.5169599823769,258.3294322626551,445,409
ubfc,bimamba,ubfc_S44,5,30,0|1|2|3|4,0.7545977509410179,-0.36305729134791587,0.8432715761574058,0.16377668260162126,0.0,0.15672842384259422,0.17952770031125403,10.059836193625653,1.6495258380146196,3.6070542641306114,-0.3604677451389166,-0.3669416106614148,108.984375,88.828125,20.15625,54.259624453556135,169.900654007368,56.3436169819011,229.06466261324482,520,446
ubfc,bimamba,ubfc_S45,5,30,0|1|2|3|4,0.6482960040249998,-0.23968251084352235,0.8568304577679589,0.28167420851716773,0.0,0.14316954223204115,0.21508880915300793,14.142021375194819,1.5768931021092931,4.970983664755581,-0.2432959277399346,-0.23426238549890396,91.40625,66.796875,24.609375,59.39183004485398,197.6350067507158,85.40168202937964,258.41337037925564,420,391
ubfc,bimamba,ubfc_S46,5,30,0|1|2|3|4,0.41723670644551974,0.5101208964882094,0.7524120238143314,0.5379382899148726,0.5101208964882094,0.24758797618566863,43.43446505717775,45.49191889475729,0.9934328750834128,7.372735514757389,0.5065455613517523,0.5154838991928948,89.0625,82.265625,6.796875,48.16374126475573,157.03462226817075,58.84898863365004,207.42196768675464,415,407
ubfc,bimamba,ubfc_S47,5,20,0|1|2|3|4,0.3265978897393143,0.718080516668927,0.6525752268125667,0.6384643165474987,0.718080516668927,0.34742477318743326,57.30682670498782,59.556050575301796,0.7516160952549645,9.516905801846763,0.7175366226768399,0.7188963576570578,103.7109375,105.8203125,7.03125,79.02042749812523,80.2477271889359,96.22504486493744,87.79083688269739,335,335
ubfc,bimamba,ubfc_S48,5,30,0|1|2|3|4,0.3990927271044311,0.6611114439323602,0.6742334861630118,0.5580614801411548,0.6611114439323602,0.3257665138369882,51.979892938448415,53.86314749868152,0.82763327844773,9.707890501247311,0.6575115782029317,0.6665112425265031,112.5,105.234375,8.671875,38.06414402829017,104.16556547663455,49.328828623162394,127.0991916535443,530,507
ubfc,bimamba,ubfc_S49,5,30,0|1|2|3|4,0.8171258242316239,-0.18531016505457154,0.7413515860704339,0.09442782094036883,0.0,0.25864841392956606,0.1655159849752321,10.007253633502982,1.5382008864334151,3.2854062681617697,-0.18303098351227198,-0.18872893736802085,111.328125,97.96875,15.703125,59.10448985375595,177.9841938632415,75.98154957809605,235.2166586645537,515,443
ubfc,bimamba_blend,ubfc_S01,5,30,0|1|2|3|4,0.5998795890846943,0.646583057379454,0.6987585400303771,0.33537206109970485,0.646583057379454,0.3012414599696229,41.76239397604664,44.354353442209025,0.8431663732922855,8.436517997741792,0.6445352334745669,0.6496547932367847,112.5,112.03125,0.9375,63.195558521553885,141.91087480773413,55.19931603075761,156.5440384347185,515,481
ubfc,bimamba_blend,ubfc_S03,5,30,0|1|2|3|4,0.6628704125702757,0.4765834648379009,0.7246476237726672,0.26550997077864835,0.4765834648379009,0.2753523762273328,33.36603754462229,34.71231324130392,1.027537222328262,5.6688159553246305,0.4720836283649601,0.4833332195473122,125.390625,95.859375,29.53125,45.8594698285315,153.2914780173187,61.9179605109361,186.8769756483704,585,499
ubfc,bimamba_blend,ubfc_S04,5,30,0|1|2|3|4,0.5388586032179722,-0.5857341459832004,0.9275154669536182,0.40304943679041416,0.0,0.0724845330463818,0.20752513538229217,16.926467205800076,1.7668211046468112,2.4849168613288946,-0.5608284079126893,-0.6230927530889672,69.140625,67.96875,1.171875,86.30888037604201,140.36901214487852,107.03241890809524,162.5062113700585,320,331
ubfc,bimamba_blend,ubfc_S08,5,30,0|1|2|3|4,0.4137550626453601,0.6669385681246855,0.6495400986635199,0.5417997240123038,0.6669385681246855,0.3504599013364801,52.526844672477026,54.0891834885491,0.8204147733434967,9.709835562975453,0.6634597998398699,0.672156720551909,105.46875,105.46875,0.0,58.77476288951206,86.17988531494107,64.57285439325281,112.02240672224073,495,489
ubfc,bimamba_blend,ubfc_S09,5,30,0|1|2|3|4,0.44404816962971316,0.6165437419407126,0.7550908464028786,0.5082021353614629,0.6165437419407126,0.2449091535971214,45.525151176847196,48.30069923875961,0.8786502386600716,8.883330241832194,0.6139868790513,0.6203790362748316,75.0,70.546875,7.734375,121.1076714817258,166.76008684249308,119.42371296039622,204.09285944046385,365,378
ubfc,bimamba_blend,ubfc_S10,5,30,0|1|2|3|4,0.859799958349275,0.4928058893289254,0.7267088505294858,0.04709863793988567,0.4928058893289254,0.27329114947051425,17.631448004307675,27.07869850934327,1.0107629069248676,6.696573816311922,0.4891791729923957,0.49824596383371983,116.015625,107.109375,9.84375,35.73482089668856,156.06614289217623,48.14951784157419,199.102926419081,550,480
ubfc,bimamba_blend,ubfc_S11,5,30,0|1|2|3|4,0.6181990569041678,-0.5032900906954398,0.8636664597193594,0.31505423947715216,0.0,0.1363335402806406,0.22158745837882457,15.222872487409223,1.7281665737036906,4.667002119531989,-0.493279853233377,-0.5183054468885342,93.75,79.6875,14.0625,42.46177985550942,157.9159478908252,48.85520725286277,213.750427824432,435,404
ubfc,bimamba_blend,ubfc_S12,5,30,0|1|2|3|4,0.32909538010602485,0.39703728003285854,0.7751114478412536,0.6356943908992805,0.39703728003285854,0.22488855215874637,41.09336560154681,44.34965146392387,1.1030843696643087,8.977137950975585,0.39160243670114736,0.4051895450304253,86.71875,80.15625,6.5625,68.99952556837395,158.98811099446675,78.82544191057642,221.26572837936925,410,397
ubfc,bimamba_blend,ubfc_S13,5,25,0|1|2|3|4,0.12095089048407802,0.8487478675017273,0.6322628846792794,0.866544034214821,0.8487478675017273,0.3677371153207206,69.39814564589845,73.51687419738857,0.5484215790950577,11.678894612199272,0.8496168857914417,0.8474443400671557,105.46875,105.46875,0.0,63.351731268603174,49.114493003990084,85.06533436783226,61.382022735660456,425,424
ubfc,bimamba_blend,ubfc_S14,5,30,0|1|2|3|4,0.9216665819587344,-0.18152834447879146,0.8334032670581553,0.0,0.0,0.16659673294184474,0.002020303518054473,4.164918323546118,1.5369983438074746,2.4179099389688647,-0.18118195443345972,-0.18204792954678906,125.390625,67.265625,58.125,60.84737290270453,207.1518504911051,81.4655549090328,252.43086259014967,585,408
ubfc,bimamba_blend,ubfc_S15,5,30,0|1|2|3|4,0.6995956142210736,-0.27438129513257786,0.7730539054903822,0.2247786513131338,0.0,0.22694609450961778,0.2217628663051037,14.102851786982962,1.5958758909759636,3.4672815831040267,-0.273409929699163,-0.2758383432827001,99.609375,86.25,15.234375,54.69088002748694,149.85122969212824,55.64287769070618,191.93777221038076,475,440
ubfc,bimamba_blend,ubfc_S16,5,30,0|1|2|3|4,0.6698090296105469,-0.3563264685573172,0.8896196266868536,0.25781446429774635,0.0,0.11038037331314643,0.19496793609023927,12.42755174399415,1.6391167589697144,3.996903327848473,-0.34335187476769047,-0.3757883592417573,65.625,65.625,7.5,159.94646684213018,201.10723740062295,145.90984387519083,256.985338501498,310,373
ubfc,bimamba_blend,ubfc_S17,5,30,0|1|2|3|4,0.4838073037501608,0.7848094029657015,0.6137075947605812,0.4641059311001309,0.7848094029657015,0.38629240523941877,53.98175950823294,56.49163515845419,0.6621988985187391,12.643267101119202,0.7807463094002848,0.7909040433138264,108.984375,104.765625,4.21875,84.34852572528168,122.44794875637223,47.515084080005856,129.30011028038027,500,480
ubfc,bimamba_blend,ubfc_S20,5,20,0|1|2|3|4,0.8839964931748977,-0.14440945242104555,0.7350153963923214,0.02026265758742729,0.0,0.2649846036076786,0.09350101217790548,7.384464749720489,1.5121195844589532,2.7590539825789224,-0.14325281885215874,-0.1461444027743758,114.2578125,71.71875,43.2421875,32.737154384593865,203.96629248989422,35.667095577357,255.3300131944149,365,290
ubfc,bimamba_blend,ubfc_S22,5,20,0|1|2|3|4,0.3244687087087307,0.3132199098699954,0.6983671245107617,0.6408257563451949,0.3132199098699954,0.30163287548923834,40.58267435735208,43.3175343703006,1.1742404571883662,7.134949352899243,0.3105796743510284,0.31718026314844594,100.1953125,100.1953125,0.0,35.497410454552984,77.82247337256585,52.24026066462535,118.3183236297015,305,307
ubfc,bimamba_blend,ubfc_S23,5,20,0|1|2|3|4,0.8799610353215208,0.0768943005848485,0.717580052563922,0.0247383177778987,0.0768943005848485,0.282419947436078,6.95741581560885,10.87172187450497,1.34939660616806,7.585475458910099,0.08956439963106062,0.057889152015530326,114.2578125,72.0703125,42.890625,67.60157665292803,216.52220946907838,55.20088810099019,248.17433749708024,350,268
ubfc,bimamba_blend,ubfc_S24,5,30,0|1|2|3|4,0.6033173717628169,0.37154766949037843,0.775847623078195,0.33155927265412855,0.37154766949037843,0.224152376921805,31.37630023608557,31.97031975346414,1.1188977900745958,6.044041887018254,0.37403386768309294,0.3678183722013066,97.265625,84.375,13.359375,57.172704644424584,164.03926559982182,55.003955072593214,212.10530906019136,445,422
ubfc,bimamba_blend,ubfc_S25,5,30,0|1|2|3|4,0.48842252277598036,-0.6728261920896372,0.9321584512388287,0.4589872672917895,0.0,0.06784154876117132,0.21431332670038875,18.908061242471387,1.8225269782958955,3.185667674113288,-0.6608022933081844,-0.6908620402618165,79.6875,79.6875,0.0,53.78058367126927,104.53575242920812,76.94412264721852,136.2081998676112,365,377
ubfc,bimamba_blend,ubfc_S26,5,30,0|1|2|3|4,0.41816078752028024,0.6744234911954112,0.7090870170482262,0.5369134067344888,0.6744234911954112,0.2909129829517738,50.17699253825625,52.69795824616559,0.8093502720759128,9.527773576178344,0.6724760685453227,0.6773446251705441,106.640625,93.75,12.890625,73.4223431835281,125.8689452037586,66.48721367180231,152.07811579568167,495,484
ubfc,bimamba_blend,ubfc_S27,5,30,0|1|2|3|4,0.2705509984257419,0.8327754730519346,0.6052098252981852,0.7006250054621229,0.8327754730519346,0.39479017470181477,64.76593931831044,67.37227231182253,0.5813842827150751,11.919262947076113,0.8309961579059384,0.8354444457709286,118.359375,117.421875,0.9375,47.84264130636696,63.73112053993299,63.71678789635471,86.66765857687594,550,547
ubfc,bimamba_blend,ubfc_S30,5,30,0|1|2|3|4,0.49425399911472795,0.6522682052228878,0.6073229925072133,0.4525196724241666,0.6522682052228878,0.39267700749278667,50.09365791737561,51.246470599084205,0.8382520154827277,10.303861213347458,0.6486667792695724,0.6576703441528609,114.84375,108.75,7.03125,35.81582172799855,119.89968344579992,56.99002761767395,148.9125276742865,550,500
ubfc,bimamba_blend,ubfc_S31,5,30,0|1|2|3|4,0.13293448171799263,0.8731755022599998,0.6625016500458921,0.8532532295098151,0.8731755022599998,0.3374983499541079,68.25511767690851,73.17853619022075,0.509894707312859,15.05487153321305,0.8700036937271665,0.87793321505925,101.953125,101.953125,0.0,88.40322472645649,95.30273306483046,54.948372782982275,68.14873082215519,490,486
ubfc,bimamba_blend,ubfc_S32,5,30,0|1|2|3|4,0.5522044448053863,0.6567402453050825,0.750412948224713,0.388247782536698,0.6567402453050825,0.24958705177528695,42.33933117649803,45.42672733844894,0.8310535491086897,8.084990315627014,0.6546749992569255,0.6598381143773178,114.84375,108.046875,8.203125,44.03463776131527,125.797021432217,36.48611924108439,154.32148967696637,560,512
ubfc,bimamba_blend,ubfc_S33,5,30,0|1|2|3|4,0.5813177163646983,0.643829926240661,0.796754099978187,0.3559587300259992,0.643829926240661,0.20324590002181298,38.64288134676276,42.57322211054508,0.8522530589734648,10.856939627412547,0.6368323617351856,0.6543262729988741,60.9375,62.109375,1.171875,251.3454787261278,224.25616723751725,262.0297921858225,239.15560269174247,345,320
ubfc,bimamba_blend,ubfc_S34,5,30,0|1|2|3|4,0.2477967675644723,0.7739434837602588,0.6243214414084443,0.7258613501176274,0.7739434837602588,0.37567855859155574,63.065260982910196,65.63464523520963,0.6793010977564738,10.798944605787447,0.7692750092934253,0.7809461954605091,110.15625,108.984375,1.171875,25.785743476554433,77.71698238458659,34.830330567447106,103.89569928013154,520,507
ubfc,bimamba_blend,ubfc_S35,5,30,0|1|2|3|4,0.5258337151065754,-0.5348328493584148,0.9034468714201839,0.4174951268022036,0.0,0.09655312857981613,0.22591021381928564,18.069895469578036,1.7441823031826655,4.222379910512331,-0.5210859533677941,-0.5554531933443458,84.375,84.609375,2.578125,60.63652626009457,138.71860971163795,74.43200559430134,204.6930855189281,390,405
ubfc,bimamba_blend,ubfc_S36,5,30,0|1|2|3|4,0.45261102280565113,0.6855489326199564,0.6696055534418183,0.4987052151930791,0.6855489326199564,0.33039444655818173,50.69487692576787,52.66939170694338,0.7929753858147439,10.105054558768451,0.685595018745979,0.6854798034309225,98.4375,97.5,2.8125,76.46036677466387,122.75564321826987,99.46949227868761,158.78748280712588,450,436
ubfc,bimamba_blend,ubfc_S37,5,30,0|1|2|3|4,0.5179013198480688,-0.5989858492599184,0.9218863253845497,0.4262928164234381,0.0,0.07811367461545027,0.21593461785918183,17.938822481265184,1.783224086890338,3.60685723797691,-0.5899440720329402,-0.6125485151003857,86.71875,82.96875,3.75,42.53316113185659,140.13367987796067,56.042312057415536,193.36898067084164,405,404
ubfc,bimamba_blend,ubfc_S38,5,30,0|1|2|3|4,0.8220611720461015,0.125747131938151,0.7636881678824776,0.0889541075373399,0.125747131938151,0.23631183211752238,12.930651366818052,13.95909228326897,1.3199503404411246,4.415043862399073,0.12886554938467956,0.12106950576835822,100.78125,71.71875,29.0625,62.72623940854336,188.5227599791749,87.70038782520507,233.67588916082423,480,412
ubfc,bimamba_blend,ubfc_S39,5,30,0|1|2|3|4,0.25230608910299746,0.8168949571826961,0.6547897595194796,0.7208601354774785,0.8168949571826961,0.3452102404805204,62.8459617382204,66.29607198676956,0.6084984276081048,11.718401226443792,0.8148648317992319,0.8199401452578924,93.75,90.9375,2.8125,48.94130070414049,78.15528931532872,36.066785386697354,86.0504741175815,440,438
ubfc,bimamba_blend,ubfc_S40,5,30,0|1|2|3|4,0.40886480638378836,0.6303956412086638,0.6993994264766675,0.5472234271127601,0.6303956412086638,0.30060057352333247,49.678006210283,51.6757294001367,0.8617515667539444,10.228752665460261,0.6286921185985609,0.632950925123818,99.609375,88.828125,11.71875,65.87638750231164,125.92189929481373,93.80559228700994,171.1866951452117,465,444
ubfc,bimamba_blend,ubfc_S41,5,30,0|1|2|3|4,0.272819444659703,0.7419168863375154,0.7307864072397006,0.6981091089090047,0.7419168863375154,0.26921359276029944,56.283190252710455,60.73131464075199,0.7217585749901755,11.157140881635675,0.7395322797140755,0.7454937962726751,84.375,77.34375,7.03125,83.56692407418304,126.70774659560364,90.29481243766524,159.27759688466185,400,394
ubfc,bimamba_blend,ubfc_S42,5,30,0|1|2|3|4,0.7984515094271163,-0.45862819197307086,0.8563802461984851,0.11513919754040625,0.0,0.14361975380151493,0.15390837181990985,7.908213752803108,1.7052815495278941,2.0296169467382157,-0.4539925815801279,-0.46558160756248534,112.5,77.109375,35.390625,41.321421969322266,166.50637164986227,44.0640285074491,197.22317182262233,525,442
ubfc,bimamba_blend,ubfc_S43,5,30,0|1|2|3|4,0.7618933469472418,-0.28093222908938104,0.7781938063373076,0.15568525659812704,0.0,0.22180619366269239,0.1921260370943676,11.383351963997073,1.5930092650241203,3.0443196681854277,-0.26883925922634433,-0.2990716838839361,97.265625,72.890625,24.84375,60.447786011649015,211.58261281314444,75.5169599823769,270.0708640430105,445,390
ubfc,bimamba_blend,ubfc_S44,5,30,0|1|2|3|4,0.7920980102953062,-0.34239630954113165,0.837468908714143,0.12218575933528208,0.0,0.16253109128585697,0.16231805680629166,8.645243257219501,1.6374565116826538,3.670841225247647,-0.3406319138259625,-0.3450429031138853,108.984375,78.515625,30.46875,54.259624453556135,169.93958051166845,56.3436169819011,238.84026783505104,520,418
ubfc,bimamba_blend,ubfc_S45,5,30,0|1|2|3|4,0.7346426129901802,-0.22959996820319215,0.8442111435112291,0.18590859916895552,0.0,0.15578885648877094,0.18798422306766774,10.866293881055105,1.569252815705716,5.013170401604255,-0.23127719980015884,-0.2270841208077421,91.40625,60.46875,30.9375,59.39183004485398,210.87245351774334,85.40168202937964,279.80186837425276,420,369
ubfc,bimamba_blend,ubfc_S46,5,30,0|1|2|3|4,0.33834618845018927,0.5131153116729732,0.7573218214646281,0.6254344709248936,0.5131153116729732,0.24267817853537188,45.83069859691746,48.762571310804304,0.9915994079429863,7.388780893869535,0.5083653070835594,0.5202403185570939,89.0625,83.203125,5.859375,48.16374126475573,148.2295094725313,58.84898863365004,185.90015548917745,415,399
ubfc,bimamba_blend,ubfc_S47,5,20,0|1|2|3|4,0.401106233311713,0.7520246648746116,0.6204886367082534,0.5558283333948302,0.7520246648746116,0.3795113632917466,56.590819525289994,58.532271517397724,0.7048886404445854,10.07441699777245,0.7515660022860922,0.7527126587573908,103.7109375,108.984375,5.2734375,79.02042749812523,85.91398587528295,96.22504486493744,89.62613550142412,335,338
ubfc,bimamba_blend,ubfc_S48,5,30,0|1|2|3|4,0.42029468846919327,0.6571692819729749,0.6805964439082691,0.534546732152702,0.6571692819729749,0.3194035560917309,50.78185218382254,52.674439432006146,0.8343499281268214,9.637684743168437,0.6519300987173835,0.6650280568563621,112.5,99.609375,12.890625,38.06414402829017,111.0277903205222,49.328828623162394,145.2157718360715,530,503
ubfc,bimamba_blend,ubfc_S49,5,30,0|1|2|3|4,0.7535118399241039,-0.21114814096419934,0.7394267034280232,0.16498104871951536,0.0,0.2605732965719768,0.2044185245466637,12.701121741281247,1.555194932226292,3.18997076627763,-0.20931563861117047,-0.21389689449374263,111.328125,90.234375,21.09375,59.10448985375595,177.53949059334622,75.98154957809605,249.1772746351026,515,448
ubfc,lstm,ubfc_S01,5,30,0|1|2|3|4,0.6150365223880315,0.6431339171763596,0.7148671973238483,0.3185617546957831,0.6431339171763596,0.2851328026761517,40.324820136813535,43.191907762109146,0.8457381241317569,8.41006539338499,0.6423635126950488,0.6442895238983257,112.5,103.125,10.3125,63.195558521553885,148.57981154386232,55.19931603075761,177.65795331078044,515,488
ubfc,lstm,ubfc_S03,5,30,0|1|2|3|4,0.6415576048783296,0.5302232715224975,0.7636090172603145,0.28914765661253605,0.5302232715224975,0.2363909827396855,34.51434609946538,36.6361843735559,0.9696878100714601,6.1721284938606935,0.529852775499408,0.5307790155571318,125.390625,100.78125,24.609375,45.8594698285315,159.70234275287893,61.9179605109361,187.868746030087,585,507
ubfc,lstm,ubfc_S04,5,30,0|1|2|3|4,0.577211920930142,-0.5079435934228143,0.9335824769994413,0.3605124004753848,0.0,0.0664175230005587,0.1947223250673077,15.179653092840898,1.7314593863354626,2.660522245376869,-0.49897580326458835,-0.5213952786601533,69.140625,68.671875,2.34375,86.30888037604201,170.30011614113806,107.03241890809524,195.0119884478165,320,352
ubfc,lstm,ubfc_S08,5,30,0|1|2|3|4,0.5593189631863251,0.6622425676790868,0.6946462419711564,0.3803571867607318,0.6622425676790868,0.30535375802884357,44.325545306440624,46.731334742214294,0.8264219379570913,9.646468260151796,0.6585133902316227,0.6678363338502832,105.46875,101.484375,4.453125,58.77476288951206,111.85165623087816,64.57285439325281,133.7403208832388,495,490
ubfc,lstm,ubfc_S09,5,30,0|1|2|3|4,0.5459407385330601,0.5342771743858505,0.7851259062878146,0.3951947565422369,0.5342771743858505,0.21487409371218535,37.99817051639109,40.22704975260791,0.9658369576677148,8.061574476011758,0.5335794856015863,0.535323707562247,75.0,72.421875,7.265625,121.1076714817258,179.62161504945172,119.42371296039622,216.30311379413152,365,390
ubfc,lstm,ubfc_S10,5,30,0|1|2|3|4,0.6398831654323083,0.558858347165739,0.7314310334407313,0.2910047499690288,0.558858347165739,0.26856896655926865,36.430458693972874,38.584090306535515,0.9436682909016898,7.293172488486343,0.554745078373342,0.5650282503543345,116.015625,110.390625,10.78125,35.73482089668856,141.09130156793017,48.14951784157419,174.71710697222125,550,501
ubfc,lstm,ubfc_S11,5,30,0|1|2|3|4,0.6090339048639035,-0.4191822467600876,0.8399625161155972,0.3252191594482289,0.0,0.16003748388440275,0.23341108360576515,16.19665557641865,1.6818426249029164,4.903007031850521,-0.414297307470166,-0.42650965569496996,93.75,78.75,15.0,42.46177985550942,177.73323400944295,48.85520725286277,229.50372038805313,435,408
ubfc,lstm,ubfc_S12,5,30,0|1|2|3|4,0.42360119795906553,0.33148969306973314,0.7771840707318008,0.5308795366495067,0.33148969306973314,0.22281592926819915,35.81263813594135,37.90924434617647,1.1586040570025071,8.550611669389836,0.3288183195486656,0.3354967533513345,86.71875,73.125,14.53125,68.99952556837395,179.0812924479625,78.82544191057642,237.55476817846167,410,395
ubfc,lstm,ubfc_S13,5,25,0|1|2|3|4,0.13921831056524694,0.7428850364988561,0.7412427860229062,0.8462839378861007,0.7428850364988561,0.25875721397709384,59.92903125835488,66.06276688886322,0.7150827500494779,9.374059277019134,0.7443283302908378,0.7407200958108835,105.46875,105.46875,0.0,63.351731268603174,55.6913790856982,85.06533436783226,71.09361731353576,425,424
ubfc,lstm,ubfc_S14,5,30,0|1|2|3|4,0.8896478753720664,-0.31386689944592644,0.8658767700173116,0.01399480218166671,0.0,0.13412322998268844,0.06864573152068308,3.8778858313797127,1.6218770244814573,1.9510194968912373,-0.31524254127041273,-0.31180343670919697,125.390625,74.765625,50.625,60.84737290270453,215.37507396870132,81.4655549090328,233.8780879941249,585,436
ubfc,lstm,ubfc_S15,5,30,0|1|2|3|4,0.6412796735505796,-0.3276547790554556,0.7541580088559486,0.2894559056946705,0.0,0.24584199114405136,0.2487467537515025,17.00064624215143,1.6284970183655108,3.291524505304996,-0.32600126941267954,-0.33013504351961964,99.609375,86.484375,15.9375,54.69088002748694,173.89730254861837,55.64287769070618,224.83665191210582,475,443
ubfc,lstm,ubfc_S16,5,30,0|1|2|3|4,0.7475422469079953,-0.262307191876431,0.8856322591648366,0.17160182653117206,0.0,0.11436774083516343,0.16885798418941594,9.294262015798038,1.5812845701481242,4.308900478061904,-0.25023044589426874,-0.2804223108496744,65.625,67.265625,9.140625,159.94646684213018,208.72173273627416,145.90984387519083,274.3623358954809,310,390
ubfc,lstm,ubfc_S17,5,30,0|1|2|3|4,0.5409224905471945,0.7432850100235607,0.6563710042032639,0.4007604131671617,0.7432850100235607,0.3436289957967361,48.616928982877155,51.49242826457049,0.719405577439671,11.923560171347031,0.7412278075743468,0.7463708136973817,108.984375,105.46875,3.984375,84.34852572528168,122.1790699995493,47.515084080005856,123.3587909487921,500,490
ubfc,lstm,ubfc_S20,5,20,0|1|2|3|4,0.7875345298488898,-0.29009878139678946,0.8229817615530887,0.12724704073286364,0.0,0.17701823844691134,0.16836328383667468,9.19721998865517,1.6058086101891758,2.236901103298049,-0.2893106462788459,-0.2912809840737049,114.2578125,84.7265625,30.234375,32.737154384593865,185.89775891327827,35.667095577357,228.89948553847842,365,303
ubfc,lstm,ubfc_S22,5,20,0|1|2|3|4,0.38726714135278323,0.3148450494510602,0.7103767192845548,0.5711770435544531,0.3148450494510602,0.2896232807154452,38.55082904559219,40.466410505592876,1.1743958047710386,7.133800318472367,0.3103972468680922,0.3215167533255121,100.1953125,98.4375,1.7578125,35.497410454552984,98.97212434530816,52.24026066462535,151.0313130325624,305,309
ubfc,lstm,ubfc_S23,5,20,0|1|2|3|4,0.8823395386542477,0.13118696257445173,0.7225892954112981,0.022100358699653988,0.13118696257445173,0.2774107045887019,8.112216891232302,12.683542162496511,1.3116240658811664,7.832080198215587,0.1398211549006788,0.11823567408511108,114.2578125,77.34375,41.8359375,67.60157665292803,229.82611769969566,55.20088810099019,233.22937971578588,350,272
ubfc,lstm,ubfc_S24,5,30,0|1|2|3|4,0.486324558925487,0.34326432994573025,0.814145069277174,0.4613140846264927,0.34326432994573025,0.185854930722826,32.89675371365516,34.81806381452901,1.1460620454118435,5.835687607248838,0.3432708940332108,0.3432544838145094,97.265625,80.859375,16.40625,57.172704644424584,180.55883703577376,55.003955072593214,221.36390644889462,445,423
ubfc,lstm,ubfc_S25,5,30,0|1|2|3|4,0.5218846481901999,-0.5566100063435738,0.9362869490316338,0.42187497221982817,0.0,0.06371305096836621,0.20440946951864478,17.413137732452714,1.766883370262598,3.4549893249044707,-0.5609384220552585,-0.5501173827760469,79.6875,78.75,0.9375,53.78058367126927,123.05817544846887,76.94412264721852,139.3021864514037,365,383
ubfc,lstm,ubfc_S26,5,30,0|1|2|3|4,0.4273705287797062,0.6163354219479906,0.7451598790704449,0.5266990335909649,0.6163354219479906,0.2548401209295551,46.59446389917793,49.234795105949715,0.8790596109636255,8.810137386426423,0.6136271001862397,0.620397904590617,106.640625,96.5625,11.015625,73.4223431835281,153.70251769546908,66.48721367180231,165.71154896481252,495,485
ubfc,lstm,ubfc_S27,5,30,0|1|2|3|4,0.31523047120529324,0.7933991840816917,0.7012560761339465,0.6510717342060852,0.7933991840816917,0.29874392386605353,57.709191742342455,61.636257532442976,0.6425129003497467,11.050891645691427,0.7935885864420782,0.7931150805411121,118.359375,116.015625,2.34375,47.84264130636696,71.41362730935836,63.71678789635471,84.61829831813218,550,550
ubfc,lstm,ubfc_S30,5,30,0|1|2|3|4,0.47385720167068807,0.6616255273148559,0.6497011943564103,0.4751414262995065,0.6616255273148559,0.35029880564358973,49.848012305489306,51.38623090162832,0.8260585703953212,10.431136511927138,0.6588136191382193,0.6658433895798106,114.84375,112.96875,4.21875,35.81582172799855,106.49256486429718,56.99002761767395,141.60525405031723,550,521
ubfc,lstm,ubfc_S31,5,30,0|1|2|3|4,0.1359556999091491,0.770792172373847,0.7862672215481649,0.8499024459119708,0.770792172373847,0.21373277845183514,58.02066115887116,66.11936764701406,0.6783632785183983,12.575235004819445,0.7699116311788851,0.7721129841662898,101.953125,101.484375,0.46875,88.40322472645649,93.38941897979429,54.948372782982275,64.06874037664379,490,488
ubfc,lstm,ubfc_S32,5,30,0|1|2|3|4,0.45856378682115595,0.7173515197368507,0.7613258497223155,0.49210310215027486,0.7173515197368507,0.23867415027768446,47.30117110342567,51.32140207770932,0.7526769254019281,8.945398442482,0.7167387229837504,0.7182707148665012,114.84375,105.46875,9.375,44.03463776131527,132.2615428999894,36.48611924108439,151.91599923954584,560,527
ubfc,lstm,ubfc_S33,5,30,0|1|2|3|4,0.5522946295075566,0.7057815637036149,0.7559596063877223,0.38814776016105723,0.7057815637036149,0.2440403936122777,43.25045712001277,47.12335948523215,0.7708996743126334,11.728353757728483,0.7028568460723379,0.7101686401505304,60.9375,61.640625,2.109375,251.3454787261278,239.51283860221096,262.0297921858225,273.3773993808045,345,351
ubfc,lstm,ubfc_S34,5,30,0|1|2|3|4,0.2925509372012156,0.6985561107056575,0.6948808328247583,0.6762252338010702,0.6985561107056575,0.3051191671752417,56.10184233830552,59.182279598383325,0.7787205629668424,9.612558076734105,0.6967971424063021,0.7011945631546908,110.15625,104.53125,5.625,25.785743476554433,91.5999068724304,34.830330567447106,132.79064962213008,520,507
ubfc,lstm,ubfc_S35,5,30,0|1|2|3|4,0.4311287416255586,-0.44364583310619066,0.8899538811427434,0.52253086129611,0.0,0.11004611885725657,0.2539134241155451,22.34606027003554,1.6928436307211558,4.48188054842218,-0.43285977903659234,-0.459824914210588,84.375,80.859375,4.453125,60.63652626009457,138.13080742136177,74.43200559430134,193.912032330681,390,409
ubfc,lstm,ubfc_S36,5,30,0|1|2|3|4,0.5862690220405362,0.5374350106418824,0.7011598466007958,0.3504673180203802,0.5374350106418824,0.2988401533992042,39.53436727816735,40.767341159814954,0.9633319760743994,8.414729173767606,0.5359957519362964,0.5395938987002613,98.4375,86.71875,16.40625,76.46036677466387,145.7224512063758,99.46949227868761,200.8349372530063,450,445
ubfc,lstm,ubfc_S37,5,30,0|1|2|3|4,0.544023970604421,-0.44766121087409966,0.9102809021984152,0.39732061244862527,0.0,0.08971909780158482,0.2177204060099797,17.142500411863068,1.6994170758087996,4.024976117887354,-0.4440091987752658,-0.4531392290223504,86.71875,81.09375,6.5625,42.53316113185659,153.86562651222474,56.042312057415536,203.12128952490002,405,400
ubfc,lstm,ubfc_S38,5,30,0|1|2|3|4,0.8003323612629446,0.09645145490168505,0.7602642826878712,0.11305317558412487,0.09645145490168505,0.23973571731212884,12.85375496401472,13.849816576021093,1.3456295891281915,4.247685143860514,0.09464050443134721,0.09916788060719181,100.78125,67.265625,34.921875,62.72623940854336,201.09992173811946,87.70038782520507,247.7548428460489,480,419
ubfc,lstm,ubfc_S39,5,30,0|1|2|3|4,0.3242150930831959,0.7080930570634354,0.7386142547653891,0.6411070372803775,0.7080930570634354,0.2613857452346109,53.17448653275451,57.129647168758254,0.7670558092843717,9.707051164906911,0.7058126927215489,0.7115136035762653,93.75,90.0,3.75,48.94130070414049,105.89790310026227,36.066785386697354,127.05196021610732,440,441
ubfc,lstm,ubfc_S40,5,30,0|1|2|3|4,0.5536298079027774,0.5326190899334591,0.7369443538271833,0.386666935677742,0.5326190899334591,0.26305564617281674,39.59766423696295,41.04961711474046,0.9687079242708209,9.212537251168463,0.5308024787274587,0.5353440067424596,99.609375,82.265625,17.34375,65.87638750231164,163.1858452242126,93.80559228700994,220.4385297179015,465,432
ubfc,lstm,ubfc_S41,5,30,0|1|2|3|4,0.3418901221310165,0.6763336712071166,0.7534282780231545,0.6215039521413368,0.6763336712071166,0.24657172197684551,50.91405132358441,54.83320392498814,0.8043359672024142,10.216230141128618,0.6765218259322783,0.6760514391193743,84.375,75.46875,8.90625,83.56692407418304,149.80841781437806,90.29481243766524,210.3716317295449,400,396
ubfc,lstm,ubfc_S42,5,30,0|1|2|3|4,0.6971077169084062,-0.4929467485447714,0.8608210430032254,0.22753793746228002,0.0,0.13917895699677463,0.19714627505863494,12.012146579754866,1.7268980771051752,1.920204692134841,-0.4910884843547755,-0.4957341448297653,112.5,83.671875,29.765625,41.321421969322266,170.5278798521469,44.0640285074491,199.74613083552504,525,457
ubfc,lstm,ubfc_S43,5,30,0|1|2|3|4,0.7054068939668332,-0.2854718293290946,0.7707826718404025,0.21833345615590405,0.0,0.2292173281595975,0.21990341310974565,13.917937809836339,1.5973945799181868,3.0204415718453737,-0.2758347219760001,-0.2999274903587363,97.265625,81.328125,20.625,60.447786011649015,196.62399351327184,75.5169599823769,234.57065420223708,445,410
ubfc,lstm,ubfc_S44,5,30,0|1|2|3|4,0.6325618340421512,-0.5048590937069481,0.8405356608795057,0.29912471866520907,0.0,0.1594643391204943,0.22600107660943705,15.203785427957698,1.7334803552369467,3.1758582306901406,-0.5024770709962049,-0.5084321277730631,108.984375,91.171875,18.75,54.259624453556135,157.87536685099948,56.3436169819011,213.24979595646855,520,474
ubfc,lstm,ubfc_S45,5,30,0|1|2|3|4,0.693812341250349,-0.14723286599883878,0.8340445434387208,0.2311927846150198,0.0,0.1659554565612792,0.20724699280597153,12.818615837095221,1.5146220323600323,5.320943333667446,-0.14703995045521764,-0.1475222393142705,91.40625,64.453125,26.953125,59.39183004485398,211.18381029779366,85.40168202937964,290.26885881258653,420,372
ubfc,lstm,ubfc_S46,5,30,0|1|2|3|4,0.39060760820445056,0.42384359698638474,0.7711355823181505,0.5674721864976295,0.42384359698638474,0.2288644176818495,40.53460047427448,42.89595232269677,1.0778564298587272,6.664287733416446,0.4191127583060994,0.43093985500681276,89.0625,77.578125,11.484375,48.16374126475573,168.3112843049984,58.84898863365004,230.4970474624109,415,405
ubfc,lstm,ubfc_S47,5,20,0|1|2|3|4,0.32861378717915163,0.619234646055,0.7227359294157519,0.6362285177243234,0.619234646055,0.27726407058424807,51.171016090161594,54.01147040633083,0.8704459099394599,8.241991454608877,0.6211619589348328,0.6163436767352508,103.7109375,110.390625,6.6796875,79.02042749812523,78.502412664884,96.22504486493744,96.71238376608557,335,343
ubfc,lstm,ubfc_S48,5,30,0|1|2|3|4,0.3570884683538617,0.6714974060061836,0.7002185026900377,0.604647715346875,0.6714974060061836,0.2997814973099623,52.772326343181234,55.34997948348875,0.8140895390552065,9.851205917543727,0.6686291112004407,0.6757998482147979,112.5,103.59375,11.71875,38.06414402829017,118.82833573613583,49.328828623162394,160.93448410031783,530,514
ubfc,lstm,ubfc_S49,5,30,0|1|2|3|4,0.6677593442238394,-0.4176062688063975,0.7446167923723603,0.26008773677923225,0.0,0.25538320762763966,0.2412503975562065,16.1378703199122,1.6827742907599226,2.5051500481925255,-0.41586465682128004,-0.42021868678407365,111.328125,102.1875,10.546875,59.10448985375595,159.64920089901528,75.98154957809605,209.81532811048953,515,475
ubfc,mamba,ubfc_S01,5,30,0|1|2|3|4,0.649324389381925,0.5903609498093674,0.7245049585679821,0.2805336431662986,0.5903609498093674,0.27549504143201786,36.91406835449239,39.545923272387924,0.9059998298810922,7.812221233447254,0.5895821541277161,0.5915291433318443,112.5,106.171875,7.734375,63.195558521553885,142.41196955102527,55.19931603075761,188.24516357861168,515,477
ubfc,mamba,ubfc_S03,5,30,0|1|2|3|4,0.7458221195881293,0.4460690641521502,0.7441748222859896,0.1735095915600211,0.4460690641521502,0.25582517771401037,27.243187430359157,29.62982903205668,1.054111975166447,5.447032273931263,0.44442397190534605,0.4485367025223564,125.390625,98.203125,27.1875,45.8594698285315,158.54079585208726,61.9179605109361,205.03333539834858,585,484
ubfc,mamba,ubfc_S04,5,30,0|1|2|3|4,0.5787259269660561,-0.5957864470994478,0.927912692679264,0.3588332411855897,0.0,0.07208730732073598,0.19840355581462452,15.258429227478013,1.7771169402619686,2.4344482908572678,-0.57907230968303,-0.6208576532240746,69.140625,69.140625,2.34375,86.30888037604201,169.0511928628016,107.03241890809524,189.79242350832666,320,345
ubfc,mamba,ubfc_S08,5,30,0|1|2|3|4,0.43795520715765107,0.6433789440148199,0.6201991468824168,0.5149597402155008,0.6433789440148199,0.37980085311758316,51.877498821264645,52.9327219865766,0.8469856844429546,9.432983605603024,0.6413076251743495,0.6464859222755255,105.46875,103.828125,1.640625,58.77476288951206,105.58365538798205,64.57285439325281,136.34915141316827,495,474
ubfc,mamba,ubfc_S09,5,30,0|1|2|3|4,0.3769018325034381,0.6150895284823884,0.7426032348204009,0.5826730377797762,0.6150895284823884,0.2573967651795991,48.47714024406698,51.35101536432115,0.8808940898036061,8.861176944928172,0.6120128012745382,0.6197046192941639,75.0,69.609375,6.328125,121.1076714817258,164.20875483034607,119.42371296039622,209.15529857351817,365,372
ubfc,mamba,ubfc_S10,5,30,0|1|2|3|4,0.774407678323051,0.45481688584756896,0.706923733013429,0.14180581669709857,0.45481688584756896,0.29307626698657097,26.32201591708276,29.700258020089308,1.0423096051438625,6.429624933154079,0.45679534351242296,0.451849199350288,116.015625,105.9375,10.078125,35.73482089668856,174.28171560441126,48.14951784157419,214.7379254196044,550,469
ubfc,mamba,ubfc_S11,5,30,0|1|2|3|4,0.5979328050738607,-0.5087914513601344,0.8810819062926117,0.3375312073510882,0.0,0.11891809370738826,0.21975041783152144,15.630372618350515,1.7327031442414855,4.6442308644391215,-0.501130093032165,-0.5202834888520883,93.75,82.265625,11.484375,42.46177985550942,148.5161687431264,48.85520725286277,204.60829858225375,435,409
ubfc,mamba,ubfc_S12,5,30,0|1|2|3|4,0.3675554673002501,0.3846948075112654,0.7675628804489824,0.5930389383009554,0.3846948075112654,0.23243711955101765,39.89341331023915,42.475943456733724,1.1104868311795928,8.91904431167418,0.383409498888353,0.38662277044563403,86.71875,79.453125,8.203125,68.99952556837395,163.45583813864988,78.82544191057642,215.1586867258406,410,396
ubfc,mamba,ubfc_S13,5,25,0|1|2|3|4,0.09933233881822046,0.8228557552115354,0.6331914212826513,0.8905208156810338,0.8228557552115354,0.36680857871734873,69.25845368759735,73.42183587640505,0.5942066540981206,10.98243509353047,0.8234592261127582,0.8219505488597011,105.46875,105.46875,0.0,63.351731268603174,55.003138602247354,85.06533436783226,70.50257392684794,425,422
ubfc,mamba,ubfc_S14,5,30,0|1|2|3|4,0.9088317879351753,-0.21169787511817828,0.8442431131843626,0.0,0.0,0.15575688681563737,0.0019866063281328413,3.893922170390934,1.559901930278182,2.2894320198075504,-0.21664701604279943,-0.20427416373124663,125.390625,74.765625,50.625,60.84737290270453,203.0443754091498,81.4655549090328,234.68294321440098,585,417
ubfc,mamba,ubfc_S15,5,30,0|1|2|3|4,0.6547212251676441,-0.3279697076284254,0.814879279602129,0.2745481010151293,0.0,0.18512072039787097,0.2271672258401558,14.923571798014123,1.6291090062592326,3.2882609680159236,-0.32699807713747214,-0.3294271533648554,99.609375,88.59375,12.421875,54.69088002748694,160.87957091381887,55.64287769070618,223.55032425551858,475,426
ubfc,mamba,ubfc_S16,5,30,0|1|2|3|4,0.7721185089936476,-0.306095307566303,0.8841338186941264,0.14434469689585605,0.0,0.11586618130587356,0.15876855267114925,8.309580666241441,1.6092977760809102,4.156372919547177,-0.29491966604948194,-0.3228587698415345,65.625,64.921875,6.796875,159.94646684213018,204.04226754793817,145.90984387519083,270.0527035770697,310,395
ubfc,mamba,ubfc_S17,5,30,0|1|2|3|4,0.4712132464763593,0.7237095474177809,0.668832286811118,0.4780737936884374,0.7237095474177809,0.33116771318888205,50.95176258498129,53.346068121205235,0.747387289837071,11.59212202342192,0.7207061194949989,0.7282146893019541,108.984375,99.140625,10.3125,84.34852572528168,134.61259643932203,47.515084080005856,156.233052087994,500,466
ubfc,mamba,ubfc_S20,5,20,0|1|2|3|4,0.8065005682430109,-0.3735024262826052,0.7717528916338484,0.10621211827902399,0.0,0.22824710836615159,0.1676550337706621,9.68913214461719,1.659856593862108,1.9493653869207477,-0.37756195609375975,-0.36741313156587346,114.2578125,79.8046875,35.15625,32.737154384593865,209.85012874951445,35.667095577357,268.09274279097394,365,291
ubfc,mamba,ubfc_S22,5,20,0|1|2|3|4,0.3295866647775475,0.281501415180186,0.7146149872573244,0.635149515119031,0.281501415180186,0.2853850127426756,38.3258237458267,41.50903520478752,1.1995786646541438,6.949515483347013,0.2805055136532907,0.282995267470529,100.1953125,100.1953125,0.0,35.497410454552984,69.63507717205891,52.24026066462535,109.26850008276313,305,307
ubfc,mamba,ubfc_S23,5,20,0|1|2|3|4,0.8762765994181239,0.12723601917474983,0.7255114713260942,0.028824665274596928,0.12723601917474983,0.27448852867390583,8.83631988503162,12.714488883698149,1.311567229768592,7.832456588761083,0.13989570089857062,0.10824649658901866,114.2578125,73.4765625,42.1875,67.60157665292803,209.60479875014434,55.20088810099019,249.27178367481173,350,279
ubfc,mamba,ubfc_S24,5,30,0|1|2|3|4,0.5491451628922938,0.3736930138057146,0.7711313719426985,0.3916407819849267,0.3736930138057146,0.22886862805730146,33.64516399493763,34.42173304358158,1.116217829412829,6.064871103632143,0.37702887865045603,0.3686892165386026,97.265625,80.859375,16.875,57.172704644424584,159.40676584690488,55.003955072593214,205.2901692759302,445,428
ubfc,mamba,ubfc_S25,5,30,0|1|2|3|4,0.44268659516755615,-0.6777567506655156,0.937298090541659,0.5097122352901585,0.0,0.06270190945834098,0.21855819163771334,20.68175655983947,1.8307246851948609,3.1466862386795142,-0.6757764364909113,-0.6807272219274217,79.6875,79.6875,0.0,53.78058367126927,111.87958131789206,76.94412264721852,117.88508816711195,365,377
ubfc,mamba,ubfc_S26,5,30,0|1|2|3|4,0.42138376917609516,0.6479609718207495,0.7166424313000962,0.5333388505835728,0.6479609718207495,0.2833575686999038,48.98247552399728,51.38268255765968,0.8425446959414871,9.178644938471423,0.6450592176704336,0.6523136030462233,106.640625,97.265625,10.3125,73.4223431835281,141.21098489366082,66.48721367180231,165.92676928871995,495,477
ubfc,mamba,ubfc_S27,5,30,0|1|2|3|4,0.3790817960264107,0.7853238771531179,0.6533438438111085,0.5802552759517636,0.7853238771531179,0.34665615618889145,57.14459930099017,59.87562214615534,0.6581116735429761,10.842536795349034,0.7834445125732318,0.7881429240229471,118.359375,116.953125,1.40625,47.84264130636696,90.71797384651069,63.71678789635471,130.89838559653305,550,536
ubfc,mamba,ubfc_S30,5,30,0|1|2|3|4,0.5586313351795839,0.6314258843212638,0.6196692749823925,0.3811198237172917,0.6314258843212638,0.38033072501760745,46.031944704533004,47.47873217688602,0.8600926105008858,10.08044901094797,0.6301203506808857,0.6333841847818309,114.84375,105.703125,10.078125,35.81582172799855,133.88463643520436,56.99002761767395,170.35767998665273,550,490
ubfc,mamba,ubfc_S31,5,30,0|1|2|3|4,0.15184451200511764,0.8110096270826608,0.7596199013951861,0.8322804247298389,0.8110096270826608,0.2403800986048139,60.424144582780336,67.63287940808908,0.618569430650686,13.37671254160969,0.8086859297322427,0.8144951731082879,101.953125,101.953125,0.0,88.40322472645649,102.96447744000146,54.948372782982275,84.38265040852961,490,483
ubfc,mamba,ubfc_S32,5,30,0|1|2|3|4,0.6893106627031326,0.5875568929818269,0.7574406942213394,0.2361855225387267,0.5875568929818269,0.24255930577866058,33.46325514570761,36.954323226487276,0.9050711204139306,7.343916339038012,0.5904231334963362,0.583257532210063,114.84375,99.140625,16.171875,44.03463776131527,146.2448670361918,36.48611924108439,188.68958620484267,560,491
ubfc,mamba,ubfc_S33,5,30,0|1|2|3|4,0.5629929217375023,0.657493828710921,0.7820407045701546,0.3762824595237255,0.657493828710921,0.21795929542984538,40.4688598941412,44.21559319454538,0.8321627304033546,11.064145773688768,0.6537525950638168,0.6631056791815773,60.9375,61.640625,0.703125,251.3454787261278,228.41139004497825,262.0297921858225,264.02083539385694,345,322
ubfc,mamba,ubfc_S34,5,30,0|1|2|3|4,0.3215192240359666,0.7150888023006484,0.6882023416165969,0.6440969814730325,0.7150888023006484,0.3117976583834031,55.87402114238983,58.76440835109812,0.7604154794463243,9.81917195355087,0.7108841493092084,0.7213957817878084,110.15625,108.046875,2.109375,25.785743476554433,87.98957167856473,34.830330567447106,118.17301848643636,520,498
ubfc,mamba,ubfc_S35,5,30,0|1|2|3|4,0.48365037529880317,-0.5100337812589837,0.9073805991572015,0.4642799778745027,0.0,0.09261940084279852,0.23265799170155257,19.725984191363814,1.729293304754148,4.296844224555574,-0.4952276669337613,-0.5322429527468173,84.375,84.375,2.34375,60.63652626009457,126.65284925094836,74.43200559430134,174.57911022950412,390,409
ubfc,mamba,ubfc_S36,5,30,0|1|2|3|4,0.47468719192910125,0.686933707088621,0.6341190715929803,0.4742208977020017,0.686933707088621,0.3658809284070197,51.07057663081952,52.69032088982384,0.7889081161426672,10.149720216265338,0.688811992142114,0.6841162795083817,98.4375,93.984375,6.328125,76.46036677466387,120.82637989875343,99.46949227868761,152.939605321241,450,438
ubfc,mamba,ubfc_S37,5,30,0|1|2|3|4,0.48337375996034626,-0.6182147207651292,0.9247218224686483,0.4645867674144726,0.0,0.07527817753135169,0.22096187043454202,19.303958216326514,1.794242170847169,3.5533544754222,-0.6096524838231805,-0.6310580761780521,86.71875,82.96875,4.21875,42.53316113185659,128.95156431083868,56.042312057415536,176.71600272411527,405,399
ubfc,mamba,ubfc_S38,5,30,0|1|2|3|4,0.8233690295300099,0.07385166702005341,0.7749648005171127,0.0875035842291505,0.07385166702005341,0.2250351994828873,10.398182085321213,11.676701908917329,1.361129839884415,4.148204608069296,0.07366277948811335,0.07413499831796351,100.78125,71.71875,29.53125,62.72623940854336,194.9730254318776,87.70038782520507,236.0405601593703,480,399
ubfc,mamba,ubfc_S39,5,30,0|1|2|3|4,0.21738998099626225,0.8328671589961885,0.6906175844389283,0.7595850189324609,0.8328671589961885,0.3093824155610717,62.81392832332096,67.45151706135114,0.5817036026427831,12.109555362875803,0.8308104593362035,0.8359522084861661,93.75,92.34375,1.40625,48.94130070414049,82.59544126188204,36.066785386697354,102.15308498043113,440,441
ubfc,mamba,ubfc_S40,5,30,0|1|2|3|4,0.4644288546197523,0.6089936017293964,0.6791549449426998,0.48559825154487757,0.6089936017293964,0.3208450550573002,47.660383120058285,49.06832087421778,0.8862292482703957,9.98547271941083,0.6072988597550448,0.6115357146909238,99.609375,90.0,9.609375,65.87638750231164,139.51024298869075,93.80559228700994,190.87250510879446,465,433
ubfc,mamba,ubfc_S41,5,30,0|1|2|3|4,0.22655023866548663,0.759511533971371,0.7119939522664696,0.7494255272281178,0.759511533971371,0.28800604773353045,59.302632523087354,63.78529098831909,0.6965802800618505,11.465556416168214,0.7573879567144765,0.7626968998567125,84.375,77.34375,7.03125,83.56692407418304,120.1589034953507,90.29481243766524,151.82522867452974,400,388
ubfc,mamba,ubfc_S42,5,30,0|1|2|3|4,0.7518915764783001,-0.4692369720605517,0.8664904318191473,0.16677805636175647,0.0,0.1335095681808527,0.1736521594721554,9.591916318087184,1.7118186469656984,1.9963837531523574,-0.4651615400497372,-0.4753501200767735,112.5,79.921875,32.578125,41.321421969322266,167.85814288086328,44.0640285074491,210.95181758885803,525,445
ubfc,mamba,ubfc_S43,5,30,0|1|2|3|4,0.6407204832981664,-0.312573997906365,0.8092965535737803,0.2900760944421581,0.0,0.19070344642621972,0.23363161589259096,15.645439702236422,1.6116707599601066,2.9431591676504754,-0.298741319255194,-0.33332301588312147,97.265625,83.203125,16.875,60.447786011649015,186.47472092054818,75.5169599823769,240.00487324487085,445,410
ubfc,mamba,ubfc_S44,5,30,0|1|2|3|4,0.7781548742533225,-0.4185463823774383,0.8606614956297162,0.13764986308281946,0.0,0.13933850437028383,0.16332727079729392,8.645332474862826,1.683926491440097,3.427774131960648,-0.41780421428687764,-0.41965963451327926,108.984375,86.71875,22.265625,54.259624453556135,175.58288340731858,56.3436169819011,229.74623682083092,520,430
ubfc,mamba,ubfc_S45,5,30,0|1|2|3|4,0.6861163459254841,-0.22637352268105376,0.8452395583408814,0.23972828694289783,0.0,0.15476044165911862,0.2064475440951907,12.858821801836633,1.5673324500575203,5.023806226717117,-0.22826550450165464,-0.22353554995015246,91.40625,67.734375,24.609375,59.39183004485398,195.59143434855903,85.40168202937964,264.3272506649981,420,369
ubfc,mamba,ubfc_S46,5,30,0|1|2|3|4,0.4365085788849396,0.5197873415830471,0.7422343087449479,0.5165641719320078,0.5197873415830471,0.2577656912550521,43.51735795736886,45.30732403819086,0.9832427133398743,7.462291337592979,0.5166168833320207,0.5245430289595866,89.0625,82.96875,7.03125,48.16374126475573,138.80574271182837,58.84898863365004,178.93334263923595,415,393
ubfc,mamba,ubfc_S47,5,20,0|1|2|3|4,0.36185828795028485,0.683443379423054,0.6894103947805933,0.5993575865785674,0.683443379423054,0.3105896052194067,53.418591732277676,55.86977635554597,0.7956495952214734,9.022390310328229,0.6834708608119527,0.6834021573397059,103.7109375,106.5234375,6.328125,79.02042749812523,102.36622475405105,96.22504486493744,130.97205676662358,335,328
ubfc,mamba,ubfc_S48,5,30,0|1|2|3|4,0.442924169697047,0.6497530190566518,0.6550203205533309,0.5094487452717898,0.6497530190566518,0.3449796794466691,50.62810588490826,52.094558148483294,0.8407670092502993,9.571136157989761,0.6465554180781532,0.6545494205243998,112.5,100.078125,13.828125,38.06414402829017,122.66079829476686,49.328828623162394,156.5787604132834,530,490
ubfc,mamba,ubfc_S49,5,30,0|1|2|3|4,0.7907362007866088,-0.2580962500444068,0.7849657505851009,0.12369611995024488,0.0,0.21503424941489913,0.17488817195098788,10.014460733506661,1.586166591472451,3.0186914472503457,-0.25796222795166635,-0.25829728318351747,111.328125,96.5625,14.765625,59.10448985375595,177.0590510580186,75.98154957809605,231.9919937761159,515,443
ubfc,physdiff,ubfc_S01,5,30,0|1|2|3|4,0.37321111301565496,0.6825037368669201,0.5698074301580615,0.5867663542969703,0.6825037368669201,0.43019256984193854,57.46184482743474,58.35244266469436,0.7960691279547121,8.93576791521346,0.6831369717587124,0.6815538845292318,112.5,112.5,2.34375,63.195558521553885,112.75173323423499,55.19931603075761,146.4221568387921,515,497
ubfc,physdiff,ubfc_S03,5,30,0|1|2|3|4,0.5871717405658542,0.5336619483829038,0.6695931010014632,0.349466127693591,0.5336619483829038,0.3304068989985368,40.38908585547308,41.37747532783198,0.9644933818703448,6.218782177338506,0.5348762581641531,0.53184048371103,125.390625,114.84375,10.546875,45.8594698285315,124.79433603615134,61.9179605109361,161.9640803255359,585,534
ubfc,physdiff,ubfc_S04,5,30,0|1|2|3|4,0.7350988489281317,-0.6029831053623977,0.9154245039058143,0.18540259536489068,0.0,0.08457549609418569,0.16119611364453157,9.066984728538042,1.7851159831769094,2.395439656530796,-0.5933195366968316,-0.617478458360747,69.140625,68.671875,0.46875,86.30888037604201,221.60766651913553,107.03241890809524,221.62050053752566,320,422
ubfc,physdiff,ubfc_S08,5,30,0|1|2|3|4,0.3796007220656924,0.7322216727182576,0.5687755707827261,0.5796797435833934,0.7322216727182576,0.4312244292172739,58.76413569749578,59.97691384174376,0.7345214057892361,10.670415871807888,0.7302391522187018,0.7351954534675911,105.46875,105.0,0.46875,58.77476288951206,78.82999829871196,64.57285439325281,115.7671690587974,495,499
ubfc,physdiff,ubfc_S09,5,30,0|1|2|3|4,0.548046643659395,0.5888498438540528,0.7466656107567053,0.3928591316686033,0.5888498438540528,0.25333438924329466,40.97453825410492,43.14744631318197,0.9110194741865062,8.569097655219219,0.5850217588264708,0.5945919713954257,75.0,81.09375,8.90625,121.1076714817258,160.77333300631463,119.42371296039622,224.65856643242307,365,400
ubfc,physdiff,ubfc_S10,5,30,0|1|2|3|4,0.629687948307175,0.6078455777579757,0.6212642708259735,0.3023120982497173,0.6078455777579757,0.37873572917402654,41.56017477665491,43.59930607963915,0.8873805798508387,7.8273613307910574,0.6062778532517947,0.6101971645172471,116.015625,116.015625,0.0,35.73482089668856,118.96835821468058,48.14951784157419,157.4191643968912,550,509
ubfc,physdiff,ubfc_S11,5,30,0|1|2|3|4,0.5066277529986768,-0.6041956550500998,0.884985185451973,0.43879614471621664,0.0,0.11501481454802698,0.2404567633762877,19.330225790558796,1.7885428073195695,4.368727352267437,-0.5994426868072834,-0.6113251074143243,93.75,88.359375,5.390625,42.46177985550942,125.84828919365579,48.85520725286277,180.74388003014138,435,426
ubfc,physdiff,ubfc_S12,5,30,0|1|2|3|4,0.29550367692826707,0.3857974250323815,0.7347354248154283,0.6729503985458516,0.3857974250323815,0.2652645751845717,43.281091656810105,46.334657763798035,1.1151495763707784,8.882650092693286,0.37822071116003675,0.3971624958408987,86.71875,85.3125,4.21875,68.99952556837395,159.9024370753362,78.82544191057642,228.48441567233456,410,420
ubfc,physdiff,ubfc_S13,5,25,0|1|2|3|4,0.09838941364267377,0.8177718540057314,0.602936311954697,0.8915665985448682,0.8177718540057314,0.397063688045303,70.51147081489015,74.02678417178006,0.5994778427571038,10.905722594235987,0.8203131580216445,0.8139598979818616,105.46875,105.46875,0.0,63.351731268603174,44.06955902664627,85.06533436783226,53.43739847293804,425,425
ubfc,physdiff,ubfc_S14,5,30,0|1|2|3|4,0.8924401420158309,-0.31555897115862525,0.8547080300017984,0.010897944994019304,0.0,0.1452919699982016,0.06376239662119897,4.040972187230764,1.6229863314896213,1.9450806837173147,-0.3170423161010694,-0.313333953744959,125.390625,90.9375,34.453125,60.84737290270453,191.501297592655,81.4655549090328,254.23854935808953,585,468
ubfc,physdiff,ubfc_S15,5,30,0|1|2|3|4,0.5908080419323857,-0.587815295299168,0.8551493030422942,0.34543316542312064,0.0,0.1448506969577058,0.23287167094366681,16.57501112730967,1.7816637959090749,2.5107487591173756,-0.5871629408265671,-0.5887938270080693,99.609375,91.40625,10.546875,54.69088002748694,121.74899152534539,55.64287769070618,180.36912854760524,475,459
ubfc,physdiff,ubfc_S16,5,30,0|1|2|3|4,0.8181016681689687,-0.39303916817749174,0.8999448082755617,0.09334552841714694,0.0,0.10005519172443833,0.12997055593013135,6.001837108753969,1.66425173332822,3.8647207831453825,-0.38486691594299266,-0.4052975465292403,65.625,66.796875,8.203125,159.94646684213018,194.30781899952922,145.90984387519083,254.57811624559778,310,416
ubfc,physdiff,ubfc_S17,5,30,0|1|2|3|4,0.4246776408058666,0.8084536825396393,0.4333779156782236,0.5296856715239637,0.8084536825396393,0.5666220843217764,63.1249268077332,64.34577788542953,0.6216293158575206,13.192406432068417,0.8067884968332557,0.8109514610992146,108.984375,108.984375,0.0,84.34852572528168,114.0582272833409,47.515084080005856,107.40852524772446,500,487
ubfc,physdiff,ubfc_S20,5,20,0|1|2|3|4,0.5015864555877702,-0.5240763940118984,0.7639464312385409,0.44438736508082555,0.0,0.2360535687614591,0.2891766891645823,22.565865409567436,1.7458592317021044,1.5105922739125304,-0.5240122284597307,-0.5241726423401499,114.2578125,114.2578125,0.0,32.737154384593865,93.257467860127,35.667095577357,148.4296348775543,365,346
ubfc,physdiff,ubfc_S22,5,20,0|1|2|3|4,0.4212139053471958,0.3927199214443016,0.7703983175330965,0.5335272437732501,0.3927199214443016,0.2296016824669035,38.52197911649519,40.47431075733078,1.1056026223603694,7.658108939302892,0.38882142071493714,0.39856767253834835,100.1953125,100.1953125,0.0,35.497410454552984,79.74634467929411,52.24026066462535,115.33586430527376,305,307
ubfc,physdiff,ubfc_S23,5,20,0|1|2|3|4,0.8224051335125335,0.14969162595892443,0.7075136215793713,0.08857262551019451,0.14969162595892443,0.29248637842062875,14.53659849713943,16.24706889060768,1.303217689070151,7.887928405972218,0.15081182744732766,0.1480113237263196,114.2578125,86.484375,29.1796875,67.60157665292803,179.89008479215198,55.20088810099019,236.6499470569271,350,298
ubfc,physdiff,ubfc_S24,5,30,0|1|2|3|4,0.45137918455379905,0.40685284928333443,0.7402477603727883,0.5000714268164518,0.40685284928333443,0.2597522396272117,39.29305996834066,40.50346634442228,1.089861803981842,6.272421563033149,0.40610062411072234,0.40798118704225256,97.265625,88.359375,11.25,57.172704644424584,148.11526711392474,55.003955072593214,186.68767388796547,445,455
ubfc,physdiff,ubfc_S25,5,30,0|1|2|3|4,0.5324063135458491,-0.7486551605248577,0.9392896706438112,0.41020556555502163,0.0,0.06071032935618881,0.19984405251397136,16.90046694221803,1.8707655013987983,2.958759938792112,-0.749881780611948,-0.7468152303942222,79.6875,79.453125,0.234375,53.78058367126927,129.7088009097341,76.94412264721852,148.49125170079273,365,397
ubfc,physdiff,ubfc_S26,5,30,0|1|2|3|4,0.3440072290461163,0.7190859350863962,0.6309691435376175,0.619155903547308,0.7190859350863962,0.36903085646238254,57.54180420980815,59.409840360323464,0.7494084011615719,10.196132769209372,0.7191935241342283,0.7189245515146478,106.640625,107.34375,1.171875,73.4223431835281,110.82048906067178,66.48721367180231,138.48696634248043,495,494
ubfc,physdiff,ubfc_S27,5,30,0|1|2|3|4,0.26703866936995674,0.8602887518120975,0.5193785993317482,0.7045204720738382,0.8602887518120975,0.48062140066825176,69.00848203794149,70.69588091242888,0.5238184070420224,12.824913572115921,0.8628071382219789,0.8565111721972757,118.359375,118.359375,0.0,47.84264130636696,44.164756937384794,63.71678789635471,62.40320355929989,550,557
ubfc,physdiff,ubfc_S30,5,30,0|1|2|3|4,0.3859940260605915,0.665589340704149,0.5229822453380362,0.5725890348670063,0.665589340704149,0.47701775466196383,57.87981780894618,58.35713295046742,0.8192798251733857,10.502708130491598,0.6643902840319331,0.6673879257124727,114.84375,109.921875,7.265625,35.81582172799855,92.99843157505849,56.99002761767395,117.01457996386287,550,522
ubfc,physdiff,ubfc_S31,5,30,0|1|2|3|4,0.10915728745013378,0.7824477993827783,0.669486388142437,0.8796241261199014,0.7824477993827783,0.330513611857563,65.91048802067489,70.59053750278957,0.6597865435952598,12.816412537327517,0.78234085844531,0.7826082107889808,101.953125,101.953125,0.0,88.40322472645649,87.2058629407616,54.948372782982275,54.94837278298225,490,490
ubfc,physdiff,ubfc_S32,5,30,0|1|2|3|4,0.32215325785494664,0.7501796409995631,0.6179639660613793,0.643393784952061,0.7501796409995631,0.38203603393862073,59.826263936938794,61.80990432165142,0.706112144569641,9.500096864848281,0.750702819645631,0.7493948730304613,114.84375,114.84375,0.0,44.03463776131527,95.57983300918708,36.48611924108439,135.32735149810648,560,534
ubfc,physdiff,ubfc_S33,5,30,0|1|2|3|4,0.6754394336033899,0.5210233355062809,0.782854240784454,0.2515698754747081,0.5210233355062809,0.21714575921554602,31.86076994001693,34.400889392175735,0.988720493398559,9.566840282480218,0.5112158929668552,0.5357344993154194,60.9375,62.109375,1.171875,251.3454787261278,230.870550709293,262.0297921858225,277.4641308093448,345,388
ubfc,physdiff,ubfc_S34,5,30,0|1|2|3|4,0.14550382815610652,0.7315285450596549,0.5601647649509192,0.8393127733045209,0.7315285450596549,0.43983523504908084,67.82357388058304,69.90243031488362,0.7319529816584924,10.150527249041613,0.7321224163206217,0.7306377381682047,110.15625,110.15625,0.0,25.785743476554433,66.18284567031043,34.830330567447106,108.52756862283414,520,518
ubfc,physdiff,ubfc_S35,5,30,0|1|2|3|4,0.4146776491692355,-0.6483052265796467,0.9168905815444044,0.5407764984138208,0.0,0.08310941845559561,0.23976966658466972,22.35685415190817,1.8096168172295934,3.9024849531075723,-0.6373565126000823,-0.6647282975489933,84.375,84.375,0.0,60.63652626009457,89.23384534048742,74.43200559430134,118.99897689132465,390,406
ubfc,physdiff,ubfc_S36,5,30,0|1|2|3|4,0.4516608007457335,0.6803704066308085,0.5893146867759721,0.49975909091182114,0.6803704066308085,0.4106853132240279,53.41854902193074,54.52198898844931,0.8016284167502404,10.010786616657988,0.6786959407292517,0.6828821054831439,98.4375,97.5,3.28125,76.46036677466387,101.12065396301085,99.46949227868761,145.8948235933435,450,451
ubfc,physdiff,ubfc_S37,5,30,0|1|2|3|4,0.48066494596409276,-0.7370153481515318,0.9304010463625696,0.4675910686380075,0.0,0.0695989536374304,0.2171953411098428,19.274638914861043,1.861518122292865,3.23363030225637,-0.7326248598123772,-0.7436010806602639,86.71875,86.71875,0.0,42.53316113185659,101.47961813104904,56.042312057415536,139.21956100994018,405,422
ubfc,physdiff,ubfc_S38,5,30,0|1|2|3|4,0.5818063221347773,0.16079282893670782,0.7325915826224508,0.35541682537145114,0.16079282893670782,0.26740841737754917,24.58501715863194,26.043072470994687,1.2933719125126593,4.591727202267798,0.16359454796167303,0.15659025039926003,100.78125,83.203125,19.453125,62.72623940854336,151.12217240873161,87.70038782520507,209.7502261857847,480,443
ubfc,physdiff,ubfc_S39,5,30,0|1|2|3|4,0.22635291045248662,0.8010248358601094,0.5571959397955863,0.7496443807162398,0.8010248358601094,0.44280406020441365,67.37377400215419,69.22019712672343,0.6317756995044378,11.392332087533056,0.8004297327578386,0.8019174905135156,93.75,93.75,0.0,48.94130070414049,91.23531806550452,36.066785386697354,128.1963137995583,440,446
ubfc,physdiff,ubfc_S40,5,30,0|1|2|3|4,0.4301869254985988,0.6541567322055688,0.6584866932587454,0.5235754141323268,0.6541567322055688,0.3415133067412546,51.15049078849743,52.70278815620245,0.834942565388504,10.5032622597375,0.651435456251232,0.6582386461370738,99.609375,97.265625,2.34375,65.87638750231164,113.80690778497738,93.80559228700994,162.29086277342483,465,453
ubfc,physdiff,ubfc_S41,5,30,0|1|2|3|4,0.3335566621055997,0.6282789052986191,0.6830267072400118,0.630746456124728,0.6282789052986191,0.3169732927599882,53.02838544897395,55.137783372375225,0.8647324586698778,9.58734470775812,0.6261188874613745,0.6315189320544858,84.375,77.34375,7.03125,83.56692407418304,153.48703050323144,90.29481243766524,216.7363321668968,400,398
ubfc,physdiff,ubfc_S42,5,30,0|1|2|3|4,0.6386789413226476,-0.664819832375513,0.8829614008156655,0.2923403351997119,0.0,0.11703859918433446,0.20739131078832554,13.888727549597558,1.8251005188992075,1.4398030390350534,-0.665495952043078,-0.6638056528741655,112.5,93.28125,19.21875,41.321421969322266,127.33310444153437,44.0640285074491,181.5324988536316,525,487
ubfc,physdiff,ubfc_S43,5,30,0|1|2|3|4,0.54262102791587,-0.4750364357817056,0.832841299093706,0.39887659319946034,0.0,0.16715870090629403,0.2547397415064156,19.136839767637113,1.7101311988180388,2.428097099509849,-0.46227435858541105,-0.4941795515761475,97.265625,96.328125,3.28125,60.447786011649015,156.6625999644915,75.5169599823769,199.985899108101,445,424
ubfc,physdiff,ubfc_S44,5,30,0|1|2|3|4,0.610908969211342,-0.6344343621686035,0.8717280500623767,0.32313955630050184,0.0,0.12827194993762325,0.22032015112391148,15.324532109709398,1.80746664972421,2.8128308637113824,-0.6334678449326296,-0.635884138022564,108.984375,104.765625,4.21875,54.259624453556135,131.02632875742896,56.3436169819011,174.19572170175041,520,482
ubfc,physdiff,ubfc_S45,5,30,0|1|2|3|4,0.6444837504251094,-0.28295230911600566,0.8605356247505146,0.2859023165269523,0.0,0.1394643752494854,0.2148807193808316,14.207946250997846,1.6004153654590074,4.842374486073191,-0.2806646709986442,-0.286383766292048,91.40625,75.46875,15.9375,59.39183004485398,190.169957729614,85.40168202937964,269.77076194877384,420,397
ubfc,physdiff,ubfc_S46,5,30,0|1|2|3|4,0.38798704234257236,0.5568281426507522,0.6806601552071992,0.5703786131611375,0.5568281426507522,0.31933984479280075,48.89561704298976,50.25374946276588,0.9457804238991001,7.7996996578747435,0.5527496948846192,0.5629458142999517,89.0625,87.890625,1.171875,48.16374126475573,120.8003499666026,58.84898863365004,182.92227802112487,415,423
ubfc,physdiff,ubfc_S47,5,20,0|1|2|3|4,0.30879682896078753,0.6392290084960509,0.6300880577445654,0.6582071814142315,0.6392290084960509,0.36991194225543456,56.36788599063184,57.901655678021456,0.8488341640016873,8.460370217899296,0.6397402810117779,0.6384620997224603,103.7109375,110.7421875,7.03125,79.02042749812523,81.97265255246103,96.22504486493744,96.38177310050855,335,339
ubfc,physdiff,ubfc_S48,5,30,0|1|2|3|4,0.3013368973175398,0.756006135205118,0.5562983706237721,0.6664808693803648,0.756006135205118,0.4437016293762279,63.116096841384596,64.4358034063613,0.6982447220923197,11.18449616794784,0.7562271540351096,0.7556746069601304,112.5,112.5,2.34375,38.06414402829017,101.13476844216343,49.328828623162394,136.52536488774516,530,515
ubfc,physdiff,ubfc_S49,5,30,0|1|2|3|4,0.4897704452957682,-0.44089035835621143,0.8281664976979628,0.4574923085087096,0.0,0.1718335023020372,0.27003551384647945,21.45179912662754,1.6969781412526594,2.4321424497677038,-0.4398674059446655,-0.4424247869735303,111.328125,109.21875,3.046875,59.10448985375595,118.31449747929057,75.98154957809605,166.71609436562304,515,502
ubfc,rnn,ubfc_S01,5,30,0|1|2|3|4,0.6015703132339204,0.600908502975614,0.7146435929906998,0.3334969066456872,0.600908502975614,0.2853564070093002,39.99995168753405,42.1741130360313,0.8941756753395417,7.926326528323704,0.6002249308155373,0.6019338612157291,112.5,109.453125,3.515625,63.195558521553885,143.9086470500121,55.19931603075761,175.20001625298352,515,492
ubfc,rnn,ubfc_S03,5,30,0|1|2|3|4,0.6378600008105731,0.5171643968295531,0.7505287008835226,0.29324860870458536,0.5171643968295531,0.24947129911647736,34.84009771832724,36.62727018544212,0.985299145527777,6.033405093372078,0.5145927969111167,0.5210217967072077,125.390625,101.71875,23.671875,45.8594698285315,153.6699118550164,61.9179605109361,198.0116581922523,585,520
ubfc,rnn,ubfc_S04,5,30,0|1|2|3|4,0.5517277888264931,-0.5658264842316693,0.9330863091323726,0.3887764338736206,0.0,0.06691369086762744,0.20068560443796743,16.25195854195146,1.763775142760497,2.499904072267972,-0.5554513771099063,-0.5813891449143136,69.140625,69.375,2.109375,86.30888037604201,191.69682026146347,107.03241890809524,213.5850505013829,320,365
ubfc,rnn,ubfc_S08,5,30,0|1|2|3|4,0.487080518774592,0.620702584116503,0.6787852597152648,0.4604756619430782,0.620702584116503,0.3212147402847352,47.06875428585664,48.57455273435267,0.8735116242039433,9.165131232443384,0.6184887211902941,0.6240233785058166,105.46875,95.390625,11.015625,58.77476288951206,121.50097542905608,64.57285439325281,162.14620170844836,495,483
ubfc,rnn,ubfc_S09,5,30,0|1|2|3|4,0.5268893467102139,0.5885717388736117,0.7598936716956401,0.41632434308549227,0.5885717388736117,0.24010632830435985,41.31070489924255,43.686261281075396,0.909547488020821,8.583143293128042,0.5863616835175074,0.5918868219077681,75.0,70.078125,7.265625,121.1076714817258,184.183864267827,119.42371296039622,231.71417750128367,365,393
ubfc,rnn,ubfc_S10,5,30,0|1|2|3|4,0.6652479057189363,0.48514805939638683,0.7247145496677181,0.2628731320790012,0.48514805939638683,0.2752854503322819,33.46212378100701,34.9329309386341,1.0182483403160452,6.632485513807201,0.4815851587218098,0.49049241040825237,116.015625,102.421875,15.0,35.73482089668856,156.0362003158367,48.14951784157419,194.7899053365101,550,487
ubfc,rnn,ubfc_S11,5,30,0|1|2|3|4,0.6397541060263553,-0.4741272482644317,0.858543734829562,0.29114788764173327,0.0,0.14145626517043797,0.21711916652806357,14.454452415825948,1.7113997529248786,4.751684835087552,-0.46444455715566757,-0.48865128492757787,93.75,78.28125,15.46875,42.46177985550942,161.52698239182786,48.85520725286277,219.80236282557044,435,414
ubfc,rnn,ubfc_S12,5,30,0|1|2|3|4,0.4127296337421516,0.3305276839429825,0.7858827736125527,0.5429370104087926,0.3305276839429825,0.21411722638744735,35.718802066919515,38.10785669787775,1.1580895639054118,8.554469607525506,0.3294142809866865,0.3321977883774265,86.71875,77.109375,10.546875,68.99952556837395,181.37556160161142,78.82544191057642,233.6395284456563,410,403
ubfc,rnn,ubfc_S13,5,25,0|1|2|3|4,0.2005942446380914,0.7647716050497014,0.6771597894255709,0.778212894955256,0.7647716050497014,0.32284021057442913,62.048776459621145,65.93292401454663,0.685850277966842,9.736598930791802,0.7648046981064027,0.7647219654646494,105.46875,103.5,2.53125,63.351731268603174,76.79947979071979,85.06533436783226,80.6243264027441,425,419
ubfc,rnn,ubfc_S14,5,30,0|1|2|3|4,0.9158577119965449,-0.29157022747195604,0.8642994417059949,0.0,0.0,0.13570055829400507,0.0019193112486174148,3.392513957350127,1.6076398853866367,2.0276024803521535,-0.29225300054297904,-0.29054606786542153,125.390625,73.59375,51.796875,60.84737290270453,206.00918261265858,81.4655549090328,250.5468471718158,585,441
ubfc,rnn,ubfc_S15,5,30,0|1|2|3|4,0.6425319989933134,-0.38626658709304484,0.7813795214327456,0.2880669720635416,0.0,0.21862047856725442,0.24111973659770225,16.26802341656417,1.6629431057882162,3.109716040790488,-0.3826898865442793,-0.39163163791619315,99.609375,87.65625,11.953125,54.69088002748694,157.68704732625693,55.64287769070618,219.0817950845084,475,451
ubfc,rnn,ubfc_S16,5,30,0|1|2|3|4,0.7984682263290949,-0.2898746598128686,0.8906912325624335,0.11512065709830221,0.0,0.10930876743756646,0.1437461500285723,7.049743827125495,1.5975826701175084,4.219834325022646,-0.27613519392989394,-0.3104838586373305,65.625,64.6875,6.09375,159.94646684213018,198.63514850726932,145.90984387519083,260.97467464359164,310,397
ubfc,rnn,ubfc_S17,5,30,0|1|2|3|4,0.5779055041989983,0.7364785622759971,0.6051605088403186,0.3597431586351807,0.7364785622759971,0.3948394911596814,48.17119175293249,50.97930181316121,0.7315132743433447,11.778591953197372,0.7324441647297394,0.7425301585953834,108.984375,105.0,3.984375,84.34852572528168,125.85533458329847,47.515084080005856,138.4329433655193,500,495
ubfc,rnn,ubfc_S20,5,20,0|1|2|3|4,0.7638882015204504,-0.378258156283661,0.8190525707370296,0.1534727960735749,0.0,0.18094742926297036,0.18161423320327208,10.278915584333317,1.6582201297113177,1.957933090049446,-0.3748469992899099,-0.38337489177428774,114.2578125,87.890625,26.3671875,32.737154384593865,167.34113098565746,35.667095577357,228.93363951884578,365,309
ubfc,rnn,ubfc_S22,5,20,0|1|2|3|4,0.41287010280390923,0.2528725027028992,0.7382201567375699,0.5427812184737646,0.2528725027028992,0.2617798432624301,33.96694263332522,36.38151062568564,1.2264025459873094,6.7574292731668155,0.2479683975979227,0.260228660360364,100.1953125,100.1953125,0.0,35.497410454552984,99.37672593295883,52.24026066462535,147.82809899727064,305,306
ubfc,rnn,ubfc_S23,5,20,0|1|2|3|4,0.8588583294321646,0.11443831916768019,0.7418138594019165,0.04814298314472565,0.11443831916768019,0.25818614059808354,10.136718983792367,12.551452351667308,1.321419811738985,7.7674514537309705,0.1269248405718527,0.09570853706142146,114.2578125,74.8828125,41.484375,67.60157665292803,216.55492275728068,55.20088810099019,249.22186265289912,350,281
ubfc,rnn,ubfc_S24,5,30,0|1|2|3|4,0.505752804933355,0.315510293992986,0.7914034349343447,0.4397665352808,0.315510293992986,0.20859656506565527,32.222941280907584,33.53779522440836,1.1661386321057015,5.684846548665994,0.32006034535532163,0.30868521694948264,97.265625,78.984375,18.75,57.172704644424584,181.04499411353237,55.003955072593214,230.34394572754317,445,430
ubfc,rnn,ubfc_S25,5,30,0|1|2|3|4,0.5391321812230984,-0.6417266828815814,0.9359900778907484,0.40274601590707937,0.0,0.0640099221092516,0.20111688995912672,16.703223649246766,1.8133038025589152,3.229735543733377,-0.6440353401873109,-0.6382636969229872,79.6875,79.453125,0.234375,53.78058367126927,127.1566013310576,76.94412264721852,135.9871661712821,365,386
ubfc,rnn,ubfc_S26,5,30,0|1|2|3|4,0.44826907327681825,0.5989708122517368,0.7284094209982386,0.5035208002794087,0.5989708122517368,0.2715905790017614,46.05346681476123,48.13319994496199,0.9002332089302953,8.603403323197416,0.5947900847695317,0.6052419034750446,106.640625,94.6875,11.953125,73.4223431835281,143.9608494507642,66.48721367180231,153.94685349052673,495,485
ubfc,rnn,ubfc_S27,5,30,0|1|2|3|4,0.35310659605696526,0.7704072604071375,0.6774298455858068,0.6090639446745703,0.7704072604071375,0.32257015441419323,56.744629826885465,59.79442405091887,0.6816022761156011,10.537908041936358,0.7677091685970163,0.7744543981223193,118.359375,116.015625,2.34375,47.84264130636696,70.02379159216459,63.71678789635471,91.94421629451564,550,556
ubfc,rnn,ubfc_S30,5,30,0|1|2|3|4,0.45612302324023324,0.634762637226612,0.6091026257613559,0.4948101130497561,0.634762637226612,0.3908973742386441,51.21644254887083,52.13141249132991,0.8585956706997165,10.095579453551034,0.6314067371278519,0.6397964873747519,114.84375,110.625,6.5625,35.81582172799855,115.15541767048002,56.99002761767395,145.53054085653446,550,520
ubfc,rnn,ubfc_S31,5,30,0|1|2|3|4,0.160242489715152,0.7581896808129082,0.7416889773926503,0.8229663652394603,0.7581896808129082,0.2583110226073497,59.7338789960063,65.75112729214756,0.6980700142277654,12.32650195025839,0.7563491276180241,0.7609505106052342,101.953125,99.84375,2.109375,88.40322472645649,100.8423057006832,54.948372782982275,80.9890027054202,490,485
ubfc,rnn,ubfc_S32,5,30,0|1|2|3|4,0.5488453594368764,0.6550873050987713,0.7476957185440948,0.3919732890855161,0.6550873050987713,0.2523042814559052,42.56616520543749,45.57237931830841,0.8318617380908309,8.076547503281349,0.6540030243502511,0.6567137262215518,114.84375,102.890625,13.828125,44.03463776131527,141.0255975113539,36.48611924108439,163.07561838712476,560,517
ubfc,rnn,ubfc_S33,5,30,0|1|2|3|4,0.5755076085328898,0.6824269949510421,0.7691200818947378,0.36240262543266577,0.6824269949510421,0.2308799181052622,41.05011375144301,44.953108717020605,0.8009520772556459,11.396180360428623,0.6792378849699328,0.6872106599227061,60.9375,61.640625,0.703125,251.3454787261278,236.4816297180539,262.0297921858225,273.7528099916727,345,348
ubfc,rnn,ubfc_S34,5,30,0|1|2|3|4,0.3075596159833432,0.6870997849096465,0.6417458866737215,0.6595793540577021,0.6870997849096465,0.35825411332627854,57.49834852179053,59.45682054443253,0.7964917052080666,9.416565787115497,0.6828004817673732,0.6935487396230564,110.15625,105.9375,4.21875,25.785743476554433,82.52070890183157,34.830330567447106,124.41720593155539,520,513
ubfc,rnn,ubfc_S35,5,30,0|1|2|3|4,0.5097298321761311,-0.4982879792162763,0.8962112431703915,0.43535567952325105,0.0,0.10378875682960853,0.23367064532964732,18.920556902862128,1.7227841707564344,4.329599970594812,-0.4839926495044678,-0.5197309737839891,84.375,84.140625,1.171875,60.63652626009457,140.7804783719361,74.43200559430134,188.8653040999948,390,418
ubfc,rnn,ubfc_S36,5,30,0|1|2|3|4,0.5346907095154568,0.5802463922162735,0.6834594210505348,0.4076719794114094,0.5802463922162735,0.3165405789494652,43.684622756420374,44.960453409774736,0.9184192590777471,8.82942905233232,0.5782530322775411,0.5832364321243722,98.4375,89.53125,11.71875,76.46036677466387,146.01870387262235,99.46949227868761,199.85052822588474,450,439
ubfc,rnn,ubfc_S37,5,30,0|1|2|3|4,0.5551900937133285,-0.5411499403843429,0.9167889898856629,0.38493644824811923,0.0,0.08321101011433707,0.21113784596995855,16.5153920621629,1.7511263404658912,3.7646260579758035,-0.5332217301367322,-0.553042255755759,86.71875,83.671875,3.046875,42.53316113185659,139.60219417426438,56.042312057415536,187.44987875342449,405,418
ubfc,rnn,ubfc_S38,5,30,0|1|2|3|4,0.7622617125944859,0.06697782245720342,0.7768801393349117,0.15527670829386753,0.06697782245720342,0.22311986066508827,12.402909075310447,13.912541419792369,1.367828068863084,4.1055654788032445,0.06452318701514305,0.07065977562029398,100.78125,68.4375,32.34375,62.72623940854336,194.34733888103403,87.70038782520507,258.0716395714564,480,419
ubfc,rnn,ubfc_S39,5,30,0|1|2|3|4,0.2866394636420359,0.7385221024880241,0.6474426766659462,0.6827815522752443,0.7385221024880241,0.35255732333405376,59.607294964613075,62.1128201369739,0.7273025464010913,10.16928827084599,0.7355155029992443,0.7430320017211937,93.75,88.59375,5.15625,48.94130070414049,106.63375181993204,36.066785386697354,140.69380044764108,440,436
ubfc,rnn,ubfc_S40,5,30,0|1|2|3|4,0.5029927380445598,0.547720112826809,0.728202525846387,0.4428276802477539,0.547720112826809,0.271797474153613,42.448162718007495,43.94047909413643,0.9548568954585475,9.337628525252628,0.5441241545976324,0.5531140501705738,99.609375,81.09375,18.515625,65.87638750231164,141.65075946133888,93.80559228700994,200.89470855810293,465,442
ubfc,rnn,ubfc_S41,5,30,0|1|2|3|4,0.3150484104366665,0.7123747115882144,0.7417740629121816,0.6512736548217863,0.7123747115882144,0.2582259370878184,53.44744724639215,57.59246216757048,0.7598016177898236,10.710975649048445,0.7113507508019833,0.7139106527675612,84.375,78.984375,5.390625,83.56692407418304,144.72071969891442,90.29481243766524,202.9172005185842,400,393
ubfc,rnn,ubfc_S42,5,30,0|1|2|3|4,0.7193135348514038,-0.5184249886759864,0.8645453206280411,0.2029098285895371,0.0,0.13545467937195887,0.18758027130070867,10.995485556406614,1.740298263167557,1.853065075355168,-0.5143190223920074,-0.5245839381019547,112.5,84.609375,27.890625,41.321421969322266,160.0915257178513,44.0640285074491,194.5186032741599,525,458
ubfc,rnn,ubfc_S43,5,30,0|1|2|3|4,0.6783080022432416,-0.28305853381684837,0.7885767407731786,0.24838839299329007,0.0,0.21142325922682137,0.22618428505723176,14.600146217918914,1.5938468578955756,3.0397538897944383,-0.27017390321179935,-0.3023854797244219,97.265625,81.796875,18.75,60.447786011649015,209.83716485831025,75.5169599823769,255.1618592539238,445,407
ubfc,rnn,ubfc_S44,5,30,0|1|2|3|4,0.6830342517705069,-0.49396330791002874,0.8501914860534665,0.2431465870748576,0.0,0.1498085139465335,0.20586603058524114,12.863209863970498,1.7261664315797425,3.2125833834377344,-0.4898252747563709,-0.5001703576405155,108.984375,96.796875,14.53125,54.259624453556135,155.19720589628383,56.3436169819011,214.73792541960438,520,469
ubfc,rnn,ubfc_S45,5,30,0|1|2|3|4,0.7496578112224025,-0.16921212989390672,0.8513806843665506,0.1692554888102984,0.0,0.14861931563344943,0.17935865966051043,10.062563721222425,1.5276809657968724,5.24637538212271,-0.1669045666290325,-0.172673474791218,91.40625,65.390625,26.015625,59.39183004485398,213.82735330321628,85.40168202937964,289.7467543706317,420,367
ubfc,rnn,ubfc_S46,5,30,0|1|2|3|4,0.41210223552082464,0.4639636226641486,0.7636635456077727,0.543632847497121,0.4639636226641486,0.23633645439222728,41.59621235676401,43.693278990853294,1.0390191157439792,6.98303531515172,0.4602196385592995,0.4695795988214223,89.0625,78.28125,10.78125,48.16374126475573,163.22755033745662,58.84898863365004,228.28866978679096,415,416
ubfc,rnn,ubfc_S47,5,20,0|1|2|3|4,0.4471681525561871,0.5876510090318273,0.6914682364527808,0.5047418134137848,0.5876510090318273,0.30853176354721923,47.24934137480059,48.678024930390926,0.9079348598588218,7.875733413527434,0.5878271451265707,0.5873868048897122,103.7109375,100.546875,13.7109375,79.02042749812523,120.24841962965105,96.22504486493744,146.86189870722075,335,331
ubfc,rnn,ubfc_S48,5,30,0|1|2|3|4,0.40555948581861817,0.6464503019854267,0.6956846336672943,0.5508893039990469,0.6464503019854267,0.30431536633270573,50.42904882426142,52.50811938273541,0.8474816420503258,9.50204341273707,0.6408874331938419,0.654794605172804,112.5,104.296875,10.078125,38.06414402829017,128.1125507173384,49.328828623162394,168.12834228619946,530,500
ubfc,rnn,ubfc_S49,5,30,0|1|2|3|4,0.6458381384583293,-0.437247920744006,0.7738951593000443,0.2844001869488523,0.0,0.22610484069995573,0.24199208929272734,16.317628028080854,1.694694651441443,2.4438382380698243,-0.4359949808121168,-0.4391273306418398,111.328125,102.65625,8.671875,59.10448985375595,161.28152726716164,75.98154957809605,215.72531120180273,515,477
ubfc,transformer,ubfc_S01,5,30,0|1|2|3|4,0.5049675682851498,0.6492025684278435,0.6563288011183396,0.4406374283824416,0.6492025684278435,0.3436711988816604,47.88603619769547,49.46077985242721,0.8382489298671849,8.487323402674255,0.6486693657882596,0.6500023723872193,112.5,113.203125,0.703125,63.195558521553885,124.17061029017388,55.19931603075761,160.72751268321596,515,482
ubfc,transformer,ubfc_S03,5,30,0|1|2|3|4,0.6167123074055126,0.48043890040605475,0.7330925000817053,0.3167031689880293,0.48043890040605475,0.26690749991829466,35.477185545139875,36.565515100235515,1.0224076525901487,5.712285387283282,0.4773412959625513,0.48508530707130976,125.390625,105.46875,19.921875,45.8594698285315,139.865901012095,61.9179605109361,181.58613223918994,585,521
ubfc,transformer,ubfc_S04,5,30,0|1|2|3|4,0.5242072693991132,-0.5636056565189596,0.9133125316232198,0.41929899108956326,0.0,0.08668746837678021,0.22025993743543504,17.890898875278126,1.7550119648421072,2.5431667939445,-0.5400334983694771,-0.598963893743183,69.140625,67.96875,1.171875,86.30888037604201,173.04307642740824,107.03241890809524,205.03357710312315,320,351
ubfc,transformer,ubfc_S08,5,30,0|1|2|3|4,0.4991679193709973,0.6695408769978849,0.6302551849911987,0.447069723974889,0.6695408769978849,0.3697448150088013,49.605822728107704,51.116517911699056,0.8168815969878908,9.747322762102925,0.6663522282512567,0.674323850117827,105.46875,105.46875,0.0,58.77476288951206,82.29297237941813,64.57285439325281,108.11206403914687,495,494
ubfc,transformer,ubfc_S09,5,30,0|1|2|3|4,0.3443654509781364,0.6136985850508394,0.738147628407559,0.6187586054714144,0.6136985850508394,0.261852371592441,49.75282761495581,52.76345393439554,0.8826378254970899,8.84400016395123,0.6104752345008847,0.6185336108757715,75.0,74.53125,10.3125,121.1076714817258,173.82626276932453,119.42371296039622,206.7940332203442,365,387
ubfc,transformer,ubfc_S10,5,30,0|1|2|3|4,0.6946892526122616,0.5570370001594052,0.6730334421068586,0.23022021659035308,0.5570370001594052,0.32696655789314144,35.005488847404585,37.696309575444474,0.9438277974416396,7.29170445237818,0.5545945443882317,0.5607006838161653,116.015625,115.078125,5.15625,35.73482089668856,127.3123818934701,48.14951784157419,155.7713256101807,550,506
ubfc,transformer,ubfc_S11,5,30,0|1|2|3|4,0.5710722499885177,-0.5179572624557309,0.8783763062445432,0.36732180892776833,0.0,0.12162369375545679,0.2281114394977523,16.815160178677733,1.735485232256947,4.630295684439868,-0.5059544956909741,-0.5359614126028663,93.75,84.375,9.375,42.46177985550942,145.67032860919488,48.85520725286277,205.9828647448021,435,417
ubfc,transformer,ubfc_S12,5,30,0|1|2|3|4,0.4467718958510426,0.3274817092024894,0.777781749009867,0.5051812952334098,0.3274817092024894,0.22221825099013304,34.96896655404104,36.780318941099544,1.1724754286915964,8.447237566093484,0.31265068455722844,0.34972824617038084,86.71875,83.90625,4.21875,68.99952556837395,154.12046329732644,78.82544191057642,205.96815555353788,410,401
ubfc,transformer,ubfc_S13,5,25,0|1|2|3|4,0.22109435328408072,0.5856500431964061,0.6991520949914108,0.7554765603184275,0.5856500431964061,0.30084790500858916,54.54864136256228,57.81344525702099,0.9128228937990189,7.253454835576286,0.5833771822781927,0.5890593345737263,105.46875,102.65625,2.8125,63.351731268603174,71.68438324805288,85.06533436783226,94.69454846912295,425,423
ubfc,transformer,ubfc_S14,5,30,0|1|2|3|4,0.8379093809370706,-0.2817715650093524,0.8504317192802696,0.07137711870465246,0.0,0.14956828071973038,0.12995545230989172,6.415848969417727,1.60021126871673,2.067831441610783,-0.2803380522640036,-0.28392183412737565,125.390625,90.0,36.796875,60.84737290270453,188.8728391474277,81.4655549090328,235.21409502426565,585,465
ubfc,transformer,ubfc_S15,5,30,0|1|2|3|4,0.651104657088912,-0.4577387966033125,0.8273057512460419,0.2785591774194006,0.0,0.1726942487539581,0.22447269482561133,14.763325372076475,1.7062620211904256,2.886349377309949,-0.45566504247841816,-0.460849427790654,99.609375,94.453125,11.71875,54.69088002748694,144.5836617096918,55.64287769070618,208.23550128598828,475,456
ubfc,transformer,ubfc_S16,5,30,0|1|2|3|4,0.7703914393378457,-0.32361263998585404,0.8874886390758947,0.14626016155575228,0.0,0.1125113609241053,0.15838766734237866,8.297540081443342,1.6189748678554619,4.10429900126106,-0.3105398113738052,-0.34322188290392736,65.625,72.1875,12.1875,159.94646684213018,177.97026746317854,145.90984387519083,222.26084037586793,310,404
ubfc,transformer,ubfc_S17,5,30,0|1|2|3|4,0.3969679858174339,0.639580688817295,0.6285695063538285,0.5604179958919777,0.639580688817295,0.37143049364617153,53.13395817274002,54.285713017752016,0.8519567647896098,10.454685067725912,0.6370848354646108,0.6433244688463211,108.984375,105.234375,4.6875,84.34852572528168,122.67919219687253,47.515084080005856,138.1308288453794,500,489
ubfc,transformer,ubfc_S20,5,20,0|1|2|3|4,0.6657047090886159,-0.3335748591711507,0.7720790209757316,0.2623664989457033,0.0,0.22792097902426844,0.23525383831729169,15.536768186070585,1.6323430369044496,2.094548127936386,-0.33227189506522076,-0.3355293053300456,114.2578125,95.625,19.3359375,32.737154384593865,146.05618505791867,35.667095577357,192.46859365662638,365,332
ubfc,transformer,ubfc_S22,5,20,0|1|2|3|4,0.33238717210858915,0.3327389990656723,0.7175342943351114,0.6320435183201354,0.3327389990656723,0.2824657056648886,40.626596407864746,43.24098704359001,1.1598875302303415,7.241772553315055,0.3273304586080795,0.34085180975206136,100.1953125,100.1953125,0.0,35.497410454552984,74.62099872709831,52.24026066462535,109.43175335329006,305,308
ubfc,transformer,ubfc_S23,5,20,0|1|2|3|4,0.8658342678087054,0.11944158133212449,0.7157361415960142,0.04040608418121905,0.11944158133212449,0.2842638584039858,9.880553577112265,13.100883916850028,1.3211766421088813,7.769049991088648,0.12724614017295052,0.10773474307088542,114.2578125,71.71875,42.5390625,67.60157665292803,185.80314725399916,55.20088810099019,219.59558789334142,350,290
ubfc,transformer,ubfc_S24,5,30,0|1|2|3|4,0.5891878648538591,0.4187309568390075,0.7523208101396965,0.34723007727682964,0.4187309568390075,0.24767918986030346,34.231783916335445,34.91551852585148,1.076173147914923,6.382207177242206,0.4209256778534426,0.41543887531735496,97.265625,85.546875,12.65625,57.172704644424584,164.17468138788257,55.003955072593214,208.33046681074617,445,437
ubfc,transformer,ubfc_S25,5,30,0|1|2|3|4,0.4779451580990048,-0.6914781989301602,0.9269273888439434,0.4706075407996769,0.0,0.07307261115605657,0.22038688033493023,19.4745980588893,1.83403224660379,3.131007642961267,-0.6818371407912723,-0.705939786138492,79.6875,79.6875,0.0,53.78058367126927,113.59094368859772,76.94412264721852,149.1561151679378,365,381
ubfc,transformer,ubfc_S26,5,30,0|1|2|3|4,0.5375244917253271,0.600362598124807,0.6849485214796366,0.40452907798956217,0.600362598124807,0.3150514785203634,44.06630594900103,45.55972481729793,0.9001409190528933,8.6042938266523,0.5948731629233067,0.6085967509270572,106.640625,99.140625,7.5,73.4223431835281,145.48111276298093,66.48721367180231,168.32140688527318,495,479
ubfc,transformer,ubfc_S27,5,30,0|1|2|3|4,0.301955323428259,0.5726179475244849,0.7196205944168679,0.6657949831129173,0.5726179475244849,0.2803794055831321,50.68606550736847,53.449970038480885,0.9250148207079026,7.885554860122647,0.5721737907353633,0.5732841827081674,118.359375,115.546875,2.8125,47.84264130636696,79.76127319263556,63.71678789635471,102.56192851999165,550,546
ubfc,transformer,ubfc_S30,5,30,0|1|2|3|4,0.5247069049328514,0.5110381755605349,0.6310935311504824,0.41874485350484636,0.5110381755605349,0.3689064688495176,43.714964255266835,44.08952531118974,0.9906518024985407,8.852932658124566,0.5093045031031959,0.5136386842465435,114.84375,112.5,4.21875,35.81582172799855,105.37807736738023,56.99002761767395,141.45355233476414,550,518
ubfc,transformer,ubfc_S31,5,30,0|1|2|3|4,0.204048718036001,0.6853586763146976,0.7549015507771999,0.7743815951058155,0.6853586763146976,0.2450984492228001,55.48332664720878,60.867721408839245,0.7932785386480378,11.215967512929879,0.6853545800602167,0.685364820696419,101.953125,98.4375,3.515625,88.40322472645649,104.25684231686873,54.948372782982275,105.26985577783904,490,484
ubfc,transformer,ubfc_S32,5,30,0|1|2|3|4,0.4424855392597106,0.678102581471955,0.7049137404518214,0.5099352231035612,0.678102581471955,0.2950862595481786,49.49270039791024,51.928574160286324,0.8040374927285132,8.372044474032824,0.676761855143423,0.680113670964753,114.84375,114.375,3.75,44.03463776131527,108.51579329124667,36.48611924108439,144.6004582498237,560,531
ubfc,transformer,ubfc_S33,5,30,0|1|2|3|4,0.5748798041833272,0.6135650654961928,0.7955106908827235,0.3630989129511666,0.6135650654961928,0.20448930911727647,38.29347173062174,41.73713191970789,0.8871037569651004,10.508822631036649,0.6065234621892021,0.6241274704566792,60.9375,62.109375,1.171875,251.3454787261278,232.3742869487014,262.0297921858225,296.30290997909754,345,345
ubfc,transformer,ubfc_S34,5,30,0|1|2|3|4,0.31256771378380294,0.6142000712722939,0.6367337224974727,0.6540249548371158,0.6142000712722939,0.36326627750252727,55.146802846508834,56.640095416666036,0.8828304002021969,8.522645341150795,0.6103052422394145,0.6200423148216129,110.15625,111.09375,4.6875,25.785743476554433,77.71657164305829,34.830330567447106,109.47797975392956,520,518
ubfc,transformer,ubfc_S35,5,30,0|1|2|3|4,0.4051815277040508,-0.5841165280459604,0.9117344289907175,0.5513084911516569,0.0,0.08826557100928245,0.24517198276881805,22.880707693419197,1.7722992381301215,4.08347640952133,-0.5705222947383048,-0.6045078780074438,84.375,84.609375,1.171875,60.63652626009457,112.78922204874979,74.43200559430134,163.28082563278411,390,398
ubfc,transformer,ubfc_S36,5,30,0|1|2|3|4,0.49626034412868314,0.6297330678572672,0.6547969901284113,0.4502944680400355,0.6297330678572672,0.3452030098715887,47.78191594186409,49.13110784293857,0.8695196717364958,9.304660460977,0.6219677702316284,0.6413810142957255,98.4375,96.796875,5.390625,76.46036677466387,110.97708882686402,99.46949227868761,142.01272079762003,450,441
ubfc,transformer,ubfc_S37,5,30,0|1|2|3|4,0.46842534977746547,-0.6509399523256386,0.9232603336642002,0.48116580424182354,0.0,0.07673966633579976,0.22496528689901854,19.962209317463376,1.812651273078871,3.4646904650992747,-0.6428523188972264,-0.663071402468257,86.71875,84.140625,2.578125,42.53316113185659,122.13580973152271,56.042312057415536,182.66065614384448,405,417
ubfc,transformer,ubfc_S38,5,30,0|1|2|3|4,0.7899114643894181,0.1292932828463064,0.7485837713744962,0.12461082157634429,0.1292932828463064,0.25141622862550383,15.058188265656822,15.806809631486995,1.318842390045997,4.422337755027212,0.1303273751088811,0.12774214445244433,100.78125,73.59375,27.1875,62.72623940854336,187.87917175316278,87.70038782520507,259.0406607001244,480,423
ubfc,transformer,ubfc_S39,5,30,0|1|2|3|4,0.16951240243854102,0.7911483543184636,0.6477253276048849,0.812685256911071,0.7911483543184636,0.3522746723951151,65.28117628547054,68.95062723098542,0.6487689466344647,11.161789349629599,0.7895494269414031,0.7935467453840543,93.75,93.75,0.0,48.94130070414049,87.71880563348162,36.066785386697354,118.67577115911159,440,443
ubfc,transformer,ubfc_S40,5,30,0|1|2|3|4,0.4659861188684645,0.6395023614980351,0.7013607001535433,0.4838711152799867,0.6395023614980351,0.29863929984645665,47.615810758734824,49.592487875337234,0.8528529505505832,10.318911173106802,0.6363209223685825,0.6442745201922141,99.609375,95.625,3.984375,65.87638750231164,121.41895283049064,93.80559228700994,170.11618104878488,465,447
ubfc,transformer,ubfc_S41,5,30,0|1|2|3|4,0.3608151659691501,0.6842577685790985,0.7300040006341801,0.6005144960779106,0.6842577685790985,0.26999599936581986,51.64080984568632,54.92885990878334,0.7975872204432899,10.28941619249583,0.6819273128927733,0.6877534521085863,84.375,82.5,4.6875,83.56692407418304,139.68574249195123,90.29481243766524,182.04708495645062,400,400
ubfc,transformer,ubfc_S42,5,30,0|1|2|3|4,0.7249868903915667,-0.5783327852117057,0.8700191673111848,0.19661760290906072,0.0,0.12998083268881522,0.1834755623996629,10.622680926310156,1.775282712752871,1.6801883296018314,-0.5758143550995966,-0.5821104303798696,112.5,89.296875,23.203125,41.321421969322266,137.48570275974447,44.0640285074491,174.88055249807275,525,472
ubfc,transformer,ubfc_S43,5,30,0|1|2|3|4,0.5676589785306615,-0.4118685238257114,0.8108477316892059,0.3711074123805256,0.0,0.18915226831079412,0.25572032591134425,18.645334672039564,1.6732358278917012,2.617542596566536,-0.39985906787021375,-0.4298827077589578,97.265625,107.578125,13.59375,60.447786011649015,159.01352188823628,75.5169599823769,204.89394360894087,445,427
ubfc,transformer,ubfc_S44,5,30,0|1|2|3|4,0.5743835556869445,-0.5468837759470362,0.8615227374505303,0.36364929402824375,0.0,0.13847726254946968,0.23474732291638217,17.098780089795884,1.757327756875148,3.0571813429843213,-0.5441004225419193,-0.5510588060547116,108.984375,101.953125,7.5,54.259624453556135,133.41934134076558,56.3436169819011,172.918459543201,520,478
ubfc,transformer,ubfc_S45,5,30,0|1|2|3|4,0.58121710694186,-0.2211885195562226,0.8356283381677164,0.3560703142885401,0.0,0.16437166183228358,0.24309870730492505,17.461928331627345,1.5621551166314294,5.052545620516778,-0.22016430420887728,-0.22272484257724057,91.40625,68.671875,22.734375,59.39183004485398,199.08059349611887,85.40168202937964,279.1019489324608,420,400
ubfc,transformer,ubfc_S46,5,30,0|1|2|3|4,0.3780494194654404,0.5023119566075334,0.7438376609325484,0.5814002678816493,0.5023119566075334,0.25616233906745156,44.840670590487676,47.04326689503064,1.0012185045853357,7.304928716295663,0.4987807530379519,0.5076087619619056,89.0625,84.609375,4.921875,48.16374126475573,146.91057674152665,58.84898863365004,187.2107574661593,415,413
ubfc,transformer,ubfc_S47,5,20,0|1|2|3|4,0.2988363120987207,0.6359752107804821,0.6621561979916244,0.6692542274783523,0.6359752107804821,0.3378438020083756,55.34338653025647,57.39219898491568,0.8546605150321825,8.400954429870685,0.634777702022462,0.6377714739175122,103.7109375,110.0390625,6.328125,79.02042749812523,90.67241116234771,96.22504486493744,111.53232127710193,335,332
ubfc,transformer,ubfc_S48,5,30,0|1|2|3|4,0.4660152120740398,0.5726075618139207,0.6729911553139174,0.48383884848233016,0.5726075618139207,0.3270088446860826,46.7303523231303,47.79196150326147,0.9261761075283448,8.730777933533302,0.5710989089218221,0.5748705411520686,112.5,98.203125,19.453125,38.06414402829017,134.33601773240395,49.328828623162394,174.44227562973867,530,495
ubfc,transformer,ubfc_S49,5,30,0|1|2|3|4,0.5939024194516892,-0.4332461413583183,0.800615618893312,0.3420012420130304,0.0,0.199384381106688,0.25129460497959966,17.80965610315584,1.6908300485385288,2.463668268487152,-0.42945312652040135,-0.4389356636151937,111.328125,106.171875,13.125,59.10448985375595,143.3986892237485,75.98154957809605,204.04619748905046,515,484
