dataset,model,participant,n_recordings,n_chunks,folds,BWMD,WCR,EDD,s_BWMD,s_WCR,s_EDD,RPFI,RPFI_alt_agg,RMSE,PSNR_dB,CCC,Spearman,HR_label_bpm,HR_pred_bpm,HR_MAE_bpm,PRV_sdnn_label_ms,PRV_sdnn_pred_ms,PRV_rmssd_label_ms,PRV_rmssd_pred_ms,PRV_n_rr_label,PRV_n_rr_pred
cohface,bilstm,cohface_1,20,120,0|1|2|3|4,0.6403407703673357,0.024964121312226095,0.8489674065562351,0.2904972278327359,0.024964121312226095,0.15103259344376485,9.827420149392692,15.605615429030195,1.397481202151143,9.231805183234716,0.023523144817098326,0.027125586054917748,84.25,84.7,9.95,76.76276069031799,152.87712031968343,80.10232364020237,198.6231254385721,1585,1778
cohface,bilstm,cohface_10,20,120,0|1|2|3|4,0.6808772802664794,-0.03426011262069954,0.8562347378270776,0.2455388488313467,0.0,0.1437652621729224,0.20450718507362015,12.80183838549856,1.438617152614893,10.901630459713497,-0.03480965589889117,-0.03343579770341211,83.0,86.55,10.15,63.63238380699364,155.81009136489752,58.2643702626679,204.5551621721082,1545,1790
cohface,bilstm,cohface_11,10,60,0|1|2|3|4,0.8911614642314326,0.0643439282714931,0.8052313720569867,0.012316105575546077,0.0643439282714931,0.1947686279430133,4.565597447159176,7.743966967839302,1.3661957377545022,14.257615990976918,0.06675460307071565,0.060727916072659295,66.5,85.2,19.1,100.61282585108245,150.1994944978346,98.49789267992142,194.48370235811814,605,909
cohface,bilstm,cohface_12,15,95,0|1|2|3|4,0.8076682621901047,0.05452949377493422,0.8539133964901283,0.10491704805315383,0.05452949377493422,0.14608660350987168,8.91675165893542,9.631410406300093,1.3746944180372338,13.330032638427909,0.05510762850863568,0.053662291674382016,54.31578947368421,84.63157894736842,30.31578947368421,263.71834751813947,161.74652472541356,269.25824035672525,219.41355403052856,1080,1395
cohface,bilstm,cohface_13,20,120,0|1|2|3|4,0.8887408318649096,5.560908187190864e-05,0.8656776150135502,0.015000789274955295,5.560908187190864e-05,0.13432238498644977,0.3180603530994559,3.9226745630422646,1.4156103291468143,14.15253303292266,-0.0019763019935759678,0.0031034756950437227,66.5,85.9,20.4,87.3858511631625,163.80304868391943,96.6942386326784,217.2285900627093,1235,1764
cohface,bilstm,cohface_14,10,60,0|1|2|3|4,0.6437735832052293,0.12399487039507587,0.8333509860544062,0.28668995135553454,0.12399487039507587,0.16664901394559384,18.281286644685732,19.566906164287737,1.32639813120489,14.680400673660898,0.12033399876808767,0.12948617783555816,83.0,87.1,9.099999999999998,69.685569366462,149.20844863550556,79.00240066190922,195.40383012256507,785,873
cohface,bilstm,cohface_15,20,120,0|1|2|3|4,0.6133652971721688,0.0008574180974397868,0.888457439844064,0.3204152832022671,0.0008574180974397868,0.111542560155936,2.669622493359746,14.836290302637407,1.412500458552727,10.168643186964752,0.002421227294167983,-0.0014882956976525073,83.0,86.3,10.599999999999996,64.81171032724177,156.4528324509356,72.35806959621185,207.28604535377167,1605,1751
cohface,bilstm,cohface_16,20,120,0|1|2|3|4,0.8788550124733956,0.009665890127556809,0.9110051859866175,0.02596498959828797,0.009665890127556809,0.0889948140133825,2.438947363494655,3.5610283400537415,1.4071688321683675,11.098373382751092,0.009937938886956231,0.009257816988457677,57.5,85.1,27.8,119.52883650913665,157.48977334406848,115.90604180246945,207.48048735909313,1070,1771
cohface,bilstm,cohface_17,10,60,0|1|2|3|4,0.7015157108685224,0.010362565635862601,0.8444796878456161,0.2226491035792495,0.010362565635862601,0.1555203121543839,6.4432483588062235,12.625945399426303,1.4050445160696414,10.78557487340409,0.012924953931313666,0.006518983192686005,58.5,89.0,30.500000000000007,192.8446882966402,153.17322535621233,254.44532662720331,200.4540300962248,885,885
cohface,bilstm,cohface_18,20,120,0|1|2|3|4,0.8204196060866129,-0.03618195005957564,0.8422030661073178,0.09077474144850017,0.0,0.15779693389268223,0.14413236831054915,7.348976151635813,1.4397816479549375,12.792554294148317,-0.03648559689391746,-0.03572647980806292,77.75,85.8,12.050000000000004,52.74820507731759,161.07715538620386,66.8514171062362,207.6292450057133,1415,1776
cohface,bilstm,cohface_19,20,120,0|1|2|3|4,0.885656050780171,0.052905326512305534,0.8620792274193507,0.018422069436692334,0.052905326512305534,0.13792077258064928,4.526073481822105,6.122796662603652,1.3772709689668488,14.43065730525916,0.0515623390205584,0.05491980774992623,69.5,89.4,20.8,86.39898895201179,152.13489479004858,110.62026082623001,193.70665556080172,1260,1804
cohface,bilstm,cohface_2,15,90,0|1|2|3|4,0.8465401471067829,0.045605952815781246,0.8883091595951542,0.06180487734752227,0.045605952815781246,0.11169084040484578,6.393975909041447,6.8201771412450265,1.3813132380394355,10.947120353390417,0.04598686920850469,0.04503457822669608,70.0,85.73333333333333,17.066666666666666,65.70648964025838,153.70242616099588,56.90901829794961,203.4156361527458,970,1331
cohface,bilstm,cohface_20,20,120,0|1|2|3|4,0.7870717887872976,0.047278018569221605,0.9200146428354762,0.12776025926298207,0.047278018569221605,0.07998535716452382,7.827954025990219,8.563569347820733,1.3805769343110097,9.813569934464823,0.047003664224207126,0.04768955008674333,75.5,85.1,12.899999999999999,36.96414428485936,160.72604722756014,43.529774520910095,201.03143128286274,1380,1770
cohface,bilstm,cohface_21,20,120,0|1|2|3|4,0.6868399465171827,-0.0008052160075306448,0.855273769941227,0.23892575338171662,0.0,0.14472623005877305,0.20276146660980254,12.5778715032837,1.4159026096380423,12.330985455586381,-0.002390099989909211,0.0015721099660372046,86.5,86.0,14.2,59.839639471840265,157.50975443035833,54.41071875825085,207.91248332312205,1640,1783
cohface,bilstm,cohface_22,20,120,0|1|2|3|4,0.8301422089213939,0.014040887152028477,0.8718586808161551,0.07999156193419033,0.014040887152028477,0.12814131918384486,4.686372651086336,6.729749820329327,1.4043248085903615,11.780127581298379,0.013935915988822377,0.014198343896837627,60.75,85.1,24.45,194.1642984146113,155.00493129052904,198.36403554649374,203.79536238283805,1290,1779
cohface,bilstm,cohface_23,20,120,0|1|2|3|4,0.6688380830180617,0.020539780839485593,0.9010081921542766,0.2588913252560199,0.020539780839485593,0.09899180784572337,7.871224564561888,12.95346167472454,1.3989019559842373,8.023462036040977,0.02153665877173752,0.019044463941107696,84.75,86.5,12.149999999999999,77.80556854308755,158.63827813148478,105.05910225195339,209.74955645146258,1590,1779
cohface,bilstm,cohface_24,20,120,0|1|2|3|4,0.631590354778195,0.05031231253701822,0.8014587231901636,0.3002021704006841,0.05031231253701822,0.19854127680983635,13.855453426956812,18.107825030409742,1.3807247230694677,14.265624638576341,0.04679961955237112,0.055581352013988866,92.25,86.1,12.449999999999998,81.62114892964615,155.97746227663092,98.26622003516769,208.55580161688067,1720,1795
cohface,bilstm,cohface_25,20,120,0|1|2|3|4,0.6035320331828729,0.01943985061053189,0.8210911243203748,0.33132119519003833,0.01943985061053189,0.1789088756796252,9.806437732627522,17.626261109512015,1.3997995898054763,10.46561278085392,0.020280554190210163,0.01817879524101448,88.75,87.65,10.599999999999996,58.96697150667046,150.2873100897796,65.27212391803798,197.47811580987417,1675,1791
cohface,bilstm,cohface_26,20,120,0|1|2|3|4,0.6927796584732027,0.05715005662779002,0.802359469679866,0.2323381161642495,0.05715005662779002,0.19764053032013396,13.186982380672788,15.796819737704832,1.3740834543735216,10.03026429424182,0.05594733020846496,0.05895414625677762,81.25,89.3,13.35,93.14693127644155,152.55404040606152,91.50127442542265,199.60455837906272,1610,1797
cohface,bilstm,cohface_27,20,120,0|1|2|3|4,0.8878495514077099,0.0035185613712250085,0.8416707484312355,0.015989293827789575,0.0035185613712250085,0.15832925156876454,1.6077302932005335,4.68977585918216,1.4145129779288967,14.216356796404408,-0.00042348236463789316,0.00943162697501936,65.25,85.1,20.85,100.08198896937837,155.35998556522446,132.2875655532295,200.0299558153406,1205,1789
cohface,bilstm,cohface_28,15,90,0|1|2|3|4,0.8850676191815745,0.022174316852404976,0.8464974483320873,0.01907468928215783,0.022174316852404976,0.1535025516679127,3.3993375781421427,5.384401521743923,1.398813661993184,14.326970405901463,0.021660169510609117,0.022945537865098762,66.33333333333333,88.06666666666666,22.8,120.64643845583818,162.49259393564262,120.36590799403676,214.32393193070766,920,1339
cohface,bilstm,cohface_29,20,140,0|1|2|3|4,0.698435467374964,0.017320943816963696,0.8803274992631395,0.2260653511729499,0.017320943816963696,0.11967250073686053,7.358692838630134,12.118798580543274,1.4011921178963227,6.30268634332997,0.018330324372608904,0.01580687298349589,54.857142857142854,86.27142857142857,31.414285714285715,203.6319523806714,159.92962842422816,261.47689333066575,209.7379683342601,1950,2093
cohface,bilstm,cohface_3,10,60,0|1|2|3|4,0.8481791898378839,0.00981888101214785,0.8692561526833769,0.0599870419076276,0.00981888101214785,0.13074384731662314,3.6974312415793213,5.886318292407158,1.4070086870324514,13.331126116818247,0.010163277307608777,0.009302286568956458,70.0,84.2,16.8,63.28608743996212,163.7003731492722,84.46076420241047,206.99773659147854,640,886
cohface,bilstm,cohface_30,15,90,0|1|2|3|4,0.8514109810730311,0.006938780141927342,0.8685900913621819,0.056402715196605335,0.006938780141927342,0.1314099086378181,3.1759649809075765,5.660553791140428,1.4080666970540956,10.8114183930273,0.008674088323584732,0.004335817869441256,59.333333333333336,82.4,23.066666666666666,219.00064920214805,160.11539386493493,248.08928927816584,208.76915199216913,970,1314
cohface,bilstm,cohface_31,15,90,0|1|2|3|4,0.7647743986718737,-0.005093921239076076,0.8072675741519064,0.1524899293318953,0.0,0.19273242584809358,0.1840577603386976,10.536682996148414,1.4189610009507287,12.371418646344427,-0.00672516110954696,-0.002647061433369751,50.333333333333336,89.2,38.86666666666667,244.05526244550103,153.30443933530097,310.8567908932414,200.20134908955131,1170,1331
cohface,bilstm,cohface_32,10,60,0|1|2|3|4,0.8826458326333317,0.017856393183998693,0.9059847863179692,0.02176065306560304,0.017856393183998693,0.09401521368203081,2.913058181995199,3.8360195764108354,1.3994653477591734,11.220531835038582,0.02074837021064798,0.013518427644024765,61.0,88.3,27.700000000000006,71.04716562025854,165.5578515871081,71.75315220591472,220.57355827654968,565,895
cohface,bilstm,cohface_33,10,60,0|1|2|3|4,0.8080406577922037,0.03961717499209497,0.8674394248294046,0.10450403019198928,0.03961717499209497,0.13256057517059538,7.708764859893548,8.718559573668044,1.3864481366007166,12.411994219602768,0.03888078225820016,0.04072176409293718,77.5,89.2,14.9,79.25421030903391,154.1868770068673,89.03008811153273,204.09725285450193,705,895
cohface,bilstm,cohface_34,20,120,0|1|2|3|4,0.8410357998475322,0.024485375356803042,0.8486195384606097,0.06790965871257715,0.024485375356803042,0.15138046153939033,5.660200612173658,7.249325316086516,1.3969450609335343,14.23309763600306,0.024272248366701988,0.02480506584195462,61.5,83.1,21.8,201.14364742788007,160.25133332217922,245.45875417267155,204.04104011456323,1270,1766
cohface,bilstm,cohface_35,20,120,0|1|2|3|4,0.618185450722316,0.0018221664164799136,0.8459664571502115,0.3150693298705278,0.0018221664164799136,0.15403354284978854,3.8152819584939066,15.734269682007504,1.4129372216318397,12.401110265319275,0.0018042038636488914,0.001849110245726447,85.25,84.95,12.899999999999999,70.10869231315772,159.26687463671297,74.27616813313925,207.65918517626565,1595,1763
cohface,bilstm,cohface_36,20,120,0|1|2|3|4,0.6547214240478946,0.04721422150392554,0.7525611032691268,0.27454788044030176,0.04721422150392554,0.24743889673087316,13.82375699403383,18.252051241180354,1.3817271524554608,14.478707213467064,0.04541503808366182,0.04991299663432111,89.75,86.55,13.0,114.85768491781074,155.08890855718346,102.41475504673164,205.7193687046247,1680,1777
cohface,bilstm,cohface_37,10,60,0|1|2|3|4,0.810177939116964,0.005817502495025318,0.9025813240093321,0.10213360649073244,0.005817502495025318,0.09741867599066789,3.446474130138448,6.483633486732613,1.4042691248065813,7.03147235370623,0.01401411255747908,-0.006477412598655327,62.5,80.5,18.4,174.65077932614258,167.2088727543258,193.54331916509702,212.75992707919275,670,894
cohface,bilstm,cohface_38,15,80,0|1|2|3|4,0.8575878045761897,-0.0035891434343429717,0.8341879821882866,0.049552101446911134,0.0,0.1658120178117134,0.11629265347402233,6.003504249552003,1.415570249782887,14.149236307334778,-0.0019195660351923856,-0.006093509533068851,62.625,82.5,20.175000000000004,242.81442545459527,163.63053133923353,224.82734993346892,210.29960197836616,925,1191
cohface,bilstm,cohface_39,20,120,0|1|2|3|4,0.8149020252063331,-0.02640567626200438,0.8702135098385708,0.09689420000582594,0.0,0.12978649016142918,0.14065949050641746,6.878194754254202,1.433523035139253,12.895602592938257,-0.02749414613742786,-0.024772971448869155,63.0,86.4,23.6,200.90669780468968,161.92237428806388,210.9884571066817,211.35080240360264,1360,1790
cohface,bilstm,cohface_4,15,90,0|1|2|3|4,0.717713310506756,0.010776785667249381,0.869914675106701,0.20468461119299564,0.010776785667249381,0.13008532489329905,6.0589517031900435,11.331935504591664,1.4099614046406437,13.957647185045008,0.006004418711891545,0.017935336100286133,56.0,84.93333333333334,28.933333333333334,240.69747393611823,160.2413590366759,287.75744616966387,211.1066081391106,1240,1340
cohface,bilstm,cohface_40,20,120,0|1|2|3|4,0.8859060443197395,0.05384866874392978,0.9108776511717399,0.018144805697712707,0.05384866874392978,0.08912234882826009,4.061808001988091,4.927814012268096,1.3749377165171872,9.539291225795946,0.054773137849251544,0.05246196508594714,61.5,85.35,24.75,105.75958336644929,156.4122975891977,116.29441192036033,203.54375334018366,1145,1800
cohface,bilstm,cohface_5,20,120,0|1|2|3|4,0.8244807407773064,0.009006461631586674,0.8596758787820539,0.08627060349843596,0.009006461631586674,0.14032412121794613,4.175317180660837,7.080992972824501,1.4085866663696787,9.355664034221814,0.007941801662777706,0.010603451584800127,74.0,86.2,14.7,84.93386055396519,155.0763494020881,82.69186576702462,200.09875981077832,1385,1765
cohface,bilstm,cohface_6,10,60,0|1|2|3|4,0.8682091623897311,-0.0011298757463993358,0.9080042129307215,0.03777212751036241,0.0,0.09199578706927847,0.09065281143390556,3.716349458370552,1.4146333580372914,10.670928427460712,-0.0005937688359319001,-0.0019340361121004891,62.5,85.0,23.300000000000008,91.74576426085903,160.11595246681736,96.41637052313449,214.60136057665775,575,888
cohface,bilstm,cohface_7,15,90,0|1|2|3|4,0.8350252964418369,0.02906343555852794,0.8242946078042037,0.07457580956707133,0.02906343555852794,0.17570539219579628,6.4889678150325505,8.279106497104879,1.3957804257187012,13.943917024278543,0.0258985015902608,0.03381083651092865,61.0,85.73333333333333,25.133333333333333,214.91952754240486,160.93351422097663,239.11435689994784,210.42200915671833,1015,1339
cohface,bilstm,cohface_8,10,60,0|1|2|3|4,0.7878506849752834,0.005562306491249881,0.8485842984102216,0.12689639826189114,0.005562306491249881,0.15141570158977835,4.1049399414975225,8.752593967987247,1.4118697790694008,12.896294855868927,0.003311863475260785,0.008937971015233526,73.5,87.9,15.799999999999999,110.49702608013578,160.31356897001692,140.7885953173358,208.1113262887243,690,893
cohface,bilstm,cohface_9,10,60,0|1|2|3|4,0.8251300382128173,0.042252659810361276,0.8807967343313658,0.08555047835044083,0.042252659810361276,0.11920326566863415,7.134289428048211,7.7726993227459324,1.3846680197133037,12.21884808855708,0.0413472375916191,0.04361079313847453,72.50000000000001,84.0,15.299999999999995,59.564396694294956,162.3221174805132,63.916866738432525,214.98986666550223,675,869
cohface,bimamba,cohface_1,20,120,0|1|2|3|4,0.7326587926510755,0.044809021414222584,0.7995868807101774,0.1881088218052417,0.044809021414222584,0.20041311928982264,11.159558686343807,13.744747102975477,1.3826241589071633,9.324641856457777,0.0441752176031297,0.045759727130861905,84.25,83.5,13.95,76.76276069031799,176.1925768886847,80.10232364020237,242.70045070401048,1585,1830
cohface,bimamba,cohface_10,20,120,0|1|2|3|4,0.7169195760381469,0.006266421163085476,0.810150404075654,0.2055649290880236,0.006266421163085476,0.18984959592434603,5.443028964920167,12.689915532525243,1.410157816819899,11.075180758649456,0.0057274658308680325,0.007074854161411641,83.0,81.15,17.35,63.63238380699364,177.69392022682564,58.2643702626679,244.77449846180954,1545,1817
cohface,bimamba,cohface_11,10,60,0|1|2|3|4,0.9114514624885636,0.06122052643871534,0.7529674999808198,0.0,0.06122052643871534,0.2470325000191802,0.13908327894814207,8.47158224193133,1.370898259457096,14.2277700121688,0.06031898110875237,0.06257284443365979,66.5,84.5,20.6,100.61282585108245,168.39041683359483,98.49789267992142,223.46146927062745,605,945
cohface,bimamba,cohface_12,15,95,0|1|2|3|4,0.8257593031063992,0.08982999660535378,0.7985836629028626,0.0848525709664969,0.08982999660535378,0.20141633709713735,10.759846340114535,11.586004711372833,1.3489709733188662,13.494103927163987,0.09013865657157534,0.08936700665602143,54.31578947368421,79.83157894736843,26.778947368421054,263.71834751813947,174.75527453756825,269.25824035672525,234.38337613898574,1080,1453
cohface,bimamba,cohface_13,20,120,0|1|2|3|4,0.9025730771876413,0.027554373547278452,0.8085716424223668,0.0,0.027554373547278452,0.1914283575776332,0.09673263573807296,5.818997947463772,1.3945537517914164,14.282702321834321,0.02760991668224213,0.02747105884483293,66.5,80.85,17.850000000000005,87.3858511631625,184.21531576494507,96.6942386326784,245.42636154237658,1235,1818
cohface,bimamba,cohface_14,10,60,0|1|2|3|4,0.7464814728558359,0.053057278167206096,0.7893428463482312,0.17277831365328689,0.053057278167206096,0.21065715365176885,11.660894794971934,13.735263534562709,1.3771378373988623,14.354330482750438,0.05174568840219237,0.05502466281472669,83.0,86.8,10.8,69.685569366462,168.10769995923616,79.00240066190922,228.079508542361,785,899
cohface,bimamba,cohface_15,20,120,0|1|2|3|4,0.7084212156010348,-0.020652435345328554,0.8304399819176351,0.21499032141638907,0.0,0.16956001808236487,0.20276264805576993,12.301137505173712,1.4277829964077813,10.075171024522934,-0.019282142415591137,-0.02270787473993468,83.0,76.8,14.400000000000004,64.81171032724177,178.02094971225162,72.35806959621185,236.4280653570882,1605,1815
cohface,bimamba,cohface_16,20,120,0|1|2|3|4,0.8822320944846637,0.011313635023027225,0.8645952577812854,0.02221952326783383,0.011313635023027225,0.13540474221871457,2.710408849044262,4.642611991375153,1.4070555265592453,11.09907280105702,0.010097372589542627,0.013138028673254122,57.5,79.65,22.95,119.52883650913665,177.19831180976524,115.90604180246945,237.34896296681873,1070,1791
cohface,bimamba,cohface_17,10,60,0|1|2|3|4,0.7183135795026877,0.06613435565650201,0.7911122453025592,0.20401886268408298,0.06613435565650201,0.2088877546974408,13.451316416236573,15.352939555207957,1.3672874225742317,11.02218018143846,0.06526255203515693,0.06744206108851963,58.5,81.5,23.40000000000001,192.8446882966402,175.88497489617365,254.44532662720331,241.8241055127342,885,913
cohface,bimamba,cohface_18,20,120,0|1|2|3|4,0.8188817549049802,-0.025383584284448635,0.7892642851240818,0.09248034699874608,0.0,0.21073571487591825,0.15602819347678118,8.736405884350933,1.4298446960053526,12.85270959147011,-0.022227927347319588,-0.030117069690142207,77.75,83.1,14.550000000000004,52.74820507731759,172.34762511649257,66.8514171062362,230.17441056964665,1415,1817
cohface,bimamba,cohface_19,20,120,0|1|2|3|4,0.9017121672073121,0.01615283154746376,0.8180464676816904,0.0006144937618784985,0.01615283154746376,0.18195353231830957,0.8685152053744273,5.177613007058074,1.4027130969754735,14.271668130591166,0.016197983786737813,0.01608510318855268,69.5,85.75,19.85,86.39898895201179,174.324806658704,110.62026082623001,229.46870327102508,1260,1836
cohface,bimamba,cohface_2,15,90,0|1|2|3|4,0.8355797204122002,0.026093338048069226,0.8360324713999084,0.07396090702491698,0.026093338048069226,0.16396752860009156,6.106100016675596,7.851222405239272,1.394333118759195,10.865632972112083,0.027917576965628257,0.023356979671730685,70.0,81.06666666666666,17.733333333333334,65.70648964025838,173.98836389681796,56.90901829794961,238.09167881645192,970,1361
cohface,bimamba,cohface_20,20,120,0|1|2|3|4,0.8236712904541126,0.020460446764109894,0.886880108074585,0.087168351590304,0.020460446764109894,0.11311989192541505,5.402720181226477,6.8640772364258975,1.3986690368087011,9.700482984215826,0.02186246273630989,0.018357422805809893,75.5,80.8,14.4,36.96414428485936,180.27547347131122,43.529774520910095,239.77905245036314,1380,1785
cohface,bimamba,cohface_21,20,120,0|1|2|3|4,0.6991933942400207,0.046935997299302326,0.8103366697289582,0.2252247469043699,0.046935997299302326,0.18966333027104176,11.982340374975301,14.947611164413752,1.3813659001056768,12.545478480270877,0.04591412501261674,0.0484688057293307,86.5,79.9,17.9,59.839639471840265,171.11515626179613,54.41071875825085,229.69376725007695,1640,1827
cohface,bimamba,cohface_22,20,120,0|1|2|3|4,0.8543340206808864,0.01500341274499619,0.8259784158392952,0.05316081985699683,0.01500341274499619,0.1740215841607048,4.449579053605349,6.906698326592359,1.4038870361021223,11.782835670118256,0.014550594932199304,0.01568263946419152,60.75,80.5,21.35,194.1642984146113,173.23090907531466,198.36403554649374,230.63157884828064,1290,1817
cohface,bimamba,cohface_23,20,120,0|1|2|3|4,0.7144935564460634,-0.004677725867648861,0.8563206711085416,0.2082555876710407,0.0,0.1436793288914584,0.19223051135498626,11.401567759950487,1.4180358273185076,7.905463511733261,-0.005412803779442065,-0.003575108999959058,84.75,82.3,17.45,77.80556854308755,174.93059401116952,105.05910225195339,232.12213417562512,1590,1813
cohface,bimamba,cohface_24,20,120,0|1|2|3|4,0.6672011305647713,0.02239702700828203,0.7684071718394155,0.260706842403041,0.02239702700828203,0.23159282816058446,10.082304922658338,16.406215806939223,1.3984173113566887,14.155030834079142,0.022214511648964954,0.022670800047257647,92.25,80.65,17.5,81.62114892964615,175.6041668154153,98.26622003516769,239.24189932060932,1720,1810
cohface,bimamba,cohface_25,20,120,0|1|2|3|4,0.6438583731490524,-0.0039680171282434375,0.7842362123604828,0.28659591221799186,0.0,0.2157637876395172,0.23986721139267558,16.141441399162627,1.4152848819077495,10.370052668010757,-0.0015156484783161305,-0.007646570103134397,88.75,81.4,15.95,58.96697150667046,170.14287342021245,65.27212391803798,233.30111822429376,1675,1820
cohface,bimamba,cohface_26,20,120,0|1|2|3|4,0.7201358119181659,0.05986133942846274,0.7619967713701178,0.20199785456652375,0.05986133942846274,0.2380032286298822,13.337691169868252,15.76980049055905,1.370347308599716,10.053913475229248,0.06107412690675727,0.05804215821102094,81.25,84.85,17.8,93.14693127644155,170.11749062528006,91.50127442542265,235.61080054637856,1610,1847
cohface,bimamba,cohface_27,20,120,0|1|2|3|4,0.8992948963318478,-0.019190059265340093,0.8086285376046694,0.0032954492866272833,0.0,0.19137146239533065,0.043620162703701656,4.9078659081317895,1.4276435618874506,14.136099700789536,-0.01908306989934336,-0.019350543314335184,65.25,77.8,16.85,100.08198896937837,175.88714690134228,132.2875655532295,240.1859355462883,1205,1837
cohface,bimamba,cohface_28,15,90,0|1|2|3|4,0.8950854851464306,0.05445929819736735,0.8017066514790073,0.007964038267709528,0.05445929819736735,0.19829334852099267,3.658297781010305,7.2982088304651995,1.3738209843618372,14.483564798758247,0.05630795146353649,0.05168631829811364,66.33333333333333,85.6,23.666666666666668,120.64643845583818,170.12214949999748,120.36590799403676,228.0124533859556,920,1398
cohface,bimamba,cohface_29,20,140,0|1|2|3|4,0.6648059938144071,0.047596717075597796,0.8393740031722297,0.2633632493322745,0.047596717075597796,0.16062599682777035,12.253312877010703,15.67664866098947,1.3783130966106119,6.445682399780007,0.050126503855832893,0.04380203690524515,54.857142857142854,77.7,23.185714285714287,203.6319523806714,185.14858037519858,261.47689333066575,253.48009479260713,1950,2109
cohface,bimamba,cohface_3,10,60,0|1|2|3|4,0.8616064741735686,-0.02692382842064686,0.8353200748948124,0.04509506083611747,0.0,0.16467992510518759,0.11206204192174016,5.808062908984095,1.430689328524469,13.186154937873113,-0.0234359773768981,-0.03215560498627,70.0,75.3,13.100000000000003,63.28608743996212,179.0730196516113,84.46076420241047,226.5728582942073,640,925
cohface,bimamba,cohface_30,15,90,0|1|2|3|4,0.8358950608026319,0.043832892958795264,0.8169383307635373,0.07361116816425173,0.043832892958795264,0.18306166923646272,7.610764719456011,8.98069402302583,1.382026603526486,10.973554867880592,0.04500123357252233,0.04208038203820466,59.333333333333336,81.66666666666667,23.666666666666668,219.00064920214805,179.50147102614147,248.08928927816584,240.6235239036187,970,1341
cohface,bimamba,cohface_31,15,90,0|1|2|3|4,0.7792449960621517,0.07060213952679788,0.7566705518786816,0.13644082684459957,0.07060213952679788,0.2433294481213184,12.315711151384882,13.847347441960364,1.3625895971248594,12.723526455075591,0.07167479490355672,0.06899315646165963,50.333333333333336,83.06666666666666,32.733333333333334,244.05526244550103,173.47881632510192,310.8567908932414,235.35497801964405,1170,1372
cohface,bimamba,cohface_32,10,60,0|1|2|3|4,0.8829595106933401,0.03519699341979113,0.8493146529471917,0.021412757868375487,0.03519699341979113,0.15068534705280834,4.202034082029151,5.889999349626457,1.3904797608591348,11.27648138456137,0.033283017320561756,0.03806795756863519,61.0,82.8,23.2,71.04716562025854,184.77492027065435,71.75315220591472,252.29397770227118,565,904
cohface,bimamba,cohface_33,10,60,0|1|2|3|4,0.8060745476931389,-0.023507550173759547,0.8424086398651334,0.10668461069120194,0.0,0.15759136013486663,0.15308099177033968,7.940456904291739,1.4308694962607538,12.13806628059509,-0.02369375766475148,-0.02322823893727165,77.5,76.8,14.500000000000002,79.25421030903391,178.14229542518768,89.03008811153273,243.11348516005168,705,900
cohface,bimamba,cohface_34,20,120,0|1|2|3|4,0.8390170505442495,0.014017219160654133,0.8108689049589841,0.0701486204907763,0.014017219160654133,0.18913109504101588,4.914123973780058,7.884496362954038,1.4036886521071954,14.191268387409565,0.014829083972742437,0.012799421942521679,61.5,81.45,21.050000000000004,201.14364742788007,179.82269417295007,245.45875417267155,236.47103278417984,1270,1802
cohface,bimamba,cohface_35,20,120,0|1|2|3|4,0.7015909578120085,0.009875751779729573,0.805148456233383,0.2225656484270333,0.009875751779729573,0.19485154376661695,6.694013368747509,13.587841101919032,1.4067020295787447,12.439525306038355,0.010594699989520026,0.008797329465043895,85.25,77.95,19.6,70.10869231315772,179.8827597668387,74.27616813313925,234.91760323038875,1595,1811
cohface,bimamba,cohface_36,20,120,0|1|2|3|4,0.6962011293348876,0.04982262610226419,0.7198483570002921,0.22854341888704033,0.04982262610226419,0.28015164299970785,13.583026377163499,17.442517762091615,1.3813810864975808,14.480882944906735,0.0458931469333813,0.055716844855588525,89.75,78.3,19.55,114.85768491781074,174.81182209310498,102.41475504673164,235.204094016595,1680,1818
cohface,bimamba,cohface_37,10,60,0|1|2|3|4,0.801618800385209,-0.09617871032346649,0.8911665481967824,0.11162640702992832,0.0,0.10883345180321757,0.14193947864882897,6.906826558702751,1.4737293810685073,6.61212446028364,-0.0859391443122829,-0.11153805934024186,62.5,79.5,18.4,174.65077932614258,192.42893840991277,193.54331916509702,251.27080855278282,670,892
cohface,bimamba,cohface_38,15,80,0|1|2|3|4,0.8731205635762619,-4.925749455458482e-05,0.797686760999092,0.03232497292006087,0.0,0.20231323900090803,0.10413168343483933,6.270017459524984,1.4115461471295103,14.17396322355454,0.0037687372619174806,-0.0057762496292626826,62.625,75.225,15.750000000000004,242.81442545459527,181.26281220752506,224.82734993346892,241.5106993979588,925,1207
cohface,bimamba,cohface_39,20,120,0|1|2|3|4,0.838544440860925,-0.006737928166026467,0.8304988795611323,0.07067278414757583,0.0,0.16950112043886767,0.1335865452771714,6.887757416505785,1.4192091517998047,12.982768051333466,-0.00707730827616083,-0.00622885800082492,63.0,78.0,18.3,200.90669780468968,175.80910099247967,210.9884571066817,237.11501304591556,1360,1820
cohface,bimamba,cohface_4,15,90,0|1|2|3|4,0.7566632635479124,0.05172279517358796,0.8182287883513535,0.1614858564095304,0.05172279517358796,0.1817712116486465,10.85331616989691,12.5396047255831,1.3787599556242225,14.152018452085162,0.049510492383545934,0.055041249358651,56.0,81.2,25.600000000000005,240.69747393611823,175.83779682605953,287.75744616966387,229.11180218145182,1240,1375
cohface,bimamba,cohface_40,20,120,0|1|2|3|4,0.8842054407683055,0.024499687562290366,0.8785488349509524,0.02003091723486039,0.024499687562290366,0.12145116504904763,3.389795038807744,4.706176806119345,1.3944620081762298,9.416818004755498,0.027737853876558374,0.019642438090888364,61.5,80.45,21.15,105.75958336644929,180.04207970497256,116.29441192036033,239.24466693574092,1145,1809
cohface,bimamba,cohface_5,20,120,0|1|2|3|4,0.853662772660065,-0.017241729459393368,0.8136922479248282,0.053905290039533704,0.0,0.1863077520751718,0.12357183664331414,6.6791421783618095,1.4249223525812427,9.25551151048493,-0.015201855442831503,-0.02030154048423616,74.0,80.4,15.0,84.93386055396519,174.15239748129395,82.69186576702462,232.91378906981114,1385,1834
cohface,bimamba,cohface_6,10,60,0|1|2|3|4,0.8834355056018299,0.0005060951960278658,0.8693775244246834,0.020884839713806724,0.0005060951960278658,0.1306224755753166,0.8185180069736574,4.0677219485017115,1.4161030752562427,10.661909005829003,-0.0026739598750938997,0.005276177802710514,62.5,80.3,20.8,91.74576426085903,169.23678183764937,96.41637052313449,232.17954831841382,575,918
cohface,bimamba,cohface_7,15,90,0|1|2|3|4,0.8538437171150123,0.08981456841918138,0.7717510999997323,0.05370460750904538,0.08981456841918138,0.22824890000026765,9.351075181181367,11.088191597315195,1.3506604400257263,14.229335498013263,0.087858187874756,0.09274913923581946,61.0,80.66666666666667,21.266666666666673,214.91952754240486,178.47218287786433,239.11435689994784,240.0165156536092,1015,1364
cohface,bimamba,cohface_8,10,60,0|1|2|3|4,0.8057074935814331,0.052202390445775064,0.7995414694606968,0.1070917043928834,0.052202390445775064,0.20045853053930318,9.56749994813708,10.984991819932272,1.3775294490620185,13.110169860897907,0.051206308483445935,0.05369651338926875,73.5,83.4,15.899999999999997,110.49702608013578,173.02917502717233,140.7885953173358,232.08888001571808,690,906
cohface,bimamba,cohface_9,10,60,0|1|2|3|4,0.8575118983199934,0.02875735330499997,0.8475228442603823,0.049636287832052206,0.02875735330499997,0.15247715573961773,5.354966685253185,6.751690436129901,1.392677086919228,12.168752717606335,0.030225265785086466,0.026555484584870226,72.50000000000001,75.2,13.700000000000005,59.564396694294956,177.19282919063946,63.916866738432525,236.49690820283217,675,898
cohface,bimamba_blend,cohface_1,20,120,0|1|2|3|4,0.7686767687992706,0.037494661783371463,0.8051248590029775,0.14816187455787244,0.037494661783371463,0.19487514099702252,9.477718922116873,11.83399863772221,1.3882215559664175,9.289549004488006,0.03642045577508944,0.03910597079579449,84.25,88.55,16.4,76.76276069031799,168.58865185468704,80.10232364020237,222.95721904586017,1585,1904
cohface,bimamba_blend,cohface_10,20,120,0|1|2|3|4,0.7590298948375981,-0.012822237541717142,0.8181201918888092,0.1588610644197177,0.0,0.18187980811119075,0.18421613761415587,10.504285118519183,1.42497391792141,10.984396835636117,-0.015275333378146948,-0.00914259378707243,83.0,92.3,23.2,63.63238380699364,172.3795202638526,58.2643702626679,236.68575698506103,1545,1882
cohface,bimamba_blend,cohface_11,10,60,0|1|2|3|4,0.9146806517607338,0.07153266686447166,0.7664114622964848,0.0,0.07153266686447166,0.23358853770351518,0.1453958592000178,8.522188450005567,1.3639142379670468,14.272133252297852,0.06986897573538478,0.07402820355810197,66.5,94.5,29.600000000000005,100.61282585108245,160.8785840426919,98.49789267992142,217.99519674763104,605,973
cohface,bimamba_blend,cohface_12,15,95,0|1|2|3|4,0.8525880023378548,0.08862302996777849,0.8018085417521837,0.05509730019545456,0.08862302996777849,0.19819145824781625,9.06828322173426,10.344298837316646,1.350222238152851,13.486050891917516,0.08844995379875281,0.08888264422131702,54.31578947368421,91.38947368421053,37.578947368421055,263.71834751813947,168.71546413775562,269.25824035672525,234.1565779285257,1080,1501
cohface,bimamba_blend,cohface_13,20,120,0|1|2|3|4,0.9039500628404599,0.01855977904688372,0.8117996100341206,0.0,0.01855977904688372,0.1882003899658794,0.08305579323441244,5.401001463405124,1.4018885503793297,14.23713771490376,0.017354246157670762,0.02036807838070316,66.5,89.35,25.25,87.3858511631625,178.60613728364393,96.6942386326784,241.65055651233362,1235,1877
cohface,bimamba_blend,cohface_14,10,60,0|1|2|3|4,0.7435605972559506,0.06489495630953268,0.8001867691643237,0.17601780892710983,0.06489495630953268,0.19981323083567626,12.497377648717887,14.029559467266001,1.3681484958492052,14.411213953693201,0.06408484665277853,0.06611012079466391,83.0,91.9,13.5,69.685569366462,169.22484476886981,79.00240066190922,226.54734476917912,785,925
cohface,bimamba_blend,cohface_15,20,120,0|1|2|3|4,0.7905673373435407,-0.033252547809645865,0.8381050518333942,0.12388340362838646,0.0,0.16189494816660577,0.1630002414003051,8.693001340229637,1.4356975279045139,10.027156084947105,-0.030613695815566323,-0.03721082580076517,83.0,88.65,19.35,64.81171032724177,175.17939726489007,72.35806959621185,232.32532651316674,1605,1864
cohface,bimamba_blend,cohface_16,20,120,0|1|2|3|4,0.8878096985215019,0.02498112704920788,0.8665878061593201,0.016033494010955218,0.02498112704920788,0.13341219384067993,3.2157994545439874,4.873353135773114,1.397029249893465,11.161187544852966,0.02415463747105109,0.026220861416443062,57.5,91.0,33.7,119.52883650913665,176.50924610682503,115.90604180246945,239.70906066143755,1070,1826
cohface,bimamba_blend,cohface_17,10,60,0|1|2|3|4,0.693762365798287,0.04830521824099064,0.7979820550810595,0.23124821157013153,0.04830521824099064,0.20201794491894054,12.427238947851386,15.533702240890596,1.3812810598839047,10.933735421703775,0.046031316802998566,0.05171607039797875,58.5,89.8,31.300000000000004,192.8446882966402,173.20904864175947,254.44532662720331,232.49410698200052,885,929
cohface,bimamba_blend,cohface_18,20,120,0|1|2|3|4,0.865599901765899,-0.021651062551203155,0.7952596295510814,0.04066601571957218,0.0,0.20474037044891857,0.11383157116493445,6.643484850706921,1.4291558083765636,12.856895391383974,-0.021243162308234573,-0.022262912915656026,77.75,86.85,17.1,52.74820507731759,166.47065401107014,66.8514171062362,223.83042057666978,1415,1869
cohface,bimamba_blend,cohface_19,20,120,0|1|2|3|4,0.9040386926564998,0.03251835224330883,0.8177358887259244,0.0,0.03251835224330883,0.1822641112740756,0.10167717932198692,5.776040990975971,1.392331358708334,14.336193077485579,0.030706693778702304,0.035235839940218616,69.5,95.9,27.7,86.39898895201179,164.01950823976017,110.62026082623001,219.49953210220767,1260,1914
cohface,bimamba_blend,cohface_2,15,90,0|1|2|3|4,0.8717284662460977,0.036700809175649066,0.8385596745432242,0.03386892526159346,0.036700809175649066,0.16144032545677578,5.15741289585607,6.68237317781599,1.3868526417260547,10.912357470386475,0.03831987506873183,0.03427221033602493,70.0,90.06666666666666,23.933333333333334,65.70648964025838,172.19606433245002,56.90901829794961,239.8468996130246,970,1409
cohface,bimamba_blend,cohface_20,20,120,0|1|2|3|4,0.8362418609782291,0.03020845618235187,0.8881213059354268,0.07322653777127908,0.03020845618235187,0.11187869406457318,5.840980198952229,6.67577962487549,1.3922707091700495,9.740308469649793,0.03079113619356368,0.029334436165534158,75.5,87.6,20.2,36.96414428485936,185.79385384050957,43.529774520910095,239.43561089509197,1380,1820
cohface,bimamba_blend,cohface_21,20,120,0|1|2|3|4,0.7254653271896221,0.057400018890257545,0.8107045201430072,0.19608697649478135,0.057400018890257545,0.1892954798569928,12.26154949218147,14.23814932336378,1.3739737021923821,12.592084691175243,0.056098132841879436,0.0593528479628247,86.5,89.15,19.95,59.839639471840265,169.09438470576902,54.41071875825085,223.77661801591825,1640,1864
cohface,bimamba_blend,cohface_22,20,120,0|1|2|3|4,0.880547189839255,0.02034348903385652,0.8284140585720456,0.02408822340551109,0.02034348903385652,0.17158594142795436,3.693658619978514,5.955837752175144,1.400459940963732,11.804065129392225,0.019355976877930024,0.021824757267746263,60.75,88.0,27.85,194.1642984146113,171.14996727423127,198.36403554649374,231.2346125277086,1290,1871
cohface,bimamba_blend,cohface_23,20,120,0|1|2|3|4,0.7530167276168852,0.007325750548793456,0.8557529493929396,0.16553016966780543,0.007325750548793456,0.14424705060706045,4.967927141290864,10.08827327329897,1.4107418217492562,7.950256758614285,0.004903756183795055,0.010958742096291057,84.75,89.4,20.65,77.80556854308755,176.03227964016173,105.05910225195339,240.99909113232258,1590,1864
cohface,bimamba_blend,cohface_24,20,120,0|1|2|3|4,0.7054992372739972,0.015550310135729812,0.7662920048867493,0.2182310397068301,0.015550310135729812,0.2337079951132507,8.244498318027087,14.609500496927264,1.4045704956110252,14.116895837504963,0.013590861429499591,0.018489483195075145,92.25,90.3,18.25,81.62114892964615,168.10104505485938,98.26622003516769,223.52136287263784,1720,1887
cohface,bimamba_blend,cohface_25,20,120,0|1|2|3|4,0.6270069863346085,-0.006929516005508547,0.7903147494855431,0.3052855092500931,0.0,0.20968525051445686,0.2438691093303808,16.690337859739913,1.4163949258069513,10.363242774272425,-0.0030872929258394075,-0.012692850625012256,88.75,90.95,16.8,58.96697150667046,170.99200989785527,65.27212391803798,234.53026619544684,1675,1807
cohface,bimamba_blend,cohface_26,20,120,0|1|2|3|4,0.7375858789184996,0.058344858401131273,0.7607843406301922,0.18264427114869708,0.058344858401131273,0.23921565936980782,12.736515933021932,15.01748384236376,1.3724420442725165,10.04064621765199,0.058201417556537925,0.05856001966802129,81.25,93.3,25.35,93.14693127644155,168.03987672302227,91.50127442542265,233.45718250499337,1610,1893
cohface,bimamba_blend,cohface_27,20,120,0|1|2|3|4,0.9092620667756065,-0.018228918115674814,0.8043737836558226,0.0,0.0,0.19562621634417743,0.0021030846995745865,4.890655408604435,1.428184436520533,14.132809602485455,-0.01985539235973616,-0.015789206749582792,65.25,88.0,25.75,100.08198896937837,175.9618482002505,132.2875655532295,238.98250101603898,1205,1869
cohface,bimamba_blend,cohface_28,15,90,0|1|2|3|4,0.9154462426307751,0.0684646920416894,0.796843529220797,0.0,0.0684646920416894,0.20315647077920296,0.13812034741170573,7.646337721043427,1.364361363845915,14.543579462687575,0.06925903442225735,0.06727317847083746,66.33333333333333,91.86666666666666,29.133333333333333,120.64643845583818,160.95625464463157,120.36590799403676,222.84187302029943,920,1437
cohface,bimamba_blend,cohface_29,20,140,0|1|2|3|4,0.7194610549648666,0.05379352486790152,0.8441662333931395,0.20274621644858348,0.05379352486790152,0.15583376660686055,11.542408153219423,13.516084464539702,1.3739900662678193,6.472968198702995,0.05607564889867687,0.05037033882173849,54.857142857142854,86.74285714285715,32.142857142857146,203.6319523806714,175.11986889247416,261.47689333066575,239.95753339788044,1950,2181
cohface,bimamba_blend,cohface_3,10,60,0|1|2|3|4,0.8875395780866216,-0.0280482052765432,0.838558636058821,0.01633308015977719,0.0,0.16144136394117903,0.0761910992782974,4.64852460452112,1.433220400478851,13.170802067520416,-0.027060358174378935,-0.0295299759297896,70.0,84.9,22.1,63.28608743996212,170.87228389649,84.46076420241047,222.6805704739216,640,943
cohface,bimamba_blend,cohface_30,15,90,0|1|2|3|4,0.8636811955939961,0.04901366118200908,0.8178068935825197,0.04279402129980914,0.04901366118200908,0.18219310641748032,6.46800841441099,7.997615753505191,1.378709249261835,10.994429148099902,0.04958040299993391,0.04816354845512184,59.333333333333336,86.93333333333334,28.4,219.00064920214805,176.0958578752884,248.08928927816584,234.2896516427327,970,1382
cohface,bimamba_blend,cohface_31,15,90,0|1|2|3|4,0.7966700969371193,0.054174057310728344,0.7637963961671108,0.11711493294738518,0.054174057310728344,0.2362036038328892,10.452567811251662,12.328427230501488,1.374698903176375,12.646676110591509,0.05510146280283594,0.052782949072566934,50.333333333333336,88.86666666666666,38.53333333333333,244.05526244550103,172.90931041583227,310.8567908932414,233.3575994707891,1170,1390
cohface,bimamba_blend,cohface_32,10,60,0|1|2|3|4,0.8922188575361214,0.05920301651238162,0.851107151566756,0.011143367985062658,0.05920301651238162,0.14889284843324402,3.9854611042750876,6.3603106294852605,1.3738965506491896,11.380694158350618,0.05620413405712931,0.0637013401952601,61.0,88.8,28.800000000000004,71.04716562025854,174.16095368581117,71.75315220591472,236.94605542132058,565,928
cohface,bimamba_blend,cohface_33,10,60,0|1|2|3|4,0.8563707440253026,0.007643348167125776,0.8426578560171996,0.050901923364253254,0.007643348167125776,0.15734214398280044,3.3148810906589317,6.129001281996725,1.4100323687777545,12.265485138400312,0.005904359499497543,0.010251831168568126,77.5,84.0,15.9,79.25421030903391,169.494404453117,89.03008811153273,232.5851818576313,705,931
cohface,bimamba_blend,cohface_34,20,120,0|1|2|3|4,0.8723677529961752,-0.0014837787196592333,0.8160125024068008,0.03315990280080294,0.0,0.1839874975931992,0.10266609569429964,5.84318379486009,1.4142353119929976,14.12625062771951,-3.075884396560665e-05,-0.003663308533199673,61.5,88.35,27.55,201.14364742788007,174.95529028855708,245.45875417267155,241.1848520765198,1270,1851
cohface,bimamba_blend,cohface_35,20,120,0|1|2|3|4,0.7275901911410689,0.01251110556621798,0.8059822313804981,0.193730324698827,0.01251110556621798,0.19401776861950193,6.936579402606877,12.584497850426734,1.403970913887606,12.456405375278177,0.014432836478800082,0.009628509197344827,85.25,89.05,23.6,70.10869231315772,180.81699283347112,74.27616813313925,245.97449510865667,1595,1858
cohface,bimamba_blend,cohface_36,20,120,0|1|2|3|4,0.7097381642857447,0.044525614319977175,0.7231789409428704,0.2135297152063359,0.044525614319977175,0.2768210590571296,12.656842382939615,16.59760133366498,1.3840405267383533,14.464176912495024,0.04221591017291078,0.047990170540576776,89.75,88.6,19.25,114.85768491781074,169.94529892121903,102.41475504673164,231.7899962947126,1680,1883
cohface,bimamba_blend,cohface_37,10,60,0|1|2|3|4,0.8664209137034349,-0.13365282580327223,0.8953211955280476,0.039755444830656406,0.0,0.10467880447195244,0.09544175573080003,4.107799292948426,1.4983126623331073,6.468430303341682,-0.12247041705386212,-0.15042643892738736,62.5,84.4,22.7,174.65077932614258,183.41991765705055,193.54331916509702,237.92255642780668,670,928
cohface,bimamba_blend,cohface_38,15,80,0|1|2|3|4,0.8835129176677444,0.003448687839351995,0.798195255950865,0.02079898325977736,0.003448687839351995,0.20180474404913495,1.871194100235403,5.954406267445725,1.410579964287779,14.179910624577762,0.005132082174944073,0.0009235963359638775,62.625,82.5,22.425,242.81442545459527,174.22232175875288,224.82734993346892,236.0564683502657,925,1232
cohface,bimamba_blend,cohface_39,20,120,0|1|2|3|4,0.855627851695288,-0.02242625470988963,0.8348131854707207,0.05172585307633548,0.0,0.1651868145292793,0.11806854676062215,6.069389853594563,1.429919329845003,12.91746537137767,-0.022334644932191387,-0.02256366937643699,63.0,88.3,27.5,200.90669780468968,172.0465466513091,210.9884571066817,237.26985012168186,1360,1876
cohface,bimamba_blend,cohface_4,15,90,0|1|2|3|4,0.7507237695478123,0.06527372331387638,0.822308895969813,0.1680732518956578,0.06527372331387638,0.17769110403018695,11.953780926003796,13.192789171112207,1.368325782477021,14.218001476206654,0.06384227650432421,0.06742089352820463,56.0,90.46666666666667,34.733333333333334,240.69747393611823,181.3861082360996,287.75744616966387,246.29597767599566,1240,1401
cohface,bimamba_blend,cohface_40,20,120,0|1|2|3|4,0.8850004828196226,0.025448066121757866,0.878248129789963,0.019149149121273745,0.025448066121757866,0.12175187021003697,3.3829494620496328,4.7161923268646095,1.3939931044527418,9.419739225192604,0.02839161236910372,0.02103274675073908,61.5,92.4,31.4,105.75958336644929,172.27877875049685,116.29441192036033,232.4301956965997,1145,1864
cohface,bimamba_blend,cohface_5,20,120,0|1|2|3|4,0.8629341300878998,-0.002982301352339233,0.8142656977945488,0.04362257941311276,0.0,0.18573430220545117,0.11405511923135671,6.279204283128008,1.4140739173544334,9.321893260091308,0.00019747812894342984,-0.007751970574263227,74.0,94.15,25.35,84.93386055396519,171.1436294362766,82.69186576702462,233.3259011842676,1385,1882
cohface,bimamba_blend,cohface_6,10,60,0|1|2|3|4,0.8792506155529515,-0.0199225060242483,0.8704669063733266,0.025526232704094487,0.0,0.12953309362667342,0.08525408663917135,4.195561067070379,1.429654895094801,10.579182011793524,-0.021956559534263172,-0.016871425759225993,62.5,89.9,29.60000000000001,91.74576426085903,171.1656283649265,96.41637052313449,229.68731840678979,575,938
cohface,bimamba_blend,cohface_7,15,90,0|1|2|3|4,0.8672615134634165,0.08101953537935742,0.7734353773980835,0.038823149408782176,0.08101953537935742,0.22656462260191645,7.951118318108157,10.158216244603146,1.3577726208613254,14.183718155122929,0.07822675501968376,0.08520870591886791,61.0,86.06666666666666,25.866666666666667,214.91952754240486,171.79134257986107,239.11435689994784,229.51424157741553,1015,1391
cohface,bimamba_blend,cohface_8,10,60,0|1|2|3|4,0.8703549723392979,0.047979569965351854,0.796422807139687,0.03539224485106085,0.047979569965351854,0.20357719286031295,6.1435437201430405,8.215872877123301,1.379892853854516,13.095280390973109,0.047947855940619497,0.048027141002450396,73.5,93.6,24.9,110.49702608013578,165.3714808402076,140.7885953173358,214.87641797088858,690,956
cohface,bimamba_blend,cohface_9,10,60,0|1|2|3|4,0.8505268346002671,0.02689845901534279,0.8445534527454427,0.057383307564181196,0.02689845901534279,0.1554465472545573,5.540993448402045,7.046729928096082,1.3949140962368987,12.154812064944638,0.027107332059798372,0.026585149448659414,72.50000000000001,87.3,20.4,59.564396694294956,170.64215877094892,63.916866738432525,234.31968394847732,675,935
cohface,lstm,cohface_1,20,120,0|1|2|3|4,0.6515018281604569,0.05926604241342745,0.8285095218495524,0.2781186814909812,0.05926604241342745,0.1714904781504476,13.802206993758762,16.939189100176513,1.3697580708483599,9.405847318211967,0.06188141367288972,0.05534298552423406,84.25,83.6,13.449999999999998,76.76276069031799,170.0289635979275,80.10232364020237,217.33326052408765,1585,1735
cohface,lstm,cohface_10,20,120,0|1|2|3|4,0.711592998030243,-0.033191450846334396,0.8409299588894712,0.21147254948888272,0.0,0.1590700411105288,0.19832038129749072,11.906971633596322,1.4333177917502848,10.93368530549197,-0.027199946073956392,-0.04217870800490141,83.0,84.65,12.35,63.63238380699364,162.25591332356683,58.2643702626679,212.5560444419577,1545,1786
cohface,lstm,cohface_11,10,60,0|1|2|3|4,0.8919773059034231,0.009951469715045212,0.806258629226508,0.011411268943440023,0.009951469715045212,0.19374137077349196,2.2004602594202956,5.644636969030495,1.4070856076707612,14.00146409494062,0.010055046342902359,0.009796104773259493,66.5,81.6,17.500000000000004,100.61282585108245,157.8454763899663,98.49789267992142,210.67900884724241,605,882
cohface,lstm,cohface_12,15,95,0|1|2|3|4,0.7874208800811376,0.05406663663364174,0.8471051821147538,0.1273730878283027,0.05406663663364174,0.15289481788524617,9.66831581536987,10.62636011445407,1.3735806422111911,13.337072788503207,0.05663810967134598,0.05020942707708538,54.31578947368421,79.32631578947368,25.010526315789473,263.71834751813947,168.40125624739207,269.25824035672525,214.67892985870373,1080,1353
cohface,lstm,cohface_13,20,120,0|1|2|3|4,0.8758437331791561,0.016141453685438446,0.8520132052139932,0.029304750128395063,0.016141453685438446,0.14798679478600685,3.5126589958255425,5.403902512668927,1.404587059360065,14.220434232189668,0.013567596339122964,0.020002239704911665,66.5,79.15,14.650000000000004,87.3858511631625,171.50659023943146,96.6942386326784,224.1330193728303,1235,1701
cohface,lstm,cohface_14,10,60,0|1|2|3|4,0.6457300105472633,0.25612750387011246,0.791393503126775,0.28452010984350773,0.25612750387011246,0.20860649687322497,25.310189791674155,25.48944793609138,1.227193526629109,15.355617585347215,0.24699802409980529,0.2698217235255732,83.0,81.5,5.299999999999999,69.685569366462,161.098810117547,79.00240066190922,210.38131957345493,785,861
cohface,lstm,cohface_15,20,120,0|1|2|3|4,0.6586818741698182,0.04296072830155198,0.8620350396545184,0.27015541009590005,0.04296072830155198,0.13796496034548156,11.460384516372656,15.190979198541491,1.3851640386892117,10.338390977170398,0.04066029296109595,0.046411381312236044,83.0,84.75,10.85,64.81171032724177,160.48854871279636,72.35806959621185,207.91671564730376,1605,1731
cohface,lstm,cohface_16,20,120,0|1|2|3|4,0.8725720117232546,0.004639716840663993,0.8990888912037305,0.03293336279306114,0.004639716840663993,0.10091110879626952,2.089452860728199,3.9317682061714305,1.4128049677917862,11.063653260744314,0.0019910614914248267,0.008612699864522741,57.5,80.55,23.65,119.52883650913665,165.6491044744355,115.90604180246945,220.5805496739737,1070,1712
cohface,lstm,cohface_17,10,60,0|1|2|3|4,0.6791401394852213,0.08611344208551641,0.8197881559782095,0.24746548321148665,0.08611344208551641,0.18021184402179047,15.387406441976806,17.014505799182373,1.354730099749318,11.102320954284494,0.08235317841660174,0.09175383758888843,58.5,87.0,28.900000000000002,192.8446882966402,164.36699383684598,254.44532662720331,224.26430506794296,885,875
cohface,lstm,cohface_18,20,120,0|1|2|3|4,0.7754537142020772,0.044736103683530995,0.8158765983039954,0.14064567544134376,0.044736103683530995,0.1841234016960046,9.79087373225494,11.55490175958292,1.382509724565739,13.14512306926753,0.044333430740582366,0.045340113097953945,77.75,84.95,12.9,52.74820507731759,172.21903517468397,66.8514171062362,225.7934994691294,1415,1710
cohface,lstm,cohface_19,20,120,0|1|2|3|4,0.8815732791063087,0.08042978576534784,0.8467147947784215,0.02295020461030073,0.08042978576534784,0.1532852052215785,5.9047479295638965,7.708879769626284,1.3588961968383484,14.547319506408446,0.07670056310913635,0.08602361974966506,69.5,84.7,16.7,86.39898895201179,163.71446990135522,110.62026082623001,209.60830986474852,1260,1736
cohface,lstm,cohface_2,15,90,0|1|2|3|4,0.8147509686261112,-0.005741686632296859,0.8784974083857904,0.09706173438412269,0.0,0.12150259161420962,0.13844886607290693,6.6773798297598415,1.4197623033474096,10.708651015216091,-0.007862499003170858,-0.002560468075985861,70.0,81.06666666666666,15.733333333333333,65.70648964025838,171.91352195096596,56.90901829794961,220.7777926849387,970,1311
cohface,lstm,cohface_20,20,120,0|1|2|3|4,0.7746249389397358,0.008968410368550813,0.9080743538728686,0.14156485650661121,0.008968410368550813,0.09192564612713139,4.515811130936632,7.943138660996861,1.4077523337416484,9.644257079555459,0.009116683422471248,0.008746000787670159,75.5,85.55,15.35,36.96414428485936,167.66534456981637,43.529774520910095,215.42782340073725,1380,1738
cohface,lstm,cohface_21,20,120,0|1|2|3|4,0.6826035268315818,0.012897269049879267,0.844543092470076,0.24362429704786037,0.012897269049879267,0.15545690752992403,7.233681629396416,13.505981416913338,1.4069424860266628,12.386126211503957,0.010256420506556823,0.01685854186486293,86.5,83.9,14.0,59.839639471840265,163.9683849994623,54.41071875825085,216.790586463928,1640,1749
cohface,lstm,cohface_22,20,120,0|1|2|3|4,0.8282927119242129,-0.03436302720527255,0.8559537547311814,0.08204280875262815,0.0,0.1440462452688186,0.13564090559215994,6.677761459944021,1.4394193468346468,11.565732230774586,-0.03596402802094055,-0.03196152598177056,60.75,81.65,21.400000000000002,194.1642984146113,169.8740363389859,198.36403554649374,220.77457194554563,1290,1721
cohface,lstm,cohface_23,20,120,0|1|2|3|4,0.7283638812470287,-0.017048205199817635,0.8934406769324231,0.19287223767801775,0.0,0.10655932306757687,0.17333010811366306,9.896691989615087,1.4261934678906758,7.855638724308185,-0.017013903927016027,-0.017099657109020044,84.75,82.9,14.55,77.80556854308755,165.68026982492893,105.05910225195339,213.76832300903175,1590,1763
cohface,lstm,cohface_24,20,120,0|1|2|3|4,0.6169208458135107,0.02119626701292713,0.7939370202133501,0.31647188245629665,0.02119626701292713,0.2060629797866499,10.31508796640386,17.814130099762142,1.4021879352821394,14.131642144715176,0.01693449707460541,0.027588921920409702,92.25,80.2,16.45,81.62114892964615,165.80705964170176,98.26622003516769,218.71422750405034,1720,1735
cohface,lstm,cohface_25,20,120,0|1|2|3|4,0.5884619265824028,0.027535046617604246,0.8046650406008903,0.3480352035203308,0.027535046617604246,0.19533495939910972,11.634852065885076,18.967258365150307,1.3927948308440938,10.509187093279838,0.030061279586986168,0.023745697163531365,88.75,83.15,12.399999999999999,58.96697150667046,160.23683539964944,65.27212391803798,217.20568322106448,1675,1752
cohface,lstm,cohface_26,20,120,0|1|2|3|4,0.7224608980119733,0.05438036074304953,0.7938759779213987,0.1994191396728061,0.05438036074304953,0.20612402207860125,12.351949232481461,14.670581817559619,1.3721714400594476,10.042358982200692,0.05857276954259097,0.048091747543737365,81.25,84.7,15.15,93.14693127644155,159.482801294697,91.50127442542265,204.13286297753962,1610,1759
cohface,lstm,cohface_27,20,120,0|1|2|3|4,0.8548834202296304,0.010082982040229716,0.8322140570990468,0.05255148981854307,0.010082982040229716,0.16778594290095317,3.7822841524418247,6.543441267227809,1.4079658351714626,14.256653192018817,0.008816103494962839,0.011983299858130033,65.25,83.6,20.05,100.08198896937837,165.08000851736242,132.2875655532295,212.92172789882588,1205,1766
cohface,lstm,cohface_28,15,90,0|1|2|3|4,0.8562764276629391,0.09700037533540799,0.823499977386352,0.05100652809652351,0.09700037533540799,0.17650002261364806,8.852906613608166,9.962759444038632,1.347173509404485,14.653697025875271,0.09256176777940203,0.10365828666941693,66.33333333333333,82.66666666666667,18.600000000000005,120.64643845583818,174.1507977017746,120.36590799403676,224.70625027789404,920,1287
cohface,lstm,cohface_29,20,140,0|1|2|3|4,0.6674863768385753,0.057303536660383236,0.8678304336422014,0.2603904804340821,0.057303536660383236,0.13216956635779864,12.458343896201205,15.217764799987416,1.3705955995399808,6.494453393192429,0.06073385126082046,0.05215806475972739,54.857142857142854,81.21428571428571,26.357142857142858,203.6319523806714,166.40346203378982,261.47689333066575,219.9218950815764,1950,2023
cohface,lstm,cohface_3,10,60,0|1|2|3|4,0.8262444761860929,0.020692376026680663,0.8561770055564389,0.084314473452616,0.020692376026680663,0.14382299444356106,5.68982968756402,7.533331716562652,1.3996328214858067,13.376779330039831,0.02051398250984012,0.020959966301941475,70.0,75.3,10.500000000000004,63.28608743996212,178.85969570600338,84.46076420241047,222.49594888021383,640,847
cohface,lstm,cohface_30,15,90,0|1|2|3|4,0.7995815187286469,0.0855954495228437,0.8376594702151239,0.11388592273752585,0.0855954495228437,0.16234052978487612,11.180262758985194,11.539064704385762,1.3526701184550187,11.1600450060548,0.08514177531944285,0.086275960827945,59.333333333333336,77.4,19.000000000000004,219.00064920214805,165.75990503853654,248.08928927816584,213.0046829085644,970,1276
cohface,lstm,cohface_31,15,90,0|1|2|3|4,0.7613511632573448,0.0015557796895933436,0.7909004073745486,0.1562865836457542,0.0015557796895933436,0.2090995926254514,2.983935765449888,11.146578440711819,1.412217386112761,12.4127967560997,0.0028210271804207103,-0.00034209154664770636,50.333333333333336,83.33333333333333,33.0,244.05526244550103,159.08931038683025,310.8567908932414,206.61925285592667,1170,1304
cohface,lstm,cohface_32,10,60,0|1|2|3|4,0.8827941194452208,0.13077744727918,0.8688501427026469,0.02159619059198592,0.13077744727918,0.13114985729735307,6.660904520448383,8.992757852602548,1.3158443481924595,11.755684433327062,0.13427682566498061,0.12552837970047914,61.0,87.1,26.300000000000008,71.04716562025854,162.31458571789773,71.75315220591472,219.7638276141541,565,889
cohface,lstm,cohface_33,10,60,0|1|2|3|4,0.7972954190357054,-0.041870239575538655,0.870336233829317,0.11642139845277466,0.0,0.12966376617068298,0.1506492459937537,7.607396596246124,1.4459267768099766,12.047140779441825,-0.04535212194804393,-0.03664741601678074,77.5,85.0,14.100000000000001,79.25421030903391,162.57158398159245,89.03008811153273,211.1512196155314,705,891
cohface,lstm,cohface_34,20,120,0|1|2|3|4,0.8235352826572644,0.003959808940682681,0.8388222343718131,0.08731919560951185,0.003959808940682681,0.16117776562818686,3.1905846176600514,7.452406811336967,1.4134072553506065,14.131337839871811,0.001139965261132628,0.008189574460007759,61.5,81.6,20.5,201.14364742788007,166.80718302092595,245.45875417267155,210.97132783001518,1270,1749
cohface,lstm,cohface_35,20,120,0|1|2|3|4,0.6917321116553291,0.02513263494778633,0.8279111237566592,0.2334999331775255,0.02513263494778633,0.1720888762433408,9.378534785286101,14.000943210782712,1.3967592773704556,12.501136294044159,0.024531760539781258,0.02603394655979394,85.25,82.2,13.95,70.10869231315772,169.43078122573496,74.27616813313925,219.70179018710348,1595,1749
cohface,lstm,cohface_36,20,120,0|1|2|3|4,0.682798248104041,0.027566410536693238,0.7437282307312256,0.24340833487478142,0.027566410536693238,0.2562717692687744,10.894155405509656,16.56834718464966,1.3973862835030308,14.380823534606527,0.02365578733879372,0.03343234533354252,89.75,86.5,15.65,114.85768491781074,172.43946589550566,102.41475504673164,218.55196771824365,1680,1724
cohface,lstm,cohface_37,10,60,0|1|2|3|4,0.797033799447718,0.20079167482287102,0.8756673680749022,0.11671155645158093,0.20079167482287102,0.1243326319250978,14.532609966823404,15.014686970919394,1.2602151742669276,7.971585205891339,0.2059288572736887,0.19308590114664453,62.5,77.2,17.300000000000004,174.65077932614258,172.19501448824855,193.54331916509702,214.222619933869,670,879
cohface,lstm,cohface_38,15,80,0|1|2|3|4,0.8315834076479549,0.02734289961547258,0.811911950107728,0.07839315203836406,0.02734289961547258,0.188088049892272,6.572964875889458,8.667303184325673,1.3945382243026838,14.279256386667532,0.027631570479358932,0.02690989331964305,62.625,79.95,19.275,242.81442545459527,173.5237731614365,224.82734993346892,236.06696494914004,925,1152
cohface,lstm,cohface_39,20,120,0|1|2|3|4,0.8103373981677694,0.024431882063734568,0.8516436804445038,0.10195675306997298,0.024431882063734568,0.14835631955549622,6.5533951830328885,8.448481806401439,1.399332021292202,13.105280665929683,0.02093494709314013,0.02967728451962622,63.0,81.0,19.6,200.90669780468968,172.72051622471025,210.9884571066817,225.5576216730197,1360,1732
cohface,lstm,cohface_4,15,90,0|1|2|3|4,0.7331799484134859,0.03174192768815321,0.8546833227995623,0.18753081648747993,0.03174192768815321,0.14531667720043773,9.038442366641958,11.855644836597186,1.393297097184197,14.060917033630023,0.029361599489045202,0.03531241998681523,56.0,78.8,22.933333333333334,240.69747393611823,167.84345667161327,287.75744616966387,219.21101021808968,1240,1287
cohface,lstm,cohface_40,20,120,0|1|2|3|4,0.8773171876780915,0.09734797902534406,0.8925568045460374,0.027670565883889053,0.09734797902534406,0.10744319545396264,6.225497983915189,7.3742753204453075,1.3432788792685155,9.74162800927364,0.0978009262555604,0.09666855818001956,61.5,82.65,21.45,105.75958336644929,172.28698032923688,116.29441192036033,217.08798442672077,1145,1716
cohface,lstm,cohface_5,20,120,0|1|2|3|4,0.8398103495552159,0.08190550775670367,0.8333249203036021,0.06926878555468552,0.08190550775670367,0.16667507969639794,9.18674524073787,9.835912991587042,1.3549446053850933,9.692904691837382,0.08206255816891686,0.0816699321383839,74.0,82.45,14.35,84.93386055396519,164.6907773882874,82.69186576702462,214.69811797671886,1385,1752
cohface,lstm,cohface_6,10,60,0|1|2|3|4,0.8737392929663325,0.035818310392421025,0.8885640219548346,0.0316387502904536,0.035818310392421025,0.11143597804516536,4.540754410435582,5.315539226736933,1.3886334862740572,10.832053646844418,0.035848520399178754,0.03577299538228443,62.5,84.0,23.700000000000006,91.74576426085903,166.7782399230605,96.41637052313449,220.9531475189548,575,878
cohface,lstm,cohface_7,15,90,0|1|2|3|4,0.7855811526473188,0.006154612335381154,0.8029599752883041,0.12941349938407476,0.006154612335381154,0.1970400247116959,4.587554320872778,10.009804807271994,1.410046178713802,13.85559237609428,0.0058848869473027325,0.006559200417498787,61.0,82.6,22.53333333333334,214.91952754240486,167.926087637817,239.11435689994784,212.23495754625083,1015,1292
cohface,lstm,cohface_8,10,60,0|1|2|3|4,0.7575225024481995,0.07516279609598064,0.8325455301084026,0.1605328886225167,0.07516279609598064,0.1674544698915974,12.205674716361129,13.024949924233587,1.36150258154469,13.211818318956809,0.07315536022357241,0.07817394990459298,73.5,84.8,17.9,110.49702608013578,177.43880513486528,140.7885953173358,230.8154105965289,690,856
cohface,lstm,cohface_9,10,60,0|1|2|3|4,0.8268297676216362,0.03680494540660398,0.8698869329168717,0.08366533631054596,0.03680494540660398,0.1301130670831283,6.866724615645943,7.77046224147133,1.3882887923407474,12.196164973419222,0.03632711453053435,0.037521691720708406,72.50000000000001,83.3,15.599999999999996,59.564396694294956,169.550487552584,63.916866738432525,215.7029850924131,675,870
cohface,mamba,cohface_1,20,120,0|1|2|3|4,0.6997206369950266,0.07310340955581457,0.779067037563113,0.22463999060284645,0.07310340955581457,0.22093296243688698,14.684169653062954,16.688701566871963,1.3620794097839348,9.454676122043836,0.07236984072132413,0.07420376280755021,84.25,85.9,15.749999999999998,76.76276069031799,176.89365094118332,80.10232364020237,246.87272994612738,1585,1819
cohface,mamba,cohface_10,20,120,0|1|2|3|4,0.7676580694592071,0.0016048749360683466,0.7876409326112769,0.14929169730613057,0.0016048749360683466,0.21235906738872312,2.979006982468736,10.967598143800537,1.4135127835785726,11.054540330751085,0.0009908053299776474,0.0025259793452043953,83.0,86.7,15.4,63.63238380699364,176.9385733188876,58.2643702626679,243.80509057483138,1545,1855
cohface,mamba,cohface_11,10,60,0|1|2|3|4,0.8904294507556593,0.04982937420982976,0.7400288574544283,0.013127969728622513,0.04982937420982976,0.25997114254557174,4.566804397648404,8.860178961331254,1.3793659816357875,14.174284291315866,0.0486747443529701,0.05156131899511926,66.5,84.4,21.100000000000005,100.61282585108245,166.9527238760433,98.49789267992142,225.90635618633902,605,921
cohface,mamba,cohface_12,15,95,0|1|2|3|4,0.8125860206053082,0.09147245702535058,0.7867115946364885,0.09946284276468476,0.09147245702535058,0.21328840536351146,11.66402700564371,12.492283876214112,1.3487269087984144,13.49567557646471,0.09046786274153663,0.09297934845107149,54.31578947368421,80.84210526315789,26.778947368421054,263.71834751813947,175.6049401269197,269.25824035672525,244.48180501959382,1080,1418
cohface,mamba,cohface_13,20,120,0|1|2|3|4,0.9038662236120845,0.0012139486762985459,0.8005473167234504,0.0,0.0012139486762985459,0.19945268327654964,0.030306451783179606,5.031840157274936,1.4143748626434296,14.160116907504616,-0.00022812603881005108,0.0033770607489614413,66.5,77.2,15.300000000000004,87.3858511631625,181.4060385741727,96.6942386326784,239.02003893158508,1235,1778
cohface,mamba,cohface_14,10,60,0|1|2|3|4,0.7244830518147877,0.1171726166445756,0.7795240163625351,0.1971764020199539,0.1171726166445756,0.2204759836374649,16.68094774867782,17.29998779085648,1.3311921723617282,14.649063595466457,0.11396370012143178,0.12198599142929133,83.0,86.2,10.6,69.685569366462,172.05754963135695,79.00240066190922,236.7395533360323,785,904
cohface,mamba,cohface_15,20,120,0|1|2|3|4,0.7150186865481309,0.03551012170286083,0.808211866086537,0.2076731744782786,0.03551012170286083,0.19178813391346305,10.497965573748331,13.914076954629307,1.3907293010217292,10.303563040159013,0.03293600563980641,0.03937129579744245,83.0,84.6,14.900000000000002,64.81171032724177,177.2535489498978,72.35806959621185,242.09355886679134,1605,1799
cohface,mamba,cohface_16,20,120,0|1|2|3|4,0.8842574989700293,0.022661429157961967,0.8425838586457004,0.01997318033622142,0.022661429157961967,0.1574161413542996,3.508833495566909,5.534201389889367,1.3999816536587504,11.14285063900538,0.02002568470945559,0.026615045830721527,57.5,85.35,27.95,119.52883650913665,179.43925070492875,115.90604180246945,245.24291618353746,1070,1803
cohface,mamba,cohface_17,10,60,0|1|2|3|4,0.6962688121775106,0.056277566124775316,0.7737973196104379,0.22846835295516543,0.056277566124775316,0.22620268038956215,13.475967218952633,16.333038975236832,1.3788616506331828,10.948962697484255,0.04937027420656727,0.0666385040020874,58.5,89.3,31.000000000000004,192.8446882966402,172.3678411103494,254.44532662720331,246.31314047399735,885,918
cohface,mamba,cohface_18,20,120,0|1|2|3|4,0.811073278488879,0.011142507682802016,0.7655030679316893,0.10114060026208638,0.011142507682802016,0.23449693206831068,5.457578198486997,10.07303984964108,1.405511282908214,13.001800239360286,0.012269016808853273,0.009452743993725128,77.75,82.25,15.7,52.74820507731759,179.46907095684867,66.8514171062362,250.1023270414958,1415,1781
cohface,mamba,cohface_19,20,120,0|1|2|3|4,0.8983427767005314,0.05079959914985349,0.7966366054696726,0.00435142957071899,0.05079959914985349,0.20336339453032737,2.859254327922813,7.152248440279651,1.381073844100182,14.406707163502242,0.046317518571173215,0.0575227200178739,69.5,87.4,20.6,86.39898895201179,174.5869369850168,110.62026082623001,234.50197540871218,1260,1820
cohface,mamba,cohface_2,15,90,0|1|2|3|4,0.8607347087403283,0.03548076907087831,0.8150528012269518,0.04606192159560174,0.03548076907087831,0.18494719877304822,5.912383457672697,7.681530869319207,1.3884146494359983,10.902580085658013,0.036152380615756895,0.034473351753560436,70.0,82.4,17.333333333333332,65.70648964025838,170.10834654796486,56.90901829794961,238.76159195272194,970,1358
cohface,mamba,cohface_20,20,120,0|1|2|3|4,0.8251592013826442,0.03498684308891939,0.8578021071426644,0.08551813395657903,0.03498684308891939,0.14219789285733564,6.945594188699017,8.07388396063958,1.3891939588756255,9.759524478185286,0.035070072311733716,0.034861999254697906,75.5,84.6,15.9,36.96414428485936,178.64637960113913,43.529774520910095,245.17513091106088,1380,1789
cohface,mamba,cohface_21,20,120,0|1|2|3|4,0.6790416467597676,0.009126763258747676,0.7988162322187711,0.24757471987963697,0.009126763258747676,0.20118376778122893,6.817998321886787,14.655899812220147,1.4081116804811467,12.378911078877477,0.008610747646280587,0.009900786677448311,86.5,86.2,18.7,59.839639471840265,177.53293450942078,54.41071875825085,245.81656486092155,1640,1811
cohface,mamba,cohface_22,20,120,0|1|2|3|4,0.8367278901806413,-0.009503329680170439,0.7977887214356308,0.07268749074571723,0.0,0.20221127856436916,0.14109080864921347,7.781062867073625,1.421704604871642,11.673291541370066,-0.010621991756615805,-0.00782533656550239,60.75,82.35,22.7,194.1642984146113,173.02746574878165,198.36403554649374,233.24858907659032,1290,1792
cohface,mamba,cohface_23,20,120,0|1|2|3|4,0.7206465304940082,-0.009784396596709873,0.8423139808210572,0.20143142496138766,0.0,0.15768601917894276,0.19431038252696237,11.495828915525607,1.4235346841741094,7.871846521966205,-0.013225498523340916,-0.004622743706763313,84.75,85.7,17.45,77.80556854308755,172.6163365356051,105.05910225195339,236.89137840541656,1590,1809
cohface,mamba,cohface_24,20,120,0|1|2|3|4,0.648143487294205,0.02403840964823504,0.7491600340702663,0.28184336232454243,0.02403840964823504,0.2508399659297337,10.875312920105866,17.741565597222497,1.396898426115367,14.164470104713613,0.024337393558205224,0.023589933783279757,92.25,82.55,18.2,81.62114892964615,176.86498325223133,98.26622003516769,241.30405021932424,1720,1831
cohface,mamba,cohface_25,20,120,0|1|2|3|4,0.618677306336586,0.03548101823581784,0.7500764929435174,0.31452382086703123,0.03548101823581784,0.24992350705648259,13.1014807545982,19.373269142768905,1.3873705025637004,10.543080888028488,0.037601544308072575,0.032300229127435735,88.75,91.1,17.75,58.96697150667046,171.2406971724502,65.27212391803798,234.87297252995714,1675,1844
cohface,mamba,cohface_26,20,120,0|1|2|3|4,0.6847353906401978,0.08622321312085854,0.7445864493813591,0.24125988182500147,0.08622321312085854,0.2554135506186409,16.63803280366098,18.66595482593577,1.3507802792233643,10.178832268379727,0.08769631863062508,0.08401355485620872,81.25,88.4,19.45,93.14693127644155,171.76424818681278,91.50127442542265,227.54214163506214,1610,1821
cohface,mamba,cohface_27,20,120,0|1|2|3|4,0.9046520296137183,-0.012498837772462766,0.7902690719889598,0.0,0.0,0.2097309280110402,0.0021400090976099865,5.243273200276005,1.4238387258715794,14.159279508344635,-0.013658358645801097,-0.01075955646245527,65.25,85.3,21.35,100.08198896937837,174.4533007850931,132.2875655532295,240.77272294179932,1205,1822
cohface,mamba,cohface_28,15,90,0|1|2|3|4,0.9021986919408914,0.03422399214218831,0.7803835934533064,7.489715081765436e-05,0.03422399214218831,0.21961640654669357,0.547916882193323,6.776618512155062,1.3908053934869817,14.376840388960888,0.03283017872376118,0.03631471226982901,66.33333333333333,87.33333333333333,24.2,120.64643845583818,176.47278984202347,120.36590799403676,238.81369575309367,920,1372
cohface,mamba,cohface_29,20,140,0|1|2|3|4,0.6788005125767125,0.0542038111320089,0.8174138404768168,0.24784215785145436,0.0542038111320089,0.18258615952318324,12.985056400932498,15.891377824959452,1.37421719672648,6.471532477221266,0.05576354811060731,0.05186420566411128,54.857142857142854,82.8,28.02857142857143,203.6319523806714,175.22394414209901,261.47689333066575,238.75840947138656,1950,2112
cohface,mamba,cohface_3,10,60,0|1|2|3|4,0.8808122144194872,-0.028788846378908214,0.8279585112536455,0.02379428898559166,0.0,0.1720414887463545,0.08914265656121745,5.19332305561855,1.4336475371872968,13.168213833658202,-0.027672630441600597,-0.030463170284869643,70.0,78.4,17.200000000000003,63.28608743996212,185.67208009564203,84.46076420241047,247.8280804653592,640,897
cohface,mamba,cohface_30,15,90,0|1|2|3|4,0.8565775827095199,0.0730144206082185,0.7902020929109052,0.050672521968318396,0.0730144206082185,0.20979790708909485,8.289306993110147,9.883208023847505,1.3637661833574672,11.089084585488205,0.07007089856530346,0.07742970367259105,59.333333333333336,81.2,22.8,219.00064920214805,177.7180525141182,248.08928927816584,243.5264088781466,970,1342
cohface,mamba,cohface_31,15,90,0|1|2|3|4,0.773316702152161,0.013542672761157854,0.7367320294354092,0.14301580049428275,0.013542672761157854,0.26326797056459084,6.882681274795452,12.452642011193793,1.403622236953773,12.46582303520567,0.014922307964443072,0.011473219956230029,50.333333333333336,85.53333333333333,35.2,244.05526244550103,173.39250065859756,310.8567908932414,237.69810945042607,1170,1368
cohface,mamba,cohface_32,10,60,0|1|2|3|4,0.8991893252577867,0.06652575814580365,0.8222906838914572,0.003412536435250302,0.06652575814580365,0.1777093161085428,2.7922398600201808,7.065418949503094,1.368480569114695,11.41500211600671,0.06363046597776031,0.07086869639786866,61.0,83.6,23.200000000000006,71.04716562025854,174.77573522937828,71.75315220591472,238.61058591269978,565,914
cohface,mamba,cohface_33,10,60,0|1|2|3|4,0.8538425455006753,-0.011166844464716007,0.8198559372207824,0.053705906927311475,0.0,0.18014406277921757,0.12236670303598818,6.517573079254619,1.4244820088550252,12.176927417739803,-0.014574496775824083,-0.006055365998053896,77.5,82.6,14.500000000000004,79.25421030903391,168.4891678022159,89.03008811153273,229.8136614206235,705,919
cohface,mamba,cohface_34,20,120,0|1|2|3|4,0.8478724487988849,-0.01715743422474859,0.7968180616574612,0.06032724336850581,0.0,0.20318193834253884,0.13172367238437444,7.341820084882439,1.4247904624463181,14.061664180352418,-0.015013930938996538,-0.02037268915337667,61.5,85.2,24.9,201.14364742788007,175.72484843720298,245.45875417267155,237.68728143809383,1270,1802
cohface,mamba,cohface_35,20,120,0|1|2|3|4,0.6668171252388956,0.022877204491527747,0.7869346092152475,0.2611327364186389,0.022877204491527747,0.2130653907847525,9.959265964765674,15.977007553750061,1.3968260063963014,12.500721342721477,0.024438553927479872,0.02053518033759956,85.25,83.45,17.4,70.10869231315772,183.08810421946583,74.27616813313925,250.28886767588992,1595,1798
cohface,mamba,cohface_36,20,120,0|1|2|3|4,0.7200789003817979,0.05167087144148089,0.6977144049561594,0.2020609742191024,0.05167087144148089,0.30228559504384056,13.400698887864532,17.072084088367887,1.3787350904552538,14.497536473362429,0.049544775173671604,0.05486001584319482,89.75,83.65,18.1,114.85768491781074,180.0695660318318,102.41475504673164,244.38599355930162,1680,1817
cohface,mamba,cohface_37,10,60,0|1|2|3|4,0.8333957225666137,0.05286502372439028,0.8563340310360088,0.0763831432540446,0.05286502372439028,0.1436659689639912,7.792031699502691,8.438455485791089,1.3745588702450873,7.217212404142886,0.05529395611527476,0.04922162513806355,62.5,85.4,24.7,174.65077932614258,184.0749265181542,193.54331916509702,242.5501966393775,670,913
cohface,mamba,cohface_38,15,80,0|1|2|3|4,0.8623550415746847,0.009549966910784337,0.7565505379747122,0.044264836995653756,0.009549966910784337,0.24344946202528783,3.8139498734025965,8.104291697123625,1.407304724135842,14.200101931500688,0.00974670671247091,0.009254857208254478,62.625,75.375,16.500000000000004,242.81442545459527,186.90814736882973,224.82734993346892,251.47890035536514,925,1216
cohface,mamba,cohface_39,20,120,0|1|2|3|4,0.8240678539080899,-0.02790945718374912,0.8127975376806746,0.08672852956057397,0.0,0.18720246231932536,0.14787291457636745,7.932381416504658,1.4333464739495687,12.896672464451447,-0.027241057191830995,-0.028912057171626298,63.0,82.55,22.15,200.90669780468968,179.40410663528453,210.9884571066817,241.87687938031831,1360,1815
cohface,mamba,cohface_4,15,90,0|1|2|3|4,0.7715290045118691,-0.01573558886567618,0.8003866357137378,0.14499850665848135,0.0,0.1996133642862622,0.18220434407987554,10.427778106849605,1.4252572066322138,13.863926766823552,-0.015679052528530697,-0.0158203933713944,56.0,85.73333333333333,30.0,240.69747393611823,178.0950391744065,287.75744616966387,240.59348779660482,1240,1349
cohface,mamba,cohface_40,20,120,0|1|2|3|4,0.887590201204921,0.06603371291889996,0.8469866706956052,0.01627693488865245,0.06603371291889996,0.15301332930439482,4.8187477765730335,6.9119825253930856,1.3658780841320635,9.596713000462112,0.06718852964386181,0.0643014878314572,61.5,83.95,23.75,105.75958336644929,180.63021868507772,116.29441192036033,253.23733318654124,1145,1808
cohface,mamba,cohface_5,20,120,0|1|2|3|4,0.8285736357535183,0.027322152423211236,0.7841634195300632,0.0817312407360462,0.027322152423211236,0.2158365804699368,6.908279314477171,9.485416755220575,1.3948892706549771,9.440540820679164,0.027141961305813044,0.027592439099308527,74.0,84.9,18.0,84.93386055396519,175.32072030958872,82.69186576702462,240.05439541829662,1385,1805
cohface,mamba,cohface_6,10,60,0|1|2|3|4,0.8925845890052061,0.001996553918378151,0.8368795491278497,0.010737741204642881,0.001996553918378151,0.16312045087215032,1.1280408943155584,4.555547338917046,1.4133686156857128,10.678697455432305,0.0011945780973259415,0.0031995176499564656,62.5,91.3,31.8,91.74576426085903,165.85947913519632,96.41637052313449,231.40047571177357,575,937
cohface,mamba,cohface_7,15,90,0|1|2|3|4,0.8413910933664023,0.03692255620696976,0.7553525367027026,0.06751560849173077,0.03692255620696976,0.24464746329729736,7.428415014983525,10.032617758633704,1.3897845376885243,13.981309584012989,0.034249469400947335,0.0409321864160034,61.0,86.66666666666667,26.2,214.91952754240486,176.8291500674317,239.11435689994784,235.84952830141512,1015,1366
cohface,mamba,cohface_8,10,60,0|1|2|3|4,0.8367555208290215,0.06958389852728221,0.7707453997896004,0.07265684604628397,0.06958389852728221,0.22925460021039956,9.527939739677688,11.065392926768721,1.36584245865208,13.184175519928454,0.06723718907162057,0.07310396271077466,73.5,85.0,18.1,110.49702608013578,173.17346071631917,140.7885953173358,236.20550893836108,690,908
cohface,mamba,cohface_9,10,60,0|1|2|3|4,0.8566689729214251,-0.00826586926217198,0.8152460446133294,0.05057116258158101,0.0,0.1847539553866706,0.12039599434500207,6.515267481476053,1.4223155352140429,11.985842252928517,-0.011490740855604663,-0.0034285618720229583,72.50000000000001,83.3,18.6,59.564396694294956,178.29345008881575,63.916866738432525,247.28792083212176,675,896
cohface,physdiff,cohface_1,20,120,0|1|2|3|4,0.5933195380015569,-0.030625417007624285,0.7395416939309631,0.34264770627976493,0.0,0.26045830606903686,0.26884532495985625,19.360746637217108,1.4339002658548468,9.00834577387843,-0.028034986209299933,-0.03451106320511081,84.25,73.1,16.750000000000004,76.76276069031799,198.15482873591986,80.10232364020237,268.55401755276375,1585,1691
cohface,physdiff,cohface_10,20,120,0|1|2|3|4,0.6329748350950843,-0.0015943700319669537,0.7406846798689188,0.29866666596378166,0.0,0.25931532013108116,0.2550657092927167,17.68288297691884,1.4139613474357318,11.051784389574571,0.00035665397886500713,-0.004520906048214895,83.0,66.5,20.5,63.63238380699364,207.13589616110085,58.2643702626679,274.13218035420175,1545,1703
cohface,physdiff,cohface_11,10,60,0|1|2|3|4,0.8514475718917401,-0.05744011303893158,0.7034030377542693,0.056362132919058894,0.0,0.29659696224573073,0.14114384919503023,9.528504040607977,1.4512694581669867,13.732913399427552,-0.05309152010414956,-0.0639630024411046,66.5,70.1,11.2,100.61282585108245,200.96480756711162,98.49789267992142,249.60173668794457,605,839
cohface,physdiff,cohface_12,15,95,0|1|2|3|4,0.7671930521801354,0.03178109093560082,0.7443443351240023,0.14980744035176308,0.03178109093560082,0.25565566487599767,9.573090714617988,13.200961545176087,1.3911767012001284,13.226510108956774,0.03231369301896433,0.030982187810555548,54.31578947368421,73.26315789473684,20.46315789473684,263.71834751813947,200.22169354301352,269.25824035672525,272.6794216394885,1080,1349
cohface,physdiff,cohface_13,20,120,0|1|2|3|4,0.8268370529694803,0.03572700534936863,0.7532200303303672,0.08365725625061116,0.03572700534936863,0.24677996966963278,7.968747456968585,10.646409051740061,1.3880810231532024,14.323111151995125,0.0366155365809793,0.034394208501952635,66.5,66.1,10.400000000000004,87.3858511631625,207.61595398107,96.6942386326784,268.2304568267291,1235,1627
cohface,physdiff,cohface_14,10,60,0|1|2|3|4,0.5566916343792029,-0.16299089569192413,0.7751966012836695,0.38327111409600945,0.0,0.22480339871633048,0.2702498749313133,19.992751746508617,1.5191626181407485,13.50179339550415,-0.1539275301781265,-0.17658594396262056,83.0,78.3,6.100000000000003,69.685569366462,166.14760793511235,79.00240066190922,235.0504371626139,785,834
cohface,physdiff,cohface_15,20,120,0|1|2|3|4,0.7106703528589517,-0.05828474051562253,0.7408738858154486,0.21249584013225387,0.0,0.25912611418455145,0.22445754465424644,14.446746859573306,1.4545691138699235,9.913727904949873,-0.05788565351216737,-0.058883371020805264,83.0,70.65,17.950000000000006,64.81171032724177,201.25227714286476,72.35806959621185,263.6249344440052,1605,1704
cohface,physdiff,cohface_16,20,120,0|1|2|3|4,0.8487752817428815,0.023699084381974267,0.7856412608783384,0.05932592614183463,0.023699084381974267,0.2143587391216616,5.797974937397103,8.472406372684373,1.3982258733079114,11.15375084294704,0.022482203606163965,0.025524405545689712,57.5,70.45,15.15,119.52883650913665,199.5154519889756,115.90604180246945,268.8535898648837,1070,1647
cohface,physdiff,cohface_17,10,60,0|1|2|3|4,0.7167112100025285,-0.025995587663649233,0.6968260506360262,0.20579602444437417,0.0,0.3031739493639738,0.2306544501477307,15.296699650763376,1.4333322840915446,10.612438899028849,-0.027220718309542216,-0.024157891694809756,58.5,71.7,16.0,192.8446882966402,196.484623703663,254.44532662720331,266.1800662638737,885,826
cohface,physdiff,cohface_18,20,120,0|1|2|3|4,0.7439308939325905,-0.07572924589544322,0.724144963283339,0.17560711894978442,0.0,0.275855036716661,0.21226262154585757,13.481642878533439,1.4646320758570903,12.643916143975042,-0.07257355881472467,-0.08046277651652102,77.75,69.3,12.75,52.74820507731759,200.19650510884725,66.8514171062362,264.3736313021775,1415,1715
cohface,physdiff,cohface_19,20,120,0|1|2|3|4,0.8441877086562107,0.017429663605817096,0.7391555766986341,0.06441392829200188,0.017429663605817096,0.2608444233013659,5.5968824494574,9.59024527870236,1.4022541729340028,14.27451034814914,0.016841617244588065,0.018311733147660648,69.5,70.1,9.5,86.39898895201179,199.5119798705226,110.62026082623001,258.07683874069744,1260,1707
cohface,physdiff,cohface_2,15,90,0|1|2|3|4,0.8302604374884354,-0.02732209589115487,0.7738138260044615,0.0798604365674761,0.0,0.22618617399553853,0.15031104481644939,8.649420721168816,1.4341694089849881,10.620954738494092,-0.02842094683417514,-0.025673819476624463,70.0,67.93333333333334,11.933333333333335,65.70648964025838,200.46016448382613,56.90901829794961,260.5657657337688,970,1294
cohface,physdiff,cohface_20,20,120,0|1|2|3|4,0.7283483072697547,0.0066206853607075795,0.8175011341524673,0.19288951052105685,0.0066206853607075795,0.18249886584753272,5.372103577033641,12.044103991754485,1.4087456674674215,9.6381303310402,0.007717822195884459,0.0049749801079422605,75.5,67.35,15.15,36.96414428485936,213.96843936209663,43.529774520910095,264.1987638920842,1380,1640
cohface,physdiff,cohface_21,20,120,0|1|2|3|4,0.6549425473206002,0.032518784356092456,0.7384017903316697,0.27430263624130535,0.032518784356092456,0.26159820966833025,12.184151717062223,18.045758514110673,1.3919404469717662,12.47924000482963,0.03125089604201981,0.034420616827201427,86.5,68.25,21.85,59.839639471840265,200.35639766985267,54.41071875825085,272.6590338095342,1640,1680
cohface,physdiff,cohface_22,20,120,0|1|2|3|4,0.779792993909316,0.01739436632218443,0.7674214652315415,0.13583305141040325,0.01739436632218443,0.23257853476845847,7.18906952070827,11.5604915341835,1.4051657373270956,11.774927909472115,0.012754625320999842,0.02435397782396131,60.75,65.45,11.000000000000002,194.1642984146113,210.42702079997858,198.36403554649374,274.11688227210635,1290,1655
cohface,physdiff,cohface_23,20,120,0|1|2|3|4,0.6592991361324791,0.01738421088885909,0.7844036665655506,0.26947081496599123,0.01738421088885909,0.2155963334344494,9.11822620073153,16.146971805418122,1.403242943074568,7.996550247886994,0.015454621355712211,0.020278595188579412,84.75,62.1,23.35,77.80556854308755,204.69000223853766,105.05910225195339,272.9287260697681,1590,1684
cohface,physdiff,cohface_24,20,120,0|1|2|3|4,0.6450006271873774,-0.002557260711533872,0.7122703500999142,0.2853290569781437,0.0,0.28772964990008576,0.2573362125168197,17.89308088418253,1.4176966755828724,14.036100246035081,-0.004931931979363978,0.0010047461902112857,92.25,73.15,23.0,81.62114892964615,201.75902578148077,98.26622003516769,266.6523191741412,1720,1681
cohface,physdiff,cohface_25,20,120,0|1|2|3|4,0.5751522954726556,-0.05287059300906463,0.7032168021107047,0.362796697326519,0.0,0.2967831978892953,0.2837811696253048,21.02445609697684,1.452257131977543,10.146059659974394,-0.054525388689819286,-0.050388399487932646,88.75,70.65,20.0,58.96697150667046,198.59574913445417,65.27212391803798,270.1639847947964,1675,1696
cohface,physdiff,cohface_26,20,120,0|1|2|3|4,0.6338172847557273,-0.0524805907604152,0.7043094244159845,0.2977323188473917,0.0,0.29569057558401546,0.26326559882225137,18.557226346377576,1.4494000320808775,9.566761166643804,-0.050380226498024414,-0.05563113715400137,81.25,75.1,16.35,93.14693127644155,189.47794022854416,91.50127442542265,248.21406421650818,1610,1744
cohface,physdiff,cohface_27,20,120,0|1|2|3|4,0.8484446960697308,-0.07124469285695183,0.7551410471073721,0.05969257329579336,0.0,0.24485895289262793,0.13746720733264617,8.359945320907949,1.4624598039520067,13.926816759602145,-0.06939433908767097,-0.07402022351087312,65.25,67.6,11.150000000000002,100.08198896937837,206.39953517500365,132.2875655532295,272.86951737501937,1205,1683
cohface,physdiff,cohface_28,15,90,0|1|2|3|4,0.8400695000983986,0.09814774223812778,0.7224869958072626,0.06898136593302073,0.09814774223812778,0.2775130041927374,11.150654859116583,13.205166661236504,1.3447954901192434,14.66904283293712,0.09576254487747217,0.10172553827911118,66.33333333333333,66.8,12.2,120.64643845583818,206.2345525063199,120.36590799403676,265.6026900748965,920,1251
cohface,physdiff,cohface_29,20,140,0|1|2|3|4,0.7040258494227661,-0.012692946867765469,0.792830877991935,0.21986515003345908,0.0,0.20716912200806503,0.2149759639797378,13.42417117645634,1.4229771298008833,6.168681653270407,-0.012431955968180128,-0.013084433217143481,54.857142857142854,66.04285714285714,12.55714285714286,203.6319523806714,208.73976024591988,261.47689333066575,277.8499875054867,1950,1927
cohface,physdiff,cohface_3,10,60,0|1|2|3|4,0.7910170444820769,-0.10610156602557438,0.7913888355989065,0.12338464080878897,0.0,0.2086111644010935,0.17340327665711647,9.842203140356924,1.484390446396676,12.866098682413622,-0.10170749867686132,-0.11269266704864395,70.0,69.8,11.800000000000004,63.28608743996212,205.0621839415278,84.46076420241047,252.8437236439106,640,838
cohface,physdiff,cohface_30,15,90,0|1|2|3|4,0.7413617879157571,-0.0063046759411736555,0.7636041705895131,0.1784564723422427,0.0,0.23639582941048687,0.2054634453980581,12.602013448096272,1.4180777518208068,10.749882061717628,-0.005472255104576816,-0.007553307196068917,59.333333333333336,68.86666666666666,11.933333333333339,219.00064920214805,205.14899643296582,248.08928927816584,261.3828476227139,970,1238
cohface,physdiff,cohface_31,15,90,0|1|2|3|4,0.7332722372343371,-0.030511814228251388,0.7066114191015836,0.18742846046828288,0.0,0.29338858089841635,0.22088901996724913,14.363281790021015,1.4352312292931753,12.272390320878086,-0.029944340769199513,-0.03136302441682919,50.333333333333336,71.6,21.26666666666667,244.05526244550103,203.3916114161465,310.8567908932414,267.1553919063913,1170,1258
cohface,physdiff,cohface_32,10,60,0|1|2|3|4,0.8278223151808536,0.019222276849012843,0.7646904081710273,0.08256451807396803,0.019222276849012843,0.2353095918289727,6.210610052814344,9.6997446053361,1.402760232886457,11.20010591217767,0.016131864516166536,0.0238578953482823,61.0,68.4,10.400000000000004,71.04716562025854,202.8892934825546,71.75315220591472,267.101905337741,565,836
cohface,physdiff,cohface_33,10,60,0|1|2|3|4,0.714902056888408,-0.04101398082690201,0.7930127571731468,0.2078025265230815,0.0,0.2069872428268532,0.21042869105207954,12.967275815286888,1.4417958672927653,12.071991260646753,-0.039387661471248725,-0.043453459860381946,77.5,63.3,17.8,79.25421030903391,215.57545074787117,89.03008811153273,286.15233577402347,705,826
cohface,physdiff,cohface_34,20,120,0|1|2|3|4,0.7960425621264589,0.03855560020375151,0.7418912402480833,0.11781092152470563,0.03855560020375151,0.2581087597519167,9.428184421092407,12.31646355861506,1.3867402249636098,14.29678190127188,0.03847577423393838,0.038675339158471204,61.5,70.05,12.75,201.14364742788007,203.61400618702407,245.45875417267155,263.61752792810995,1270,1672
cohface,physdiff,cohface_35,20,120,0|1|2|3|4,0.6653813819094978,0.030804059124562494,0.7468084058363431,0.26272509582284953,0.030804059124562494,0.2531915941636569,11.652078078121967,17.337133164619374,1.390599514623724,12.539526117890958,0.03311649496413162,0.02733540536520881,85.25,63.1,24.250000000000004,70.10869231315772,215.22898945356644,74.27616813313925,280.9232311490414,1595,1654
cohface,physdiff,cohface_36,20,120,0|1|2|3|4,0.7086729561312881,-0.008083014632984248,0.6648975570622829,0.21471112011866267,0.0,0.33510244293771707,0.24029229762806822,16.429228077892777,1.4194432446110545,14.244792408929136,-0.0074095623359789415,-0.009093193078492207,89.75,66.25,24.6,114.85768491781074,208.84635511492615,102.41475504673164,275.96252478540003,1680,1691
cohface,physdiff,cohface_37,10,60,0|1|2|3|4,0.7236395257993774,-0.17523812169912284,0.8549571914836114,0.19811194290378187,0.0,0.14504280851638862,0.18911045806378848,11.055268071801535,1.5275827996233737,6.30038410638218,-0.16675460485259241,-0.18796339696891842,62.5,61.5,4.600000000000003,174.65077932614258,226.30531083451126,193.54331916509702,294.8155504569065,670,788
cohface,physdiff,cohface_38,15,80,0|1|2|3|4,0.8317609106488615,0.011243355615027078,0.7208250433393752,0.07819628636816955,0.011243355615027078,0.27917495666062475,5.19397545152617,10.333360490885493,1.4053134886673293,14.212400546601582,0.012546999284830093,0.009287890110322555,62.625,63.075,10.500000000000002,242.81442545459527,215.84581025618425,224.82734993346892,291.72653107326187,925,1110
cohface,physdiff,cohface_39,20,120,0|1|2|3|4,0.8147774586449984,-0.013655205638770393,0.7634557266663375,0.09703235473817273,0.0,0.23654427333366246,0.1635203558779047,9.552320136023038,1.4236349568552078,12.955723244190409,-0.013368245190064772,-0.014085646311828825,63.0,68.95,12.850000000000001,200.90669780468968,205.858308739725,210.9884571066817,277.12894349332754,1360,1671
cohface,physdiff,cohface_4,15,90,0|1|2|3|4,0.772924402046442,-0.004844781390837465,0.7445619689295734,0.14345089411430778,0.0,0.2554380310704266,0.19301235593011046,11.765359306047207,1.4198079042004443,13.897199887517397,-0.007927242415029173,-0.00022108985454990176,56.0,65.2,9.866666666666667,240.69747393611823,212.93093795361912,287.75744616966387,287.0750644419622,1240,1256
cohface,physdiff,cohface_40,20,120,0|1|2|3|4,0.8403106169892882,0.002333539868273213,0.8245948902689765,0.06871394713966084,0.002333539868273213,0.17540510973102352,2.4429135914654556,7.0494085060731155,1.4118945143087052,9.30890671782133,0.003276940232492726,0.0009184393219439431,61.5,71.4,13.2,105.75958336644929,215.20017327048328,116.29441192036033,279.83187551272914,1145,1668
cohface,physdiff,cohface_5,20,120,0|1|2|3|4,0.7572645077221255,0.02930191900977031,0.7360170005459833,0.16081902634636258,0.02930191900977031,0.2639829994540167,9.612947031518585,13.7291104372054,1.3935157961869442,9.449097575045098,0.029056862888733447,0.0296695031913256,74.0,69.15,12.450000000000005,84.93386055396519,196.20969577435102,82.69186576702462,269.673523957784,1385,1695
cohface,physdiff,cohface_6,10,60,0|1|2|3|4,0.8262313744386888,0.006385079360492302,0.7920197532036799,0.0843290043860101,0.006385079360492302,0.2079802467963201,4.014987980356621,8.601284310401843,1.410742912562006,10.694848782246599,0.00490221732803418,0.008609372409179484,62.5,66.6,11.500000000000002,91.74576426085903,203.19294122954767,96.41637052313449,255.39172996134357,575,838
cohface,physdiff,cohface_7,15,90,0|1|2|3|4,0.7966596767862918,0.0630019765073907,0.7102488524528083,0.11712648976594997,0.0630019765073907,0.28975114754719167,11.641522436782962,13.998596173930068,1.3667455791021448,14.126505539111518,0.06600326100237135,0.05850004976491974,61.0,65.13333333333334,12.0,214.91952754240486,204.44287048365842,239.11435689994784,259.1300262366889,1015,1256
cohface,physdiff,cohface_8,10,60,0|1|2|3|4,0.664207099268968,0.12417150428551879,0.7376992300734012,0.264027473460664,0.12417150428551879,0.2623007699265988,19.864449759755782,21.114980913646825,1.324614746316475,13.45039599110242,0.12269788692047039,0.1263819303330914,73.5,68.6,11.900000000000004,110.49702608013578,212.21381238887383,140.7885953173358,279.70168853809724,690,841
cohface,physdiff,cohface_9,10,60,0|1|2|3|4,0.7758201098373493,0.06302661592710182,0.7815008140357963,0.14023931204508688,0.06302661592710182,0.2184991859642037,11.608072624350246,13.084951948062168,1.3702575045787158,12.309717540087563,0.061197185572855195,0.06577076145847174,72.50000000000001,66.7,13.200000000000006,59.564396694294956,201.08176055972834,63.916866738432525,273.63839727929627,675,859
cohface,rnn,cohface_1,20,120,0|1|2|3|4,0.6977598992884938,0.06750454137279703,0.823874799117075,0.2268146126695202,0.06750454137279703,0.17612520088292505,13.515492738932622,15.440098298660022,1.3640296179632627,9.44224866904459,0.06971160065949808,0.06419395244274546,84.25,84.75,9.299999999999995,76.76276069031799,155.24578909782036,80.10232364020237,206.29524101482352,1585,1809
cohface,rnn,cohface_10,20,120,0|1|2|3|4,0.6987535826767993,-0.015491539169226912,0.8286576772278438,0.22571253470350938,0.0,0.17134232277215622,0.20703775114998907,12.747778120685508,1.423969455209496,10.990521669639515,-0.013844504684814313,-0.017962090895845807,83.0,86.0,11.099999999999998,63.63238380699364,159.2211879489405,58.2643702626679,211.66374343368355,1545,1808
cohface,rnn,cohface_11,10,60,0|1|2|3|4,0.8926638194827802,0.009821791100630875,0.7972698662165488,0.010649867980033756,0.009821791100630875,0.20273013378345117,2.1580185357552484,5.8359405601112035,1.407857206853619,13.996702345976912,0.008969042555163094,0.011100913918832545,66.5,83.8,18.900000000000002,100.61282585108245,160.66355125058715,98.49789267992142,220.53288138744674,605,906
cohface,rnn,cohface_12,15,95,0|1|2|3|4,0.7981018649576385,0.08199660887803843,0.8316152969714096,0.11552698249312254,0.08199660887803843,0.16838470302859043,11.162344051682723,11.616752252133297,1.3563868154038148,13.446484830328735,0.08010740349934886,0.0848304169460728,54.31578947368421,85.70526315789473,31.51578947368421,263.71834751813947,156.4037150437315,269.25824035672525,207.64181696734133,1080,1424
cohface,rnn,cohface_13,20,120,0|1|2|3|4,0.9011684506405094,-0.007326652647919795,0.847294772885387,0.0012175208981678454,0.0,0.15270522711461298,0.02838030999947353,3.8632877115466187,1.421534175625259,14.116261386250667,-0.010379706235292321,-0.0027470722668610065,66.5,83.2,18.1,87.3858511631625,161.15034892761548,96.6942386326784,217.63461286699297,1235,1803
cohface,rnn,cohface_14,10,60,0|1|2|3|4,0.6353709506594012,0.20361656778149267,0.8008843463578081,0.29600917344802957,0.20361656778149267,0.19911565364219186,23.298110836093,23.71385663716188,1.2657758911607893,15.08674230911782,0.19890569667805502,0.2106828744366491,83.0,84.4,6.2,69.685569366462,146.8331784330704,79.00240066190922,193.03418122692992,785,880
cohface,rnn,cohface_15,20,120,0|1|2|3|4,0.6748935083697084,0.014605235781745635,0.8622957085499541,0.2521753522072473,0.014605235781745635,0.13770429145004592,7.44845283249886,13.446879335838382,1.4059646254799631,10.20892725991159,0.011631735949493517,0.01906548553012381,83.0,84.85,11.05,64.81171032724177,157.92524259708168,72.35806959621185,212.09629722497127,1605,1769
cohface,rnn,cohface_16,20,120,0|1|2|3|4,0.8762473065762835,0.004035018985096817,0.8938304811443515,0.02885715348556439,0.004035018985096817,0.10616951885564851,1.9111162895058431,3.887694439041008,1.4122038771822256,11.067349537154348,0.002840104635744606,0.005827390509125134,57.5,85.0,27.7,119.52883650913665,156.44076357312446,115.90604180246945,212.6425815068081,1070,1780
cohface,rnn,cohface_17,10,60,0|1|2|3|4,0.6531742467888182,0.10047013704520952,0.8225215970261379,0.2762638293902472,0.10047013704520952,0.17747840297386208,16.925704768745913,18.564483815676176,1.341961691484193,11.184574190786398,0.09956940929444166,0.10182122867136129,58.5,85.3,27.200000000000006,192.8446882966402,158.60400093955488,254.44532662720331,220.81463253540866,885,884
cohface,rnn,cohface_18,20,120,0|1|2|3|4,0.8392083606286445,0.032428608987760815,0.8135161321447135,0.0699364416104924,0.032428608987760815,0.18648386785528648,6.699189478329857,8.500786093816657,1.3918675636350963,13.086528684145645,0.031352342650250525,0.03404300849402624,77.75,86.15,12.000000000000002,52.74820507731759,158.20786948835573,66.8514171062362,212.3504258278808,1415,1792
cohface,rnn,cohface_19,20,120,0|1|2|3|4,0.8895529717126174,0.061911116535908146,0.8355609982685308,0.014100058275512528,0.061911116535908146,0.1644390017314692,4.538081455292213,6.961394098715005,1.3716901632086687,14.46592468604209,0.05923304807828805,0.0659282192223383,69.5,84.55,16.55,86.39898895201179,156.75916829865733,110.62026082623001,206.33652310134107,1260,1792
cohface,rnn,cohface_2,15,90,0|1|2|3|4,0.8432579813655012,0.04163873214584787,0.8587045678035427,0.06544507359799023,0.04163873214584787,0.14129543219645735,6.695722590685136,7.548028520305363,1.3840626864354424,10.929848623358382,0.04218524000855312,0.04081897035179,70.0,84.6,16.466666666666665,65.70648964025838,161.11022133301998,56.90901829794961,220.72870564479032,970,1347
cohface,rnn,cohface_20,20,120,0|1|2|3|4,0.8075114409370868,0.03341825881868006,0.9042344904874957,0.10509097593560324,0.03341825881868006,0.09576550951250429,6.6816426862064615,7.588234041098231,1.3896073891550376,9.756939903502357,0.03449565200286005,0.031802169042410074,75.5,86.55,13.35,36.96414428485936,158.96379623925546,43.529774520910095,209.43420581930783,1380,1795
cohface,rnn,cohface_21,20,120,0|1|2|3|4,0.713223552413842,0.014692635381346887,0.8387683376896579,0.2096641283361339,0.014692635381346887,0.16123166231034214,7.245969817002636,12.444170197164082,1.4054420289837142,12.395394364879648,0.012366351583070279,0.0181820610787618,86.5,87.5,13.9,59.839639471840265,152.3237835667092,54.41071875825085,202.38873947672533,1640,1834
cohface,rnn,cohface_22,20,120,0|1|2|3|4,0.832819374155262,-0.028391612006551853,0.8477183461406501,0.07702236183450129,0.0,0.15228165385934989,0.13432078094529576,6.695379915277545,1.432870515291888,11.605340020611694,-0.026558956796420053,-0.031140594821749544,60.75,82.25,22.0,194.1642984146113,159.74240928440977,198.36403554649374,213.32840647463945,1290,1785
cohface,rnn,cohface_23,20,120,0|1|2|3|4,0.6872780942405671,0.0063780331597465935,0.8865434486366774,0.23843981092008093,0.0063780331597465935,0.11345655136332256,5.093097295316174,12.017082937076596,1.410509696115631,7.951686065875702,0.005231198581895125,0.008098285026523796,84.75,86.85,11.8,77.80556854308755,159.71728522182724,105.05910225195339,217.63479728233602,1590,1804
cohface,rnn,cohface_24,20,120,0|1|2|3|4,0.6220424687758429,-0.0021968384494825185,0.7887970008523291,0.31079157433861093,0.0,0.21120299914767093,0.24595235421730144,16.934759016389684,1.4174453577452217,14.037640147022028,-0.004575671096739773,0.0013714105214033627,92.25,86.65,13.2,81.62114892964615,159.86986471356454,98.26622003516769,215.93320445180527,1720,1807
cohface,rnn,cohface_25,20,120,0|1|2|3|4,0.6339900794756461,0.04583161642654236,0.7993161585908787,0.2975406750545029,0.04583161642654236,0.20068384140912132,13.370416029602247,17.893556965767228,1.3804118464124941,10.5867564658667,0.047231567142024325,0.04373169035331941,88.75,90.35,10.999999999999998,58.96697150667046,156.01884403961293,65.27212391803798,212.058539625332,1675,1804
cohface,rnn,cohface_26,20,120,0|1|2|3|4,0.6743152994650641,0.07116892212601902,0.7842532028374485,0.2528166342303335,0.07116892212601902,0.21574679716255152,15.105917270280925,17.543128292427006,1.361302801187624,10.111431734986615,0.0734273417393641,0.06778129270600142,81.25,90.6,14.85,93.14693127644155,151.3217703952611,91.50127442542265,206.27934843469734,1610,1830
cohface,rnn,cohface_27,20,120,0|1|2|3|4,0.9008947580216826,0.015162356777199624,0.8273903987095357,0.0015210688976802222,0.015162356777199624,0.17260960129046432,1.1758707476479238,4.940868495069602,1.4043842053803246,14.278776795027351,0.013852501839137324,0.017127139184293077,65.25,85.6,20.95,100.08198896937837,157.04475709696177,132.2875655532295,207.0718293611424,1205,1790
cohface,rnn,cohface_28,15,90,0|1|2|3|4,0.8959739452122238,0.026413685238526337,0.8199297319082275,0.0069786617647763505,0.026413685238526337,0.1800702680917725,2.5909613426055715,5.753969714918164,1.3969134299443373,14.338777859105525,0.024316434620573448,0.029559561165455668,66.33333333333333,87.93333333333334,22.533333333333335,120.64643845583818,160.11937143205,120.36590799403676,212.09479534323881,920,1356
cohface,rnn,cohface_29,20,140,0|1|2|3|4,0.6899684235543398,0.05582617295654978,0.8651423804785893,0.23545601075504263,0.05582617295654978,0.13485761952141073,11.939860060450481,14.294522377219984,1.3721757401917938,6.484445319508778,0.058566869014551284,0.051715128869547516,54.857142857142854,84.9,30.042857142857144,203.6319523806714,161.63731723239562,261.47689333066575,217.54690619370572,1950,2087
cohface,rnn,cohface_3,10,60,0|1|2|3|4,0.8531693814829318,0.017200568060009705,0.8538381637341103,0.05445250211064401,0.017200568060009705,0.14616183626588974,4.5242201958755155,6.341036038046758,1.4021579793448713,13.361122737538583,0.01697650047975362,0.01753666943039383,70.0,82.6,15.6,63.28608743996212,165.1646155856028,84.46076420241047,218.92362468262883,640,902
cohface,rnn,cohface_30,15,90,0|1|2|3|4,0.8158629009113337,0.04061751208906941,0.8424012676084947,0.0958285085038657,0.04061751208906941,0.15759873239150535,7.865316398279816,9.056694082022702,1.3835368356354554,10.964068402631195,0.04291291221991535,0.037174411892800505,59.333333333333336,84.0,24.933333333333334,219.00064920214805,160.17337866950996,248.08928927816584,209.86832883299584,970,1320
cohface,rnn,cohface_31,15,90,0|1|2|3|4,0.7684738977633915,0.027630651634393384,0.7895240303259141,0.14838687550003926,0.027630651634393384,0.21047596967408588,8.621753685159602,11.862556509393372,1.3946268072890746,12.521667656056561,0.027508034195341126,0.027814577792971768,50.333333333333336,81.8,31.466666666666665,244.05526244550103,158.43845532188953,310.8567908932414,214.96169613604934,1170,1356
cohface,rnn,cohface_32,10,60,0|1|2|3|4,0.888398055545188,0.10271929725273127,0.872709996274332,0.015380956875300944,0.10271929725273127,0.127290003725668,5.317247155104896,7.611009622942907,1.3373401534114244,11.61493713353125,0.10576065703675396,0.0981572575766972,61.0,88.8,28.200000000000006,71.04716562025854,155.17962347857446,71.75315220591472,213.18242320165652,565,905
cohface,rnn,cohface_33,10,60,0|1|2|3|4,0.8323614569552675,-0.03694001532320986,0.8640820570891625,0.07753023029875306,0.0,0.13591794291083747,0.1308792660846835,6.305332208974177,1.4416393468974185,12.072934246204209,-0.03916200326140786,-0.033607033415912854,77.5,89.8,16.1,79.25421030903391,159.2461510032083,89.03008811153273,215.12195761334746,705,925
cohface,rnn,cohface_34,20,120,0|1|2|3|4,0.850199438320444,-0.010234274291048048,0.8339796939943172,0.05774641741425357,0.0,0.16602030600568285,0.12320042178619306,6.31599830317658,1.4226176711008287,14.074920186243673,-0.011920519064172913,-0.0077049071313607526,61.5,85.5,24.2,201.14364742788007,158.93041779782266,245.45875417267155,213.23249703945027,1270,1797
cohface,rnn,cohface_35,20,120,0|1|2|3|4,0.644402980539059,-0.004469965192229653,0.8286588066062759,0.28599189708428163,0.0,0.1713411933937241,0.22625495292411135,15.008225975503663,1.4177517677375655,12.37156363789827,-0.00501003746149602,-0.0036598567883301017,85.25,82.2,14.25,70.10869231315772,163.70837443101024,74.27616813313925,218.3437738276592,1595,1801
cohface,rnn,cohface_36,20,120,0|1|2|3|4,0.6819500692922564,0.05365425991622935,0.7333196887502954,0.2443490360988393,0.05365425991622935,0.2666803112497046,14.14501143684592,17.84213138180769,1.3766780039535236,14.510505584735077,0.05237883671527098,0.055567394717666904,89.75,86.85,14.6,114.85768491781074,161.45643732145984,102.41475504673164,220.29232427384144,1680,1792
cohface,rnn,cohface_37,10,60,0|1|2|3|4,0.8142748664288862,0.15299781290248549,0.878359922828029,0.0975897715308699,0.15299781290248549,0.121640077171971,12.205420413783967,12.438036345550103,1.2973346511981463,7.7194389381303825,0.15846140140029216,0.14480243015577546,62.5,82.7,21.0,174.65077932614258,164.00596279187144,193.54331916509702,215.60966975349555,670,902
cohface,rnn,cohface_38,15,80,0|1|2|3|4,0.861668484997996,0.024100145866778576,0.8045879480984359,0.045026285646696085,0.024100145866778576,0.19541205190156408,5.140969280277844,7.477542479294402,1.399002070613514,14.251497696744543,0.02139660320955027,0.028155459852621037,62.625,85.05,23.025,242.81442545459527,161.03031123036865,224.82734993346892,210.77875632312924,925,1207
cohface,rnn,cohface_39,20,120,0|1|2|3|4,0.8201739118477357,0.021315562177862138,0.8473378680139256,0.09104723690352046,0.021315562177862138,0.15266213198607437,6.010618536944655,8.030158265203708,1.4001899707869676,13.099956860736546,0.019734022853795313,0.023687871163962374,63.0,85.95,23.75,200.90669780468968,155.80346116004014,210.9884571066817,213.75486309840164,1360,1802
cohface,rnn,cohface_4,15,90,0|1|2|3|4,0.7729281462552381,0.02041976249187015,0.8466564600070191,0.1434467414736751,0.02041976249187015,0.1533435399929809,7.021734210421227,9.978582398532469,1.4011105877152543,14.012343381563282,0.01844456049610727,0.023382565485514477,56.0,83.26666666666667,27.266666666666666,240.69747393611823,157.22950671725945,287.75744616966387,207.4834042937527,1240,1346
cohface,rnn,cohface_40,20,120,0|1|2|3|4,0.8836281796211926,0.09183114631585997,0.885717951545083,0.020671148115596116,0.09183114631585997,0.11428204845491696,5.544692690068291,7.075887252552526,1.3486120522296436,9.70721100386833,0.09062276629047457,0.09364371635393806,61.5,88.25,26.95,105.75958336644929,163.9241773271157,116.29441192036033,213.93879480629334,1145,1786
cohface,rnn,cohface_5,20,120,0|1|2|3|4,0.8157879144131424,0.03618516444230178,0.8321651170215693,0.09591167480047247,0.03618516444230178,0.16783488297843074,7.653697915180067,9.149503546064802,1.3883655555466101,9.481258884076318,0.03622054208587648,0.03613209797693972,74.0,83.85,13.85,84.93386055396519,164.7567430808131,82.69186576702462,219.6595014104901,1385,1806
cohface,rnn,cohface_6,10,60,0|1|2|3|4,0.8836438606255224,0.00014407396192779053,0.8919458896043758,0.020653756570602866,0.00014407396192779053,0.10805411039562418,0.48529356261875595,3.4812714048605047,1.414398501747392,10.672370571572667,-0.0002615608726335026,0.0007525262137697301,62.5,86.6,24.500000000000007,91.74576426085903,152.64967016682576,96.41637052313449,212.30466506629037,575,913
cohface,rnn,cohface_7,15,90,0|1|2|3|4,0.8203256646277085,-0.019943131651513048,0.8112376241232061,0.0908789303814862,0.0,0.1887623758767939,0.150800423549655,8.12701928622558,1.4289858871552736,13.739700301604374,-0.021000332844472443,-0.01835732986207395,61.0,85.86666666666666,25.133333333333333,214.91952754240486,155.3803033349585,239.11435689994784,204.5110237675312,1015,1334
cohface,rnn,cohface_8,10,60,0|1|2|3|4,0.8238848033201175,0.03868747277208706,0.8274672338658192,0.08693154796869462,0.03868747277208706,0.17253276613418078,7.616374870822304,9.024032431133833,1.3882094019610953,13.043088073133662,0.036437328153409054,0.04206268970010407,73.5,88.5,18.2,110.49702608013578,160.8257918074171,140.7885953173358,216.2853657338031,690,903
cohface,rnn,cohface_9,10,60,0|1|2|3|4,0.8368331075774652,-0.020384535918451772,0.8697330661821056,0.07257079585472348,0.0,0.13026693381789445,0.12632643926019535,5.978078189999492,1.4298043863891474,11.940228824252074,-0.02217029166882361,-0.017705902292894017,72.50000000000001,87.8,17.099999999999998,59.564396694294956,163.8370627627277,63.916866738432525,219.9305217935106,675,891
cohface,transformer,cohface_1,20,120,0|1|2|3|4,0.6418362908626306,0.015726571958838004,0.7521435300622988,0.28883857055318474,0.015726571958838004,0.24785646993770116,9.333263669838383,17.61760459264338,1.4012024270930659,9.20870706105044,0.0183158791542509,0.011842611165718659,84.25,83.1,17.35,76.76276069031799,190.7024254455221,80.10232364020237,255.20327167339445,1585,1771
cohface,transformer,cohface_10,20,120,0|1|2|3|4,0.7263134710666532,-0.020026437932429947,0.7687241864421467,0.19514631401628613,0.0,0.23127581355785332,0.21130885004185385,13.099882114557063,1.4283612154302006,10.963774157416504,-0.02010788087261987,-0.019904273522145067,83.0,83.6,21.4,63.63238380699364,189.21205588651088,58.2643702626679,243.72790603677282,1545,1821
cohface,transformer,cohface_11,10,60,0|1|2|3|4,0.8732138904975771,0.05214632633401192,0.7099061114374099,0.032221465560646756,0.05214632633401192,0.2900938885625901,6.685717516705121,10.416139410114452,1.3768783218500371,14.189963267374669,0.05210304340971299,0.05221125072046032,66.5,83.3,21.200000000000006,100.61282585108245,188.05387481880967,98.49789267992142,235.7782811233095,605,897
cohface,transformer,cohface_12,15,95,0|1|2|3|4,0.7766790527742597,0.08312799332166737,0.7418325434643203,0.1392866725062054,0.08312799332166737,0.25816745653567974,13.392038730541381,14.794736381937224,1.3562724006825388,13.447217538393698,0.08026258757341147,0.08742610194405125,54.31578947368421,81.34736842105264,27.53684210526316,263.71834751813947,187.84380841645768,269.25824035672525,247.78211869490153,1080,1388
cohface,transformer,cohface_13,20,120,0|1|2|3|4,0.8645149814109787,0.02188931191665382,0.7677201663252652,0.04186928311047933,0.02188931191665382,0.23227983367473481,5.0384939294795865,8.197943155385863,1.3986290861492607,14.257356376622571,0.021918339688641767,0.0218457702586719,66.5,75.2,14.700000000000005,87.3858511631625,204.37743530830272,96.6942386326784,265.48386081598005,1235,1703
cohface,transformer,cohface_14,10,60,0|1|2|3|4,0.6973879984551098,0.07684558212223377,0.7542044141073805,0.22722708179080897,0.07684558212223377,0.24579558589261952,15.432032997768342,17.54761454405459,1.36200870607359,14.450281027382928,0.07246614228987254,0.0834147418707756,83.0,87.0,10.4,69.685569366462,169.59762806987416,79.00240066190922,226.41104593744544,785,896
cohface,transformer,cohface_15,20,120,0|1|2|3|4,0.7090166060759244,0.003990635977142474,0.7616746422836824,0.21432998359523703,0.003990635977142474,0.23832535771631758,4.941279896521721,14.14515717687217,1.4117674334159047,10.173151948758516,0.003456356973134785,0.004792054483154009,83.0,84.7,18.2,64.81171032724177,185.46962028806868,72.35806959621185,246.50129753867301,1605,1788
cohface,transformer,cohface_16,20,120,0|1|2|3|4,0.8784701410959866,0.07001775647527152,0.799752914921507,0.026391844137452547,0.07001775647527152,0.20024708507849298,6.315326000268594,8.621537149939476,1.3643678525145808,11.366667968733095,0.0692501815123755,0.07116911891961554,57.5,80.35,23.75,119.52883650913665,191.7201925924703,115.90604180246945,253.15037565203008,1070,1806
cohface,transformer,cohface_17,10,60,0|1|2|3|4,0.6575886306286326,0.12516551867102585,0.728010455721356,0.27136790859633153,0.12516551867102585,0.27198954427864397,20.313242302996144,21.669742129492,1.3277885321709233,11.276798289552604,0.11848880691769266,0.1351805863010256,58.5,78.3,21.6,192.8446882966402,179.19134570612863,254.44532662720331,246.99383065362662,885,900
cohface,transformer,cohface_18,20,120,0|1|2|3|4,0.8040212501217978,0.0040805884738488105,0.7282242601722048,0.10896188938748497,0.0040805884738488105,0.27177573982779524,3.995321253675944,11.033486415494897,1.4119003857374142,12.962405827952551,0.0032686503772706528,0.0052984956187160474,77.75,80.2,18.55,52.74820507731759,196.62033478104,66.8514171062362,256.39384719226155,1415,1760
cohface,transformer,cohface_19,20,120,0|1|2|3|4,0.8589998885962434,0.058333654365726004,0.7624172071077476,0.047985982195072774,0.058333654365726004,0.23758279289225237,7.701784019292428,9.926556193336264,1.3753524001022412,14.442765376640683,0.05420288776650229,0.06452980426456156,69.5,85.25,21.05,86.39898895201179,188.7183816626536,110.62026082623001,247.3302423963308,1260,1792
cohface,transformer,cohface_2,15,90,0|1|2|3|4,0.8269595104704798,0.014599992618700373,0.7872419222380657,0.08352144064252864,0.014599992618700373,0.21275807776193434,5.486280324383664,8.998505691344446,1.4054508046348553,10.796650862954031,0.012354017875619107,0.017968954733322273,70.0,79.06666666666666,19.200000000000006,65.70648964025838,189.54733978148883,56.90901829794961,246.4859240989518,970,1361
cohface,transformer,cohface_20,20,120,0|1|2|3|4,0.7922908248911064,0.057896945549005124,0.8295591802901305,0.12197191182604783,0.057896945549005124,0.17044081970986946,10.028516880756156,11.006102644311222,1.3742075840936145,9.853735378453957,0.055776757909795624,0.061077227007819375,75.5,80.35,19.15,36.96414428485936,187.74791101930018,43.529774520910095,247.43233477166416,1380,1772
cohface,transformer,cohface_21,20,120,0|1|2|3|4,0.6810911518044784,0.009866051627909374,0.7634589976825558,0.24530164741250493,0.009866051627909374,0.23654100231744424,7.284807019176904,15.482313771951642,1.4076558960569105,12.381723024916793,0.009252439148108084,0.01078647034761131,86.5,82.5,22.9,59.839639471840265,187.32761843849042,54.41071875825085,256.39203089868687,1640,1796
cohface,transformer,cohface_22,20,120,0|1|2|3|4,0.8442953071758306,-0.050384734887883496,0.7896463161180748,0.06429459253672609,0.0,0.2103536838819252,0.13608270977333914,7.669889317175358,1.4509734514977486,11.496289618972321,-0.052661978475644584,-0.04696886950624186,60.75,84.8,26.55,194.1642984146113,191.4029969757902,198.36403554649374,251.8848679912975,1290,1777
cohface,transformer,cohface_23,20,120,0|1|2|3|4,0.7144605522117757,0.0010845062115773265,0.8124092725005411,0.20829219212656602,0.0010845062115773265,0.18759072749945893,2.8249920490227,12.541394375166847,1.4135651121941617,7.932891225786167,0.0009168367937537217,0.0013360103383127336,84.75,81.95,23.6,77.80556854308755,185.64749938990084,105.05910225195339,247.69497563236135,1590,1798
cohface,transformer,cohface_24,20,120,0|1|2|3|4,0.714883919231808,-0.05413860555370467,0.7330434168143548,0.20782264270085915,0.0,0.2669565831856452,0.22425647038256855,14.467263680923349,1.4524644343628508,13.825656527734145,-0.05482646654449785,-0.05310681406751491,92.25,87.25,23.9,81.62114892964615,188.58696865142602,98.26622003516769,244.89142510308685,1720,1805
cohface,transformer,cohface_25,20,120,0|1|2|3|4,0.6102631245148178,0.004683348262603368,0.7233206259100453,0.32385585207225454,0.004683348262603368,0.2766793740899547,6.358208602302906,19.237204364806036,1.4106521327499115,10.398531423018696,0.005030280184063073,0.004162950380413811,88.75,81.2,20.15,58.96697150667046,194.27821373756018,65.27212391803798,256.01576699166066,1675,1765
cohface,transformer,cohface_26,20,120,0|1|2|3|4,0.6569876296409787,0.010332739704366626,0.7151018908631346,0.27203446894527084,0.010332739704366626,0.2848981091368654,8.072111945620545,17.71122305278304,1.4067316942152908,9.826301050675903,0.010552970245088913,0.010002393893283197,81.25,87.75,23.4,93.14693127644155,184.29043027156436,91.50127442542265,249.536387228534,1610,1804
cohface,transformer,cohface_27,20,120,0|1|2|3|4,0.8872518565832305,-0.0026105785518005663,0.7627996001706995,0.01665218736531837,0.0,0.23720039982930052,0.08449491773989812,6.554467021931952,1.4178717925958733,14.19575627101584,-0.005180210119517489,0.0012438687997748169,65.25,83.65,24.6,100.08198896937837,188.30463072341666,132.2875655532295,245.17791144091225,1205,1791
cohface,transformer,cohface_28,15,90,0|1|2|3|4,0.8753589349876187,0.10089897052892294,0.7406511209195794,0.029842431859963825,0.10089897052892294,0.2593488790804206,8.090799679641139,11.386524566593769,1.3443905466231398,14.671658713352482,0.09630702907516751,0.1077868827095561,66.33333333333333,86.0,25.533333333333335,120.64643845583818,192.38532056644812,120.36590799403676,249.59858739315902,920,1374
cohface,transformer,cohface_29,20,140,0|1|2|3|4,0.6869281986399597,0.0679281997639451,0.7961131305651621,0.23882787439821873,0.0679281997639451,0.20388686943483791,14.326759937263015,16.600524516952092,1.3659083888933798,6.524208609609923,0.06714713657534567,0.06909979454684426,54.857142857142854,81.3,26.442857142857143,203.6319523806714,192.01563707197045,261.47689333066575,251.99206336708306,1950,2065
cohface,transformer,cohface_3,10,60,0|1|2|3|4,0.8139456428215809,0.12131695313781271,0.7765111228778304,0.0979549080399148,0.12131695313781271,0.22348887712216958,13.044257526371236,13.80991672221902,1.3285671282919735,13.829391636828554,0.11745469281100947,0.12711034362801757,70.0,75.4,17.000000000000004,63.28608743996212,192.9888173622384,84.46076420241047,255.5571096144848,640,876
cohface,transformer,cohface_30,15,90,0|1|2|3|4,0.8298363743412238,0.02508540786035502,0.7629458628167402,0.08033075805643242,0.02508540786035502,0.23705413718325985,6.804959138443649,9.879459651461026,1.3985807776175272,10.87013183232953,0.02198590423937641,0.02973466329182294,59.333333333333336,82.33333333333333,25.133333333333333,219.00064920214805,190.71060230762149,248.08928927816584,245.29399078287955,970,1302
cohface,transformer,cohface_31,15,90,0|1|2|3|4,0.7712208780505608,0.002952088164823575,0.7164774250847035,0.1453402446685449,0.002952088164823575,0.28352257491529653,3.984190678816531,12.649026854133732,1.4129859176213118,12.408071163415816,0.0017353983019296902,0.004777122959164402,50.333333333333336,81.13333333333334,30.8,244.05526244550103,181.51488726752595,310.8567908932414,249.1991947488685,1170,1347
cohface,transformer,cohface_32,10,60,0|1|2|3|4,0.8678443444086964,0.1363079594169176,0.7970358763208356,0.038176741156151994,0.1363079594169176,0.2029641236791644,9.342752533825086,11.617279363469219,1.3169603469598152,11.748320846709433,0.13280772226774154,0.1415583151406817,61.0,92.2,32.800000000000004,71.04716562025854,192.3348675934727,71.75315220591472,255.18680444787745,565,912
cohface,transformer,cohface_33,10,60,0|1|2|3|4,0.8173974032668391,-0.07892043362920914,0.8040051974721469,0.09412661708181236,0.0,0.19599480252785306,0.15424223427439018,8.42961820376429,1.4688857285227632,11.910306561350591,-0.07881264172892442,-0.07908212147963624,77.5,80.8,20.1,79.25421030903391,192.95739757463164,89.03008811153273,263.2607732246231,705,878
cohface,transformer,cohface_34,20,120,0|1|2|3|4,0.8507597546238266,-0.018930682052202198,0.7801788924982953,0.057124979782084195,0.0,0.2198211075017047,0.1316215861671604,7.637714429370774,1.4274508067038387,14.045461158840224,-0.018807902779720026,-0.01911485096092546,61.5,78.8,19.8,201.14364742788007,191.84067832650496,245.45875417267155,252.24400253230684,1270,1777
cohface,transformer,cohface_35,20,120,0|1|2|3|4,0.7042132737355101,0.04039610933640776,0.7553634955984905,0.21965728079885094,0.04039610933640776,0.24463650440150952,11.95810173433288,15.86791474010994,1.384519884585176,12.577583637183139,0.0415523445941254,0.03866175644983131,85.25,77.1,23.85,70.10869231315772,200.37582403770006,74.27616813313925,261.803425177461,1595,1765
cohface,transformer,cohface_36,20,120,0|1|2|3|4,0.7026782602026131,0.013551550474743415,0.680796082051438,0.22135973915937457,0.013551550474743415,0.31920391794856195,8.509908908559213,16.789271309993474,1.4026886320981973,14.34792750777965,0.016232300691244202,0.009530425149992236,89.75,82.35,23.8,114.85768491781074,195.62218852106983,102.41475504673164,256.6935045643748,1680,1766
cohface,transformer,cohface_37,10,60,0|1|2|3|4,0.8163682391095581,0.03155551534281018,0.8404636389981087,0.09526804618739648,0.03155551534281018,0.15953636100189128,7.160995013380027,8.744292582430033,1.389879820433661,7.120934309453222,0.034117042375646896,0.027713224793555112,62.5,76.3,16.000000000000004,174.65077932614258,197.79949307667184,193.54331916509702,242.8966426255805,670,879
cohface,transformer,cohface_38,15,80,0|1|2|3|4,0.8680175854163285,0.05696563321709078,0.7385841809191895,0.03798460239287216,0.05696563321709078,0.26141581908081046,7.162104590941016,10.09602931239387,1.3764863533014298,14.392426640508075,0.05264265958746578,0.06345009366152826,62.625,82.575,24.75,242.81442545459527,197.15396443310914,224.82734993346892,262.1126497231707,925,1198
cohface,transformer,cohface_39,20,120,0|1|2|3|4,0.8407940303507307,0.020603760544229226,0.7727235590734686,0.06817780130046192,0.020603760544229226,0.22727644092653143,5.881453421197171,9.011219592339204,1.3990019277903438,13.107329853619824,0.02139680301945084,0.01941419683139681,63.0,81.2,21.600000000000005,200.90669780468968,192.01329975855649,210.9884571066817,253.98328194490972,1360,1785
cohface,transformer,cohface_4,15,90,0|1|2|3|4,0.7605903672243745,-0.02595128900628749,0.7805477009940167,0.15713037006146024,0.0,0.2194522990059833,0.19227932272690826,11.378696352454341,1.4327143036962946,13.818599744580622,-0.026335138007979066,-0.025375515503750126,56.0,82.6,26.866666666666667,240.69747393611823,194.71395544171259,287.75744616966387,252.0308140882777,1240,1370
cohface,transformer,cohface_40,20,120,0|1|2|3|4,0.8731368652329328,0.11097691667774817,0.8127856436550477,0.03230689301972456,0.11097691667774817,0.18721435634495232,7.962193546429143,10.053501772279036,1.3366044282443839,9.784893822152497,0.10674430119875167,0.11732583989624294,61.5,81.8,22.5,105.75958336644929,201.48027076160315,116.29441192036033,269.0674282903216,1145,1775
cohface,transformer,cohface_5,20,120,0|1|2|3|4,0.8004157198719031,0.014003132978391723,0.7465216343183447,0.11296072391663037,0.014003132978391723,0.25347836568165527,6.319278263918251,11.098103775604711,1.4035660922216133,9.386678138393842,0.01500111238287494,0.012506163871666896,74.0,82.6,20.7,84.93386055396519,185.59710630510452,82.69186576702462,246.76131853546016,1385,1792
cohface,transformer,cohface_6,10,60,0|1|2|3|4,0.8777393457866934,-0.0038224849290903013,0.8109253138979153,0.027202357242043562,0.0,0.18907468610208467,0.09597006731844389,5.74695554912875,1.417843878516628,10.65123807433331,-0.005140631923537361,-0.0018452644374197123,62.5,88.7,30.000000000000004,91.74576426085903,184.15926966030662,96.41637052313449,252.63733448522746,575,903
cohface,transformer,cohface_7,15,90,0|1|2|3|4,0.8461348396199696,0.00739351050682629,0.7457759862434705,0.062254397240813386,0.00739351050682629,0.2542240137565295,3.9804934663736256,8.967396884449725,1.408342657852385,13.866092414845745,0.008285479036640005,0.006055557712105716,61.0,83.6,25.266666666666666,214.91952754240486,190.7114766021972,239.11435689994784,253.29842999360258,1015,1358
cohface,transformer,cohface_8,10,60,0|1|2|3|4,0.7116014831925914,0.08919481663241009,0.7502017056137987,0.2114631387343383,0.08919481663241009,0.24979829438620127,15.949156749673401,17.519630685908098,1.3469488295234904,13.30516575731881,0.09286442532264974,0.08369040359705061,73.5,76.2,15.500000000000004,110.49702608013578,193.81877693247938,140.7885953173358,253.5245379801031,690,870
cohface,transformer,cohface_9,10,60,0|1|2|3|4,0.7981286718324981,0.10305855744827085,0.7861633391079892,0.11549725142740463,0.10305855744827085,0.2138366608920108,12.90896524843806,13.5417593551381,1.340902677955195,12.497816163292555,0.10099000412629358,0.10616138743123674,72.50000000000001,77.5,19.200000000000006,59.564396694294956,201.55194624447327,63.916866738432525,266.76739277720657,675,882
