dataset,model,participant,n_recordings,n_chunks,folds,BWMD,WCR,EDD,s_BWMD,s_WCR,s_EDD,RPFI,RPFI_alt_agg,RMSE,PSNR_dB,CCC,Spearman,HR_label_bpm,HR_pred_bpm,HR_MAE_bpm,PRV_sdnn_label_ms,PRV_sdnn_pred_ms,PRV_rmssd_label_ms,PRV_rmssd_pred_ms,PRV_n_rr_label,PRV_n_rr_pred
cohface,bilstm,cohface_1,20,120,0|1|2|3|4,0.6639137245221212,0.12152077442779123,0.7628074262940593,0.2643528505859024,0.12152077442779123,0.2371925737059407,19.223754839970685,20.40007528066203,1.321591628036811,9.716779102550836,0.12669778435150578,0.11375525954221942,84.25,63.3,21.450000000000003,76.76276069031799,220.98826464570638,80.10232364020237,284.5192476144337,1585,1534
cohface,bilstm,cohface_10,20,120,0|1|2|3|4,0.6116469598942971,0.01999092807522874,0.8113490301494133,0.3223210629248674,0.01999092807522874,0.1886509698505867,9.938832621221684,17.552973908768273,1.399661764541956,11.140073164109934,0.02047347243964923,0.01926711152859801,83.0,60.35,22.65,63.63238380699364,232.97553266218313,58.2643702626679,302.1524374296614,1545,1503
cohface,bilstm,cohface_11,10,60,0|1|2|3|4,0.8096255883516058,0.1075351093141583,0.7055855284176391,0.10274620967518189,0.1075351093141583,0.2944144715823609,13.598259425303352,15.245911251659278,1.333316532184738,14.469209231047948,0.1111335125014323,0.10213750453324728,66.5,63.0,10.500000000000004,100.61282585108245,221.316941900795,98.49789267992142,295.28561311849114,605,778
cohface,bilstm,cohface_12,15,95,0|1|2|3|4,0.6858058942872012,0.16588203394535686,0.7255906814137835,0.24007260376864958,0.16588203394535686,0.27440931858621653,21.609909434325374,22.083531878930653,1.2937933918485798,13.856857450367501,0.16304932960447363,0.17013109045668173,54.31578947368421,64.0421052631579,11.494736842105263,263.71834751813947,228.93923823382127,269.25824035672525,303.296885768038,1080,1186
cohface,bilstm,cohface_13,20,120,0|1|2|3|4,0.7128057627415918,0.05565595638581472,0.78017568877905,0.21012749201679182,0.05565595638581472,0.21982431122095003,12.912694549864808,15.462487095621496,1.3730248635615254,14.417839454470904,0.05740136202092728,0.053037847933145886,66.5,59.1,11.000000000000002,87.3858511631625,228.36930845648473,96.6942386326784,284.9306135631174,1235,1495
cohface,bilstm,cohface_14,10,60,0|1|2|3|4,0.5673693494229274,0.2967296868886474,0.7452679063985911,0.37142863527879033,0.2967296868886474,0.2547320936014089,31.0713096518788,31.424239421314137,1.1931260128079488,15.600152412086562,0.28822515878050314,0.30948647905086374,83.0,68.6,14.40000000000001,69.685569366462,198.5800068169182,79.00240066190922,258.48351106056276,785,774
cohface,bilstm,cohface_15,20,120,0|1|2|3|4,0.7149622274476332,0.04292237840699542,0.7778215526501204,0.20773579234164596,0.04292237840699542,0.22217844734987957,11.694957503817072,14.954142586821039,1.3824382439826626,10.355500342775926,0.04443225078706597,0.040657569836889604,83.0,64.8,20.40000000000001,64.81171032724177,230.65919613982052,72.35806959621185,295.1180151348658,1605,1520
cohface,bilstm,cohface_16,20,120,0|1|2|3|4,0.7902380038002254,0.08631360552896267,0.799040007973471,0.12424866206565899,0.08631360552896267,0.20095999202652903,12.222682160293836,12.920084835461537,1.3533230050837814,11.437268238633717,0.08425842195550148,0.08939638088915443,57.5,61.9,8.200000000000001,119.52883650913665,226.35492140655634,115.90604180246945,278.2065726377138,1070,1480
cohface,bilstm,cohface_17,10,60,0|1|2|3|4,0.7446049625368514,0.24683698027605502,0.678378721611707,0.1748595205043657,0.24683698027605502,0.321621278388293,23.17386693602194,23.8541507389731,1.2350337726098202,11.90579988278782,0.23734579025657748,0.2610737653052714,58.5,65.6,11.300000000000002,192.8446882966402,214.1397364470095,254.44532662720331,291.5830750492429,885,785
cohface,bilstm,cohface_18,20,120,0|1|2|3|4,0.6478827339349842,0.05714806811919042,0.7314599113295618,0.2821325596032155,0.05714806811919042,0.2685400886704382,15.312560513671391,19.436525756351177,1.3713132306065106,13.21575364235162,0.05975001178176761,0.053245152625324636,77.75,61.3,17.65,52.74820507731759,232.05981037650858,66.8514171062362,296.99174493883527,1415,1487
cohface,bilstm,cohface_19,20,120,0|1|2|3|4,0.7487802852749301,0.10807377732302431,0.7442862314086114,0.17022873846174036,0.10807377732302431,0.2557137685913886,15.893552561881469,16.82918855671339,1.3365663213839114,14.691234897298797,0.10679523427113922,0.10999159190085193,69.5,63.0,10.900000000000004,86.39898895201179,224.01218317952936,110.62026082623001,288.6771504755857,1260,1552
cohface,bilstm,cohface_2,15,90,0|1|2|3|4,0.6737660666914924,-0.0067513528031003574,0.7941580240572425,0.25342577930117594,0.0,0.20584197594275755,0.22637451456837093,14.649516122363037,1.420756620873406,10.70257006108119,-0.009274687877809471,-0.0029663501910366873,70.0,62.6,11.533333333333339,65.70648964025838,227.07634075184592,56.90901829794961,301.30103372735067,970,1119
cohface,bilstm,cohface_20,20,120,0|1|2|3|4,0.6309620768738904,0.1082932789292862,0.8580571194156434,0.3008989831309907,0.1082932789292862,0.14194288058435656,16.99854453878889,18.893281841869296,1.3384111406847985,10.082991339996411,0.10432780924540835,0.11424148345510295,75.5,61.55,14.650000000000002,36.96414428485936,230.2605999080436,43.529774520910095,282.29415996149896,1380,1499
cohface,bilstm,cohface_21,20,120,0|1|2|3|4,0.7052660256090804,0.008969968345812932,0.790503094072245,0.2184896909435785,0.008969968345812932,0.20949690592775505,6.529465042874818,13.767159871546056,1.4070976185385224,12.38516853938232,0.010038145951609371,0.007367701937118274,86.5,59.55,27.05,59.839639471840265,232.62989625615216,54.41071875825085,289.4301516430437,1640,1508
cohface,bilstm,cohface_22,20,120,0|1|2|3|4,0.692515630791257,-0.14351990927040514,0.8359603323594945,0.23263094494061187,0.0,0.16403966764050548,0.2071273872705232,12.824652126285581,1.51190302388136,11.139000230277736,-0.1429253768108,-0.1444117079598129,60.75,59.3,6.650000000000002,194.1642984146113,237.74990299841588,198.36403554649374,292.8401315865864,1290,1477
cohface,bilstm,cohface_23,20,120,0|1|2|3|4,0.6575970706924161,-0.01612651641577581,0.8445935595140861,0.2713585478598666,0.0,0.1554064404859139,0.2164941014957998,14.061106556892843,1.4235119442027513,7.871985274088932,-0.01319312764394834,-0.020526599573517008,84.75,59.2,25.65,77.80556854308755,234.80577953819164,105.05910225195339,302.8112555512916,1590,1430
cohface,bilstm,cohface_24,20,120,0|1|2|3|4,0.7597936665656129,0.004744914348048456,0.7556973267094991,0.15801397770938996,0.004744914348048456,0.24430267329050093,4.732368021031727,12.211025284416463,1.4124191032050404,14.06849500861705,0.0025361384507346734,0.008058078194019129,92.25,59.0,33.25,81.62114892964615,230.13191278915676,98.26622003516769,298.29466102672365,1720,1475
cohface,bilstm,cohface_25,20,120,0|1|2|3|4,0.6919124285551478,0.03480313279935497,0.7318827309429589,0.2332999466581489,0.03480313279935497,0.26811726905704114,11.83466757786564,16.756797206082425,1.3870633322199462,10.545004197702259,0.03802765620544981,0.029966347690212714,88.75,61.35,29.0,58.96697150667046,229.42721174510675,65.27212391803798,294.20452599534786,1675,1532
cohface,bilstm,cohface_26,20,120,0|1|2|3|4,0.6976241154047289,0.03440329392563453,0.7501965747398057,0.2269652083503958,0.03440329392563453,0.24980342526019428,11.458013783097579,16.046404466855996,1.3892818068357753,9.934719528495156,0.03494803059756164,0.033586188917743856,81.25,64.95,18.7,93.14693127644155,225.87405585804433,91.50127442542265,283.89136311240975,1610,1525
cohface,bilstm,cohface_27,20,120,0|1|2|3|4,0.6972429285622744,0.10721397901681362,0.79172227193831,0.22738797643220776,0.10721397901681362,0.20827772806168998,16.780032573653774,17.75451653088055,1.3372888500334466,14.703991052527448,0.10582926578811108,0.10929104885986746,65.25,61.3,9.550000000000004,100.08198896937837,231.96466638034735,132.2875655532295,285.93504429769035,1205,1476
cohface,bilstm,cohface_28,15,90,0|1|2|3|4,0.71237837757568,0.1344984994660064,0.7606634131160848,0.21060149790226246,0.1344984994660064,0.23933658688391524,18.37889340588467,18.924664573407963,1.3171651997632672,14.849362754982236,0.13253791826629627,0.1374393712655716,66.33333333333333,61.4,9.466666666666667,120.64643845583818,242.70080031618033,120.36590799403676,306.083229890463,920,1101
cohface,bilstm,cohface_29,20,140,0|1|2|3|4,0.7460651809864245,0.15555912751315826,0.8271486370734246,0.17324001614535545,0.15555912751315826,0.17285136292657544,16.629228268509618,16.65125196035865,1.3044302297462256,6.924222958106424,0.1492308878621047,0.1650514869897386,54.857142857142854,60.6,7.200000000000003,203.6319523806714,228.48160556535396,261.47689333066575,288.30216914889604,1950,1689
cohface,bilstm,cohface_3,10,60,0|1|2|3|4,0.5478497684693596,0.2369380892280743,0.7875997642392646,0.39307748271637744,0.2369380892280743,0.2124002357607354,27.87443938818982,28.93558984193533,1.2383195043132953,14.440407425556444,0.23328240261863692,0.24242161914223034,70.0,62.8,11.400000000000007,63.28608743996212,226.25500244628537,84.46076420241047,279.4198584873186,640,716
cohface,bilstm,cohface_30,15,90,0|1|2|3|4,0.7226745476821981,0.14600763795754773,0.7770781258323852,0.1991821843238779,0.14600763795754773,0.22292187416761478,18.234671596157746,18.51766518974383,1.3116479285588516,11.427537376175747,0.13978985575363698,0.15533431126341385,59.333333333333336,64.8,10.8,219.00064920214805,223.97338349156024,248.08928927816584,286.2781666129034,970,1150
cohface,bilstm,cohface_31,15,90,0|1|2|3|4,0.7387646413943618,0.021691945127106406,0.7453043854906843,0.18133692499891052,0.021691945127106406,0.25469561450931566,8.903272088071159,13.980972992458526,1.3991467820243741,12.493562274774082,0.021194141175419172,0.02243865105463725,50.333333333333336,59.733333333333334,10.066666666666668,244.05526244550103,227.9989636487924,310.8567908932414,296.2250511358245,1170,1133
cohface,bilstm,cohface_32,10,60,0|1|2|3|4,0.7604607542662107,0.3980360406105692,0.7383472080421313,0.15727412166985266,0.3980360406105692,0.2616527919578687,25.301642673547565,27.36545088446254,1.104775661539008,13.274292860558974,0.38973536883552345,0.4104870482731377,61.0,62.2,7.000000000000002,71.04716562025854,227.37856283394726,71.75315220591472,285.90925185272556,565,738
cohface,bilstm,cohface_33,10,60,0|1|2|3|4,0.6442376497995398,-0.03551044622971585,0.840660290058985,0.286175262698795,0.0,0.15933970994101498,0.22223785637677218,14.715065099730188,1.438584284714182,12.091360553537825,-0.034762372113307606,-0.03663255740432823,77.5,60.0,17.900000000000002,79.25421030903391,238.85934041806155,89.03008811153273,291.76508645079826,705,730
cohface,bilstm,cohface_34,20,120,0|1|2|3|4,0.6957770059713387,0.0060492144526207384,0.8001243814781637,0.22901380716094988,0.0060492144526207384,0.19987561852183633,5.665982098602556,13.811753773554807,1.4114514504475302,14.143365279135413,0.003902401514781506,0.009269433859379585,61.5,61.65,7.250000000000001,201.14364742788007,231.44017361646175,245.45875417267155,295.59808656736567,1270,1475
cohface,bilstm,cohface_35,20,120,0|1|2|3|4,0.7082301369946684,0.0392874610181166,0.7930560908094078,0.21520224356818385,0.0392874610181166,0.20694390919059225,11.262270298575068,14.716961651751074,1.383459318384,12.584239728687143,0.04302015718823899,0.03368841676293302,85.25,58.35,26.900000000000002,70.10869231315772,233.40877305601202,74.27616813313925,294.77182078278634,1595,1457
cohface,bilstm,cohface_36,20,120,0|1|2|3|4,0.775362264997163,0.03022221405597575,0.7179992351469637,0.14074710025626092,0.03022221405597575,0.28200076485303627,9.404803403230309,13.461368408034783,1.3911818062711492,14.419475266744936,0.032306590950071344,0.027095648714832353,89.75,61.7,28.05,114.85768491781074,229.07048890900245,102.41475504673164,284.2541795585269,1680,1488
cohface,bilstm,cohface_37,10,60,0|1|2|3|4,0.5448553534756063,0.6055598068973984,0.7869295934253169,0.39639853932711056,0.6055598068973984,0.21307040657468312,39.78681654292796,42.90019814778617,0.8937392252426728,10.956262917700286,0.6006150986313139,0.6129768692965251,62.5,59.8,4.700000000000002,174.65077932614258,226.02022290776935,193.54331916509702,263.55705907999277,670,697
cohface,bilstm,cohface_38,15,80,0|1|2|3|4,0.7653007977226215,0.12374554577406928,0.7638885143945262,0.15190610876894173,0.12374554577406928,0.2361114856054738,15.706108158533292,16.239724185499757,1.3301561084119309,14.68981257866604,0.11534236362721395,0.13635031899435227,62.625,58.35,7.125,242.81442545459527,242.16999455574322,224.82734993346892,297.2171800134209,925,963
cohface,bilstm,cohface_39,20,120,0|1|2|3|4,0.6997434085191253,0.035480025919625714,0.8136595617214402,0.22461473507854468,0.035480025919625714,0.18634043827855984,10.730256226120934,14.412064494395386,1.3910020343887266,13.157140809142398,0.03255667016321209,0.03986505955424614,63.0,60.6,8.500000000000002,200.90669780468968,231.40121694191424,210.9884571066817,289.1236472848724,1360,1477
cohface,bilstm,cohface_4,15,90,0|1|2|3|4,0.778115477923927,-0.0029594531946554132,0.7967048387385017,0.13769355690630436,0.0,0.20329516126149827,0.1795247652542636,10.245887415523871,1.4153737128150872,13.924369172320471,-0.0016413734639823807,-0.004936572790664962,56.0,60.2,6.600000000000001,240.69747393611823,230.63107217493,287.75744616966387,291.75149416625067,1240,1141
cohface,bilstm,cohface_40,20,120,0|1|2|3|4,0.7113805773926842,0.2301090471759451,0.8491173243640319,0.21170814173781694,0.2301090471759451,0.15088267563596813,20.069500541728058,20.34021147516528,1.2445662948071132,10.404591028837924,0.22552736891504693,0.2369815645672923,61.5,62.3,6.400000000000001,105.75958336644929,234.50860438169778,116.29441192036033,289.38952347363283,1145,1470
cohface,bilstm,cohface_5,20,120,0|1|2|3|4,0.6514868588763468,0.04025706118699117,0.7693652348908423,0.2781352836787392,0.04025706118699117,0.2306347651091577,12.85709937498371,17.70558206019383,1.3845577527164643,9.505113980131059,0.041499914696367046,0.038392780922927354,74.0,61.9,15.200000000000005,84.93386055396519,222.6324490622255,82.69186576702462,279.0952814656021,1385,1528
cohface,bilstm,cohface_6,10,60,0|1|2|3|4,0.6640079722064319,0.052239529381746794,0.8647272144040249,0.26424832202333526,0.052239529381746794,0.1352727855959751,12.170457905362527,15.250114067589953,1.377740118271693,10.900460228775124,0.05091608325235063,0.05422469857584103,62.5,60.5,6.600000000000002,91.74576426085903,237.53050955393076,96.41637052313449,281.79440774311706,575,740
cohface,bilstm,cohface_7,15,90,0|1|2|3|4,0.6789626029436348,-0.024045165508015012,0.7576723360277895,0.2476623860810998,0.0,0.2423276639722105,0.23377510930520806,15.345531077346505,1.4266090633538808,13.754159518932692,-0.017606709821718337,-0.03370284903746002,61.0,59.86666666666667,8.6,214.91952754240486,228.93151477045723,239.11435689994784,295.03124468532576,1015,1103
cohface,bilstm,cohface_8,10,60,0|1|2|3|4,0.5746031217893546,0.10532363517305217,0.769989394225476,0.36340577686131026,0.10532363517305217,0.23001060577452404,20.371879117853375,23.327618095651694,1.3327326240328408,13.397327122447368,0.11191187641926936,0.09544127330372638,73.5,58.9,15.000000000000007,110.49702608013578,235.75534752010034,140.7885953173358,290.76355728405366,690,739
cohface,bilstm,cohface_9,10,60,0|1|2|3|4,0.6244394156369067,0.12866893268215335,0.8221610555959588,0.30813315984525635,0.12866893268215335,0.17783894440404124,19.356920615432568,20.826052079878895,1.3198568241159931,12.635224881395574,0.12898898191722213,0.1281888588295502,72.50000000000001,62.5,11.20000000000001,59.564396694294956,226.73781417815536,63.916866738432525,284.9140647269118,675,719
cohface,bimamba,cohface_1,20,120,0|1|2|3|4,0.5945417638774378,0.15484633868111164,0.7145019893881169,0.34129215558509796,0.15484633868111164,0.28549801061188307,24.268111930580112,25.74264380027994,1.2973238771418634,9.877756452912646,0.15847537889880162,0.14940277835457663,84.25,67.05,17.90000000000001,76.76276069031799,201.30947920859347,80.10232364020237,265.7659538374333,1585,1553
cohface,bimamba,cohface_10,20,120,0|1|2|3|4,0.5945209306726317,0.007163548396839057,0.7717848634976077,0.3413152613512288,0.007163548396839057,0.22821513650239234,7.247572634677588,18.773333778112352,1.407196505879454,11.093440179750957,0.009898996920327962,0.0030603756116057003,83.0,63.4,20.4,63.63238380699364,213.09199878019277,58.2643702626679,280.29145570681874,1545,1526
cohface,bimamba,cohface_11,10,60,0|1|2|3|4,0.778699982591505,0.10116766107980754,0.6533505892613131,0.13704529235569474,0.10116766107980754,0.34664941073868694,15.423655036120687,17.599221022298508,1.3386431933079317,14.434577831850275,0.10401720050517173,0.09689335194176127,66.5,69.5,9.000000000000002,100.61282585108245,200.5061734532255,98.49789267992142,265.97205633632467,605,765
cohface,bimamba,cohface_12,15,95,0|1|2|3|4,0.7359477059896818,0.0932286263865672,0.7098956071092558,0.18446114190512986,0.0932286263865672,0.2901043928907442,15.993145677134365,17.665976133207245,1.3460022919211307,13.513240034934459,0.09413891507153152,0.09186319335912073,54.31578947368421,69.47368421052632,15.91578947368421,263.71834751813947,208.07242010794414,269.25824035672525,274.6605925470873,1080,1224
cohface,bimamba,cohface_13,20,120,0|1|2|3|4,0.7534124942689395,0.02350731658441125,0.7552744156151002,0.16509123135803383,0.02350731658441125,0.24472558438489977,8.77036145039446,13.190585157464184,1.3953097836580146,14.277994701240385,0.026555303814112075,0.01893533573986001,66.5,62.4,10.500000000000004,87.3858511631625,208.11730979905073,96.6942386326784,271.3133114711755,1235,1522
cohface,bimamba,cohface_14,10,60,0|1|2|3|4,0.4876131045970577,0.33538210575072513,0.6944669441399823,0.45988497973297293,0.33538210575072513,0.30553305586001767,36.88378384010488,37.46084210213911,1.162345569381505,15.827173409789385,0.3244763886695926,0.35174068137242387,83.0,72.9,10.100000000000007,69.685569366462,175.08924129670982,79.00240066190922,241.36734808443228,785,792
cohface,bimamba,cohface_15,20,120,0|1|2|3|4,0.6729276338498918,0.028784183637904463,0.7428474013137132,0.2543556714293753,0.028784183637904463,0.2571525986862868,11.26603205951361,17.04655953218016,1.3941875894720397,10.281990886707169,0.028120482681071604,0.029779735073153752,83.0,69.9,15.200000000000005,64.81171032724177,203.0015268806532,72.35806959621185,271.4970682769442,1605,1518
cohface,bimamba,cohface_16,20,120,0|1|2|3|4,0.8092249690454903,0.0601112963201571,0.7677145307212996,0.10319052998406941,0.0601112963201571,0.23228546927870042,10.321171323766222,11.930955218376004,1.3715559125825587,11.321027194005278,0.05941718932991235,0.06115245680552422,57.5,65.65,11.35,119.52883650913665,205.9285068225629,115.90604180246945,276.47496414160446,1070,1500
cohface,bimamba,cohface_17,10,60,0|1|2|3|4,0.763541950697903,0.21804629107159468,0.6469176445012943,0.15385681718808042,0.21804629107159468,0.3530823554987057,21.582092358729426,22.773425447205458,1.260838270297427,11.726188907675784,0.2051434280766961,0.23740058556394256,58.5,69.8,13.1,192.8446882966402,183.35980500404315,254.44532662720331,255.0125969065168,885,776
cohface,bimamba,cohface_18,20,120,0|1|2|3|4,0.6430386791346306,0.038129483944131445,0.7009910523267944,0.2875050214199737,0.038129483944131445,0.2990089476732056,13.610871435278074,19.686517642984082,1.3852773611707963,13.12775222868088,0.040503316313837634,0.03456873538957216,77.75,65.6,14.350000000000001,52.74820507731759,215.93720283135235,66.8514171062362,287.1411424522681,1415,1521
cohface,bimamba,cohface_19,20,120,0|1|2|3|4,0.7472612709201967,0.10503559377374935,0.7025526447993212,0.1719134523958844,0.10503559377374935,0.2974473552006788,16.390602262499865,17.821773111378235,1.340885726942917,14.663209810867194,0.1010127336403826,0.11106988397379948,69.5,68.35,9.75,86.39898895201179,204.36507751412253,110.62026082623001,271.78427151042547,1260,1534
cohface,bimamba,cohface_2,15,90,0|1|2|3|4,0.7151540259060973,-0.019274039812719274,0.7556145602897952,0.20752307181368324,0.0,0.24438543971020477,0.2192394617152796,13.891751185768243,1.4279448155867431,10.658735352612673,-0.019513198180528827,-0.018915302261004942,70.0,65.06666666666666,11.200000000000005,65.70648964025838,208.73755013500607,56.90901829794961,272.98521980605136,970,1165
cohface,bimamba,cohface_20,20,120,0|1|2|3|4,0.6417303194518453,0.11184308598724788,0.8116429907775125,0.2889561017087098,0.11184308598724788,0.18835700922248755,18.188036862414727,19.738894769160602,1.336574302081583,10.094920062779737,0.10678456750756446,0.119430863706773,75.5,63.75,14.15,36.96414428485936,215.24220386655952,43.529774520910095,272.7357320124345,1380,1526
cohface,bimamba,cohface_21,20,120,0|1|2|3|4,0.6803177680885769,-0.015010237656839696,0.7606784967217018,0.24615939462112046,0.0,0.23932150327829815,0.2325153270742936,15.214014880249472,1.4236868979083095,12.283363334136538,-0.013442191637892564,-0.017362306685260398,86.5,64.4,22.4,59.839639471840265,209.0187326436387,54.41071875825085,277.2160259025973,1640,1571
cohface,bimamba,cohface_22,20,120,0|1|2|3|4,0.7140965787870345,-0.13880595279829686,0.8083770465092437,0.20869586908880733,0.0,0.1916229534907563,0.20674241126489656,12.616668928099184,1.50845164770488,11.158851068259569,-0.13771318673178373,-0.14044510189806655,60.75,62.7,8.250000000000002,194.1642984146113,221.91740216855064,198.36403554649374,290.86434974062337,1290,1521
cohface,bimamba,cohface_23,20,120,0|1|2|3|4,0.5954617550555807,-0.024634375617926793,0.8152962127080744,0.3402718084420461,0.0,0.1847037872919256,0.24606717799991862,17.377787498874866,1.4294427701742933,7.835872135804854,-0.02165331660177899,-0.029105964142148503,84.75,60.3,24.45,77.80556854308755,226.32812417897992,105.05910225195339,292.7468700550141,1590,1490
cohface,bimamba,cohface_24,20,120,0|1|2|3|4,0.7312296333752157,-0.02639223184301863,0.7286258366043268,0.18969387894354284,0.0,0.2713741633956732,0.2176016170454375,13.897874545274686,1.4342061354436793,13.935535144262241,-0.028473619472146838,-0.023270150399326315,92.25,62.6,29.75,81.62114892964615,220.55051593400543,98.26622003516769,296.3670924660084,1720,1507
cohface,bimamba,cohface_25,20,120,0|1|2|3|4,0.6825226028930887,0.026817837616477738,0.6941177151808672,0.24371404846223,0.026817837616477738,0.3058822848191328,11.27528950561015,17.79200284842986,1.3940155715123166,10.501577519704181,0.02836029319059483,0.0245041542553021,88.75,66.5,22.35,58.96697150667046,200.37411491905954,65.27212391803798,269.88319944150305,1675,1552
cohface,bimamba,cohface_26,20,120,0|1|2|3|4,0.668511969480879,0.05248740576721708,0.7073629950820902,0.2592530124372454,0.05248740576721708,0.2926370049179098,14.680789296790401,19.006190805615088,1.3763085334688494,10.016210446092321,0.052887410350412514,0.05188739889242395,81.25,67.6,16.65,93.14693127644155,203.5044550476756,91.50127442542265,260.672950363808,1610,1541
cohface,bimamba,cohface_27,20,120,0|1|2|3|4,0.7529877759650676,0.09053658183436662,0.7541058907292472,0.1655622794705085,0.09053658183436662,0.24589410927075284,14.574933782497105,15.75106003070164,1.3507479126463846,14.617009422615421,0.08774003824071731,0.09473139722484059,65.25,63.05,11.100000000000003,100.08198896937837,208.89885447236438,132.2875655532295,277.37787140996954,1205,1518
cohface,bimamba,cohface_28,15,90,0|1|2|3|4,0.745471643763638,0.08413972334932038,0.7243636246633529,0.17389829855496253,0.08413972334932038,0.2756363753366471,14.86176149157378,16.567335204826787,1.3536847206169107,14.611817173805475,0.08376883858415808,0.08469605049706383,66.33333333333333,63.8,10.0,120.64643845583818,213.75597387273646,120.36590799403676,278.89703095450176,920,1148
cohface,bimamba,cohface_29,20,140,0|1|2|3|4,0.707115342596481,0.12160150192624383,0.8057541426289523,0.21643864377103883,0.12160150192624383,0.19424585737104771,16.970342012757246,17.532651897924293,1.328995252676483,6.762171463868274,0.11688580918168569,0.12867504104308106,54.857142857142854,62.957142857142856,8.614285714285714,203.6319523806714,213.8740733202561,261.47689333066575,266.00427075297785,1950,1772
cohface,bimamba,cohface_3,10,60,0|1|2|3|4,0.5834457591174048,0.25917237865966625,0.7550333484672913,0.3535985526736475,0.25917237865966625,0.2449666515327087,28.71203263598859,29.10307621331698,1.2220605428855122,14.555207251331826,0.25328401476118373,0.26800492450738994,70.0,64.8,10.000000000000007,63.28608743996212,212.7068185596301,84.46076420241047,264.96109065680537,640,745
cohface,bimamba,cohface_30,15,90,0|1|2|3|4,0.6777770169467221,0.09771631896973323,0.7415941558003964,0.2489773000862906,0.09771631896973323,0.25840584419960355,17.695920244150663,19.461156819590983,1.345680095473319,11.205046358128289,0.09457254032345967,0.1024319869391436,59.333333333333336,66.13333333333334,11.333333333333334,219.00064920214805,204.23215980336298,248.08928927816584,262.93236449721246,970,1143
cohface,bimamba,cohface_31,15,90,0|1|2|3|4,0.7043687503039425,-0.00589022462260841,0.7087657402690786,0.2194848442840447,0.0,0.29123425973092143,0.2339307520404147,15.511538153924711,1.4192068045535784,12.369914138423376,-0.007073977045589293,-0.004114595988137085,50.333333333333336,64.6,14.533333333333333,244.05526244550103,210.75932697254262,310.8567908932414,271.9116058977432,1170,1159
cohface,bimamba,cohface_32,10,60,0|1|2|3|4,0.807123031781342,0.34501669168748,0.6993088762249698,0.10552175416675913,0.34501669168748,0.30069112377503016,21.378313566359942,24.412469813909723,1.150587773637284,12.921379725560742,0.3380738875781989,0.3554308978514017,61.0,67.4,11.800000000000004,71.04716562025854,206.84799803679323,71.75315220591472,274.5620952474785,565,769
cohface,bimamba,cohface_33,10,60,0|1|2|3|4,0.6596852548512888,-0.019560378287097765,0.8112582734395627,0.26904257702091483,0.0,0.1887417265604373,0.22654258991708764,14.807639802295238,1.4255783849030845,12.170244751052554,-0.01613686575144338,-0.024695647090579337,77.5,61.0,17.7,79.25421030903391,215.697451909104,89.03008811153273,275.6136972800662,705,761
cohface,bimamba,cohface_34,20,120,0|1|2|3|4,0.6816065530849676,0.006366242270906922,0.7720244152662553,0.2447300242963638,0.006366242270906922,0.22797558473374469,6.119078015461123,15.115499614616269,1.4115026913157802,14.143049955184491,0.0038300762041546033,0.010170491371035399,61.5,64.85,9.050000000000002,201.14364742788007,207.14979741898375,245.45875417267155,271.7619159418726,1270,1519
cohface,bimamba,cohface_35,20,120,0|1|2|3|4,0.6943040371156806,0.03719851374020712,0.7634653694500014,0.2306474527864535,0.03719851374020712,0.23653463054999857,11.709181220175866,15.957589508499737,1.3860161780671583,12.568201596292589,0.03947957706805359,0.03377691874843741,85.25,61.1,24.650000000000002,70.10869231315772,224.50039588690012,74.27616813313925,291.5982172359821,1595,1475
cohface,bimamba,cohface_36,20,120,0|1|2|3|4,0.7271053555277374,0.03348436369924299,0.6735181506604889,0.19426804793429464,0.03348436369924299,0.3264818493395111,11.440132262595057,16.70276166974544,1.3888132094614665,14.434276282824332,0.0355989346126705,0.03031250732910173,89.75,64.75,25.0,114.85768491781074,206.5894411188357,102.41475504673164,266.6384426771588,1680,1541
cohface,bimamba,cohface_37,10,60,0|1|2|3|4,0.5496166351935834,0.6151316122869936,0.7363449524280029,0.39111787977990764,0.6151316122869936,0.2636550475719971,41.99885167944981,44.32573214180873,0.8869936808167136,11.022068782786684,0.606621105095609,0.6278973730740706,62.5,60.3,4.000000000000001,174.65077932614258,213.70376173804965,193.54331916509702,259.17256414680713,670,682
cohface,bimamba,cohface_38,15,80,0|1|2|3|4,0.7955981801021397,0.10102678084504199,0.7182765948996943,0.11830377834736872,0.10102678084504199,0.2817234051003057,13.851407493737474,15.267981097223043,1.3468193689850805,14.581677772847533,0.09303879366331495,0.11300876161763256,62.625,60.3,7.875000000000002,242.81442545459527,221.32446935727384,224.82734993346892,288.321087810146,925,1006
cohface,bimamba,cohface_39,20,120,0|1|2|3|4,0.7364804486635091,0.02485316922274007,0.7852917392598356,0.1838702857337493,0.02485316922274007,0.21470826074016436,9.024479992359835,13.19483607937246,1.3977306649108507,13.115226246618967,0.023174494183935575,0.02737118178094682,63.0,63.15,8.950000000000001,200.90669780468968,210.2465568050717,210.9884571066817,266.1486546706158,1360,1530
cohface,bimamba,cohface_4,15,90,0|1|2|3|4,0.7865247418435801,-0.03151398057036571,0.7663858844318567,0.12836698006574465,0.0,0.23361411556814327,0.18104843149705135,10.654114641669006,1.436531604860052,13.795487974280691,-0.03181152588089836,-0.031067662604566733,56.0,65.13333333333334,10.066666666666668,240.69747393611823,212.98144828171223,287.75744616966387,284.795444657222,1240,1132
cohface,bimamba,cohface_40,20,120,0|1|2|3|4,0.7576179203218703,0.20758550665857783,0.80686360126513,0.16042706222210212,0.20758550665857783,0.19313639873486999,18.50947196452385,18.62888130139725,1.2614589167474044,10.287489515565312,0.20436070067923237,0.21242271562759604,61.5,64.65,7.650000000000001,105.75958336644929,217.3322156520815,116.29441192036033,273.3856183349161,1145,1503
cohface,bimamba,cohface_5,20,120,0|1|2|3|4,0.6648590505104113,0.04395874360569643,0.7266187145777979,0.26330440501998775,0.04395874360569643,0.2733812854222021,13.583321150185345,18.35690020901821,1.3816742765814913,9.523222052258278,0.04548809671650645,0.0416647139394814,74.0,65.3,11.8,84.93386055396519,204.76728896292943,82.69186576702462,264.50660311970034,1385,1568
cohface,bimamba,cohface_6,10,60,0|1|2|3|4,0.7340197670766336,0.04452874245794236,0.8272429981877679,0.1865993873673072,0.04452874245794236,0.17275700181223208,10.695236835378088,12.986229913752661,1.3850165649680137,10.854706971179597,0.04086455738210169,0.05002502007170337,62.5,62.8,7.900000000000002,91.74576426085903,209.54611214143756,96.41637052313449,268.6543155114726,575,768
cohface,bimamba,cohface_7,15,90,0|1|2|3|4,0.693567368578898,-0.045762211277343534,0.7387027803504753,0.23146447979142937,0.0,0.2612972196495247,0.23225513782231996,15.212348483416719,1.4427081307715512,13.65668950722089,-0.04070337529717188,-0.053350465247601016,61.0,64.46666666666667,9.600000000000003,214.91952754240486,199.83141856372413,239.11435689994784,271.55843680610894,1015,1129
cohface,bimamba,cohface_8,10,60,0|1|2|3|4,0.5451769095695085,0.07366849113229607,0.7490348122948015,0.3960419067315608,0.07366849113229607,0.2509651877051985,18.80559006368814,23.888269612524596,1.3591795848505537,13.226650847406713,0.07631542806273814,0.06969808573663298,73.5,63.2,12.700000000000008,110.49702608013578,211.27220531887332,140.7885953173358,267.6308058068672,690,761
cohface,bimamba,cohface_9,10,60,0|1|2|3|4,0.6564389730515998,0.10500387412803092,0.7720218444747986,0.27264297497966494,0.10500387412803092,0.2279781555252014,18.22943346791685,19.86121072966863,1.3386827203906502,12.512208173959792,0.10396428706374428,0.10656325472446088,72.50000000000001,66.3,10.800000000000006,59.564396694294956,211.78714217671595,63.916866738432525,274.70992432381144,675,742
cohface,bimamba_blend,cohface_1,20,120,0|1|2|3|4,0.6047653042877204,0.16217583323777776,0.680741862049387,0.3299533944128834,0.16217583323777776,0.319258137950613,25.072637461304804,26.436299485665117,1.2915727456605168,9.916347237166583,0.16591992133347666,0.1565597010942294,84.25,68.45,16.400000000000002,76.76276069031799,198.12687256345663,80.10232364020237,257.75871762037264,1585,1518
cohface,bimamba_blend,cohface_10,20,120,0|1|2|3|4,0.5827636821677692,0.01020463650494894,0.7471233548067326,0.35435503304371696,0.01020463650494894,0.25287664519326736,8.611240819004855,19.99290373790665,1.405480304626956,11.104039859365882,0.012312556652859538,0.007042756283083042,83.0,62.1,21.2,63.63238380699364,220.26795089371876,58.2643702626679,285.6275359832442,1545,1486
cohface,bimamba_blend,cohface_11,10,60,0|1|2|3|4,0.7482033192699488,0.11171527498240638,0.6208838026415795,0.17086864200517338,0.11171527498240638,0.3791161973584205,17.78212596675779,20.074801820994754,1.3293368332091322,14.495173746207515,0.11643179193675811,0.10464049955087881,66.5,68.2,9.100000000000003,100.61282585108245,209.2346168271328,98.49789267992142,280.8976838137507,605,744
cohface,bimamba_blend,cohface_12,15,95,0|1|2|3|4,0.7223099058114734,0.101941517399491,0.6742919653397527,0.19958660264860806,0.101941517399491,0.32570803466024734,17.534284457298057,19.450005368309895,1.3392243330051334,13.557089390220618,0.10323909294347752,0.09999515408351123,54.31578947368421,67.57894736842105,13.642105263157895,263.71834751813947,209.447952371805,269.25824035672525,274.26359576666346,1080,1172
cohface,bimamba_blend,cohface_13,20,120,0|1|2|3|4,0.6869006893912428,0.02450312834758696,0.7274470039707592,0.2388583844552743,0.02450312834758696,0.27255299602924077,10.510502978776596,16.689881630838315,1.3946389621285225,14.282171610865044,0.02749108265653896,0.020021196884158963,66.5,61.95,11.150000000000004,87.3858511631625,213.18016293963487,96.6942386326784,274.39612439447234,1235,1450
cohface,bimamba_blend,cohface_14,10,60,0|1|2|3|4,0.4873341109129076,0.3622429666629164,0.6593515588672098,0.4601944070571856,0.3622429666629164,0.34064844113279025,39.021556466925965,39.35761254282358,1.140488520272039,15.992060336229715,0.349642967563848,0.381142965311519,83.0,73.9,9.100000000000005,69.685569366462,168.68486415239013,79.00240066190922,233.837020307127,785,786
cohface,bimamba_blend,cohface_15,20,120,0|1|2|3|4,0.6912532986954795,0.03324349828710109,0.7114073642271977,0.23403097678668816,0.03324349828710109,0.28859263577280225,11.86284443825358,17.237608709587153,1.3919556359361351,10.295907261185292,0.031229753792814903,0.03626411502853038,83.0,68.25,15.750000000000007,64.81171032724177,209.52100942419955,72.35806959621185,280.91680956744136,1605,1467
cohface,bimamba_blend,cohface_16,20,120,0|1|2|3|4,0.7681145234790245,0.0759472208733113,0.7354450866213419,0.14878545163104118,0.0759472208733113,0.2645549133786581,13.35153168381046,15.041348053379672,1.3604976154175166,11.39134182900214,0.07452311922162545,0.07808337335084004,57.5,63.5,9.500000000000002,119.52883650913665,209.0427933516664,115.90604180246945,283.9327474336732,1070,1423
cohface,bimamba_blend,cohface_17,10,60,0|1|2|3|4,0.8233489126219702,0.2478362103265387,0.6083070000105071,0.08752589556227308,0.2478362103265387,0.3916929999894929,18.80829589754134,22.368403970567762,1.2378467230949357,11.886039131670358,0.2338677450615648,0.2687889082239996,58.5,69.3,12.4,192.8446882966402,186.50185141370514,254.44532662720331,263.01453706323315,885,728
cohface,bimamba_blend,cohface_18,20,120,0|1|2|3|4,0.5935642241581065,0.05022559725275576,0.6709430416567304,0.3423763288723384,0.05022559725275576,0.32905695834326965,16.504546097594094,22.94899618827277,1.3753370599698864,13.190304051701967,0.05422398573669456,0.044228014526847555,77.75,62.2,16.75,52.74820507731759,210.99625210832818,66.8514171062362,286.8402349031276,1415,1456
cohface,bimamba_blend,cohface_19,20,120,0|1|2|3|4,0.6878213533437445,0.11579005054396124,0.6645038784656855,0.2378372911492035,0.11579005054396124,0.3354961215343145,19.788076172677414,21.64842835185154,1.333024651989947,14.71428154964762,0.11152263859354049,0.12219116846959237,69.5,67.85,9.45,86.39898895201179,206.78079970477052,110.62026082623001,280.6952873297532,1260,1469
cohface,bimamba_blend,cohface_2,15,90,0|1|2|3|4,0.6766883041206603,-0.017585783741443786,0.7214733997843495,0.2501847736448072,0.0,0.27852660021565046,0.24297662625775204,16.34509401707153,1.426859269535347,10.665341013367506,-0.01796368752947201,-0.017018928059401448,70.0,63.266666666666666,11.000000000000005,65.70648964025838,217.3036931960166,56.90901829794961,292.9578656114596,970,1106
cohface,bimamba_blend,cohface_20,20,120,0|1|2|3|4,0.5917394957731823,0.11821996877797636,0.7799486741760517,0.34440010522871756,0.11821996877797636,0.22005132582394826,20.620006165880568,22.84953592084973,1.3323451019859334,10.122447605184167,0.11242826460704643,0.12690752503437125,75.5,62.7,14.5,36.96414428485936,214.16283103454487,43.529774520910095,273.2596896510089,1380,1472
cohface,bimamba_blend,cohface_21,20,120,0|1|2|3|4,0.7152588557996327,-0.01887181881347847,0.7346987210792417,0.20740680669623812,0.0,0.2653012789207583,0.22373991191569925,14.410287224127888,1.4261023773862114,12.268639022150191,-0.01688399539330184,-0.02185355394374341,86.5,61.8,24.7,59.839639471840265,219.44316390010889,54.41071875825085,290.59910826879474,1640,1510
cohface,bimamba_blend,cohface_22,20,120,0|1|2|3|4,0.6811177466386489,-0.15155276943872079,0.7859551276092629,0.2452721515176416,0.0,0.2140448723907371,0.22581058578404253,14.548827491679988,1.5160876261733132,11.114992879511593,-0.14926084511791596,-0.15499065591992803,60.75,59.4,6.550000000000001,194.1642984146113,225.2322863792707,198.36403554649374,298.33497850318565,1290,1450
cohface,bimamba_blend,cohface_23,20,120,0|1|2|3|4,0.6475683304371829,-0.029075466791176504,0.7912201953525267,0.28248125937161395,0.0,0.20877980464747325,0.23661552527939944,15.812542342622354,1.431541146881355,7.823130874551199,-0.024655027607192743,-0.03570612556715214,84.75,60.7,24.05,77.80556854308755,229.02338017916378,105.05910225195339,301.78720130936944,1590,1431
cohface,bimamba_blend,cohface_24,20,120,0|1|2|3|4,0.8127674863161701,-0.024011774464030973,0.705677720145155,0.09926158211780156,0.0,0.29432227985484505,0.17418017884394205,11.080366325788685,1.4322574222197948,13.947345034927876,-0.02568066175184587,-0.021508443532308626,92.25,62.2,30.05,81.62114892964615,221.07923047014626,98.26622003516769,293.23590830844375,1720,1419
cohface,bimamba_blend,cohface_25,20,120,0|1|2|3|4,0.6992564815384694,0.03491241687646163,0.6595777968026055,0.22515477781524784,0.03491241687646163,0.34042220319739447,12.410874249258447,18.263074880873965,1.3881586408059856,10.538148003794593,0.03650779397783931,0.03251935122439509,88.75,64.0,24.75,58.96697150667046,203.9475782753314,65.27212391803798,281.4980781257028,1675,1507
cohface,bimamba_blend,cohface_26,20,120,0|1|2|3|4,0.7064511369933568,0.05177521118525521,0.6714402724795825,0.21717530332348667,0.05177521118525521,0.3285597275204175,14.068675119860366,18.299637482088258,1.3756179610086232,10.020569745887977,0.053837612675239094,0.048681608950279384,81.25,68.2,17.05,93.14693127644155,207.762790158583,91.50127442542265,270.19882939681185,1610,1470
cohface,bimamba_blend,cohface_27,20,120,0|1|2|3|4,0.6789671554972218,0.09309720196918637,0.7270794098782618,0.247657336918503,0.09309720196918637,0.2729205901217382,17.58144273999879,19.601309961331808,1.348848181372754,14.629234109815908,0.09030429180370717,0.09728656721740518,65.25,62.4,10.550000000000004,100.08198896937837,211.13970913007367,132.2875655532295,289.8647521944048,1205,1441
cohface,bimamba_blend,cohface_28,15,90,0|1|2|3|4,0.7061047630380113,0.07822657949935037,0.6947762462964887,0.21755946100256118,0.07822657949935037,0.3052237537035113,16.1344512968005,18.722570361409467,1.35700414934998,14.590544200452978,0.07926986932346858,0.07666164476317305,66.33333333333333,60.8,9.0,120.64643845583818,222.57382055164675,120.36590799403676,286.4057511444164,920,1081
cohface,bimamba_blend,cohface_29,20,140,0|1|2|3|4,0.7580721636752201,0.1385814071048559,0.7839240055907568,0.1599232683609736,0.1385814071048559,0.2160759944092432,16.3402186636987,16.595825190199687,1.3167599847570293,6.842507651385938,0.13307157127133404,0.14684616085513863,54.857142857142854,63.98571428571429,9.55714285714286,203.6319523806714,219.60643391526244,261.47689333066575,284.3503720316865,1950,1669
cohface,bimamba_blend,cohface_3,10,60,0|1|2|3|4,0.49613574541066435,0.2767059639007922,0.73132493890377,0.45043265843683367,0.2767059639007922,0.26867506109622996,32.974254510902966,33.98457486506672,1.2089941310586887,14.64857784082044,0.2691665955328233,0.2880150164527456,70.0,63.3,11.300000000000008,63.28608743996212,208.6901062553039,84.46076420241047,266.0355655140494,640,702
cohface,bimamba_blend,cohface_30,15,90,0|1|2|3|4,0.6845229211699516,0.10874000229408792,0.7064191124982228,0.24149552823346931,0.10874000229408792,0.29358088750177724,18.800476491537392,20.473354582327826,1.337365098432528,11.258883228279748,0.10572729674727722,0.11325906061430396,59.333333333333336,65.0,11.133333333333335,219.00064920214805,212.78455424039979,248.08928927816584,279.16069399058847,970,1100
cohface,bimamba_blend,cohface_31,15,90,0|1|2|3|4,0.7178578400349553,0.0026750159962187357,0.6818287382485235,0.2045243158611616,0.0026750159962187357,0.3181712617514765,4.492023163286868,15.724256488438677,1.4130685544960315,12.407563193890713,0.0016186301472478249,0.0042595947696751025,50.333333333333336,61.666666666666664,11.733333333333333,244.05526244550103,213.41303053215657,310.8567908932414,280.25214028785285,1170,1120
cohface,bimamba_blend,cohface_32,10,60,0|1|2|3|4,0.7468138300260243,0.37005459802288826,0.6647255337588852,0.1724097017609869,0.37005459802288826,0.3352744662411148,27.11192999625773,28.724272897923186,1.1303700441156144,13.07536202643954,0.3611317816830319,0.3834388225326728,61.0,66.8,10.8,71.04716562025854,214.58276137363956,71.75315220591472,301.45822508146193,565,727
cohface,bimamba_blend,cohface_33,10,60,0|1|2|3|4,0.5751353906461936,-0.01537373015785582,0.792587232048537,0.36281544619258865,0.0,0.20741276795146302,0.25947231992050235,18.79089843100865,1.4232198926506394,12.184626680625225,-0.012777431418248929,-0.01926817826726616,77.5,59.9,17.600000000000005,79.25421030903391,216.962663852075,89.03008811153273,275.50610602640245,705,724
cohface,bimamba_blend,cohface_34,20,120,0|1|2|3|4,0.6530234301640083,-0.00045787120433928106,0.7496512646013126,0.2764310976379277,0.0,0.2503487353986874,0.24560173888362927,16.624884546389474,1.4168215857686985,14.110380869074637,-0.003691702950064767,0.004392876414248947,61.5,63.85,8.15,201.14364742788007,213.77870103851708,245.45875417267155,270.92489294829966,1270,1464
cohface,bimamba_blend,cohface_35,20,120,0|1|2|3|4,0.7404490879052609,0.030326398647072733,0.7419727203177579,0.17946873297071209,0.030326398647072733,0.25802727968224215,10.088927927321185,14.317999427722983,1.3904845793606142,12.540244050163212,0.033276317280167785,0.02590152069743016,85.25,59.75,25.500000000000004,70.10869231315772,229.55734058569416,74.27616813313925,290.98007718882366,1595,1398
cohface,bimamba_blend,cohface_36,20,120,0|1|2|3|4,0.7680388491813862,0.03631470276414267,0.6468007460482798,0.14886938075474598,0.03631470276414267,0.35319925395172025,10.885237214632232,15.77438448075133,1.3858862303548822,14.452601458198702,0.039659678256367285,0.03129723952580576,89.75,62.6,27.35,114.85768491781074,215.5235640469313,102.41475504673164,280.29069597740306,1680,1456
cohface,bimamba_blend,cohface_37,10,60,0|1|2|3|4,0.5205744579186581,0.6257155694009159,0.6962704752509072,0.4233280827845627,0.6257155694009159,0.30372952474909276,45.10939662448514,46.932375075682764,0.875327356657776,11.137069264794945,0.6169010093432551,0.6389374094874072,62.5,59.1,4.400000000000001,174.65077932614258,208.579631885387,193.54331916509702,264.5673603411704,670,668
cohface,bimamba_blend,cohface_38,15,80,0|1|2|3|4,0.7563944808658576,0.10678696738126114,0.6909166283265091,0.16178395887861063,0.10678696738126114,0.30908337167349087,16.27661354556156,17.79849402658246,1.3421310574170182,14.611966317949602,0.09934211235833817,0.11795424991564561,62.625,58.5,7.725,242.81442545459527,223.210382814809,224.82734993346892,295.9216206505457,925,942
cohface,bimamba_blend,cohface_39,20,120,0|1|2|3|4,0.7429639545111072,0.03278206957191575,0.7528195257872466,0.176679535620351,0.03278206957191575,0.24718047421275335,10.21673247535147,14.034322050028836,1.3930616546507764,13.144289352024867,0.02968961317082044,0.0374207541735587,63.0,62.4,9.2,200.90669780468968,219.47061234716438,210.9884571066817,279.75246265241356,1360,1453
cohface,bimamba_blend,cohface_4,15,90,0|1|2|3|4,0.783393943896029,-0.04214254339717555,0.7431879411863119,0.13183929677611217,0.0,0.25681205881368807,0.18724950673463195,11.364275099446408,1.4433777993197627,13.754191257482145,-0.041669735784580324,-0.042851754816068385,56.0,64.33333333333333,9.133333333333333,240.69747393611823,214.5583879213226,287.75744616966387,298.73726184207965,1240,1082
cohface,bimamba_blend,cohface_40,20,120,0|1|2|3|4,0.7149566918333571,0.2120527604002756,0.7806649387059482,0.20774193180074718,0.2120527604002756,0.21933506129405178,21.220961190981086,21.225677489889648,1.2585872019225022,10.307285509498307,0.20797912757844342,0.21816320963302388,61.5,63.2,6.600000000000002,105.75958336644929,222.56138506537687,116.29441192036033,279.16142175735956,1145,1448
cohface,bimamba_blend,cohface_5,20,120,0|1|2|3|4,0.5936331578412288,0.04489895119005067,0.6937810565771976,0.34229987565375875,0.04489895119005067,0.3062189434228024,15.541721238403031,22.175429592212915,1.3803935977350474,9.531276768091017,0.04725675766604609,0.04136224147605754,74.0,65.05,11.85,84.93386055396519,205.7436997323158,82.69186576702462,272.87978902867394,1385,1499
cohface,bimamba_blend,cohface_6,10,60,0|1|2|3|4,0.7276302508921652,0.048692845807533705,0.7950383166913332,0.19368589508520306,0.048692845807533705,0.20496168330866682,11.705213832659982,14.2132448661943,1.3822368166374484,10.872157194930288,0.04471069136598658,0.054666077469854406,62.5,62.7,7.800000000000002,91.74576426085903,203.84564040953586,96.41637052313449,257.03362118748055,575,754
cohface,bimamba_blend,cohface_7,15,90,0|1|2|3|4,0.6578104632311808,-0.041643778056857844,0.7054065199199768,0.2711218776912281,0.0,0.2945934800800232,0.25394665348662565,17.53190741542163,1.4392607994399234,13.677469157868504,-0.03573582440222351,-0.05050570853880934,61.0,60.46666666666667,8.933333333333335,214.91952754240486,205.22619164144578,239.11435689994784,286.84519099887655,1015,1068
cohface,bimamba_blend,cohface_8,10,60,0|1|2|3|4,0.4922083141911963,0.08316925523959234,0.7186255310786333,0.4547885080574855,0.08316925523959234,0.28137446892136675,21.329750849844352,27.207777846674585,1.3517697651040523,13.274133133887345,0.08635925107526762,0.07838426148607944,73.5,60.2,13.700000000000008,110.49702608013578,205.5442882720169,140.7885953173358,267.00382914130546,690,730
cohface,bimamba_blend,cohface_9,10,60,0|1|2|3|4,0.5567070872028554,0.10692463825827453,0.7521494002768266,0.3832539756224669,0.10692463825827453,0.24785059972317336,21.294093926931172,24.57796301360714,1.3367969956051855,12.524452109122972,0.1064868962704746,0.10758125123997445,72.50000000000001,63.8,12.500000000000007,59.564396694294956,215.18978168545843,63.916866738432525,293.78989090845175,675,700
cohface,lstm,cohface_1,20,120,0|1|2|3|4,0.6274626283323819,0.11405685410235106,0.7218214896644856,0.30478016417534903,0.11405685410235106,0.27817851033551444,20.606129605761218,22.660850943801613,1.3306476370550122,9.657463337477362,0.11468843299995625,0.11310948575594328,84.25,65.3,19.65,76.76276069031799,208.78840748403587,80.10232364020237,273.7299715872063,1585,1476
cohface,lstm,cohface_10,20,120,0|1|2|3|4,0.5854435465791084,-0.01018382317919098,0.7870764308992974,0.3513828393305166,0.0,0.21292356910070265,0.25806175102761114,18.49994570241194,1.4211280995258875,11.007870607326506,-0.009802537631030369,-0.010755751501431895,83.0,61.5,21.7,63.63238380699364,224.16702797471882,58.2643702626679,300.1991962996535,1545,1521
cohface,lstm,cohface_11,10,60,0|1|2|3|4,0.7685257095598554,0.061499415198665246,0.678452313285507,0.1483294118854368,0.061499415198665246,0.32154768671449296,12.937435427939569,15.907273183516152,1.3679593262123673,14.246410820474138,0.06434364091430307,0.057233076625208504,66.5,60.9,10.600000000000003,100.61282585108245,220.36764675541988,98.49789267992142,297.07752827076683,605,752
cohface,lstm,cohface_12,15,95,0|1|2|3|4,0.6851026965165089,0.05773087655107778,0.7193975868483646,0.24085250889532117,0.05773087655107778,0.28060241315163537,14.64561447381576,18.211937283030842,1.3730162945732147,13.340642195651593,0.05741312741821972,0.058207500250364884,54.31578947368421,64.0421052631579,12.757894736842106,263.71834751813947,212.9857386149558,269.25824035672525,290.7307287124068,1080,1183
cohface,lstm,cohface_13,20,120,0|1|2|3|4,0.7350233687235725,-0.006666102135472122,0.7585261877157482,0.18548630922314135,0.0,0.2414738122842518,0.20957257862347753,12.992581902974095,1.4199426256069674,14.125991558428744,-0.008118530007804249,-0.004487460326973932,66.5,62.7,10.200000000000001,87.3858511631625,215.20675718600464,96.6942386326784,281.8497290164509,1235,1462
cohface,lstm,cohface_14,10,60,0|1|2|3|4,0.5449649190566086,0.25722215541648286,0.7070383845928954,0.3962770219362828,0.25722215541648286,0.29296161540710464,31.247689054436133,31.830259535906325,1.2269926137131564,15.35703973290973,0.24724456294667876,0.2721885441211889,83.0,68.0,15.000000000000007,69.685569366462,188.37034669380702,79.00240066190922,266.2219485206392,785,775
cohface,lstm,cohface_15,20,120,0|1|2|3|4,0.7018008525437686,0.04611508168873701,0.7455134003451047,0.22233285761883748,0.04611508168873701,0.2544865996548953,12.749222978575428,16.428962715406424,1.380542441065973,10.367419888636771,0.04705128420780229,0.04471077791013909,83.0,63.65,20.050000000000004,64.81171032724177,215.66788413587224,72.35806959621185,298.29672880610394,1605,1484
cohface,lstm,cohface_16,20,120,0|1|2|3|4,0.7995423708543429,-0.0005578714081524441,0.7636590243890806,0.11392934100353935,0.0,0.23634097561091938,0.1736293344323892,10.18087467790571,1.4144710012911326,11.05341656298869,-0.0003641067467694215,-0.000848518400226978,57.5,64.85,11.650000000000004,119.52883650913665,209.2632410067003,115.90604180246945,280.76670361790605,1070,1496
cohface,lstm,cohface_17,10,60,0|1|2|3|4,0.7633205027126961,0.17921730722000592,0.6526869500176503,0.1541024215203921,0.17921730722000592,0.3473130499823497,19.98141797333802,21.18231607732367,1.2863866380096265,11.551946151654217,0.17260470877514525,0.18913620488729693,58.5,64.2,11.900000000000002,192.8446882966402,202.894677404036,254.44532662720331,279.4085973357471,885,754
cohface,lstm,cohface_18,20,120,0|1|2|3|4,0.620371161923718,0.055919648013282426,0.7153987483796274,0.31264519338653596,0.055919648013282426,0.28460125162037264,16.01549148615206,20.936212843002505,1.372828964037139,13.2061582980114,0.057670317750358024,0.05329364340766904,77.75,62.35,16.3,52.74820507731759,218.41408642895033,66.8514171062362,303.10502994181724,1415,1455
cohface,lstm,cohface_19,20,120,0|1|2|3|4,0.7165003856816916,0.08242765583318613,0.7153135624140871,0.2060298462445853,0.08242765583318613,0.28468643758591294,15.84319809013664,17.934317267564253,1.355629838363717,14.568222782010915,0.08113387066898112,0.08436833357949365,69.5,62.95,11.850000000000003,86.39898895201179,208.12527755273288,110.62026082623001,277.9217463172384,1260,1488
cohface,lstm,cohface_2,15,90,0|1|2|3|4,0.6677143551042314,-0.008584194187697394,0.7578780290625801,0.26013763347471264,0.0,0.24212197093741994,0.2380727806865353,15.80821052873722,1.4234482146733827,10.6861303916284,-0.013102409928420244,-0.0018068705766131215,70.0,63.93333333333333,12.200000000000005,65.70648964025838,209.34869275339625,56.90901829794961,276.33971188310295,970,1113
cohface,lstm,cohface_20,20,120,0|1|2|3|4,0.5698673989202949,0.10865639265593954,0.8234065718115983,0.368658089507921,0.10865639265593954,0.17659342818840174,19.397612458541737,22.314128785854813,1.3379940035124187,10.085698857937347,0.10488602328240468,0.11431194671624187,75.5,61.25,16.450000000000003,36.96414428485936,220.12044167851064,43.529774520910095,284.9315601612142,1380,1448
cohface,lstm,cohface_21,20,120,0|1|2|3|4,0.7018294255049448,-0.00936329270924249,0.7523967549748312,0.2223011678157205,0.0,0.24760324502516884,0.22570554936878515,14.52637491871874,1.4191092078366514,12.311336740351866,-0.006935471883384111,-0.013005023948030055,86.5,61.05,25.65,59.839639471840265,218.18569442252254,54.41071875825085,288.71018132478224,1640,1479
cohface,lstm,cohface_22,20,120,0|1|2|3|4,0.695130861981999,-0.12048735799468929,0.812173883810195,0.2297304348734609,0.0,0.18782611618980505,0.21325339069444676,13.31054421249991,1.4967149290083617,11.226697132050758,-0.1200777893582527,-0.1211017109493442,60.75,60.65,7.900000000000002,194.1642984146113,222.31314600712653,198.36403554649374,290.0691362082119,1290,1469
cohface,lstm,cohface_23,20,120,0|1|2|3|4,0.6364935813925228,-0.015012962781032046,0.812325961899059,0.29476408209448524,0.0,0.18767403810094097,0.23410139978232689,15.745504031066721,1.42497025044038,7.863091633701062,-0.015270107320060126,-0.01462724597248993,84.75,61.25,23.6,77.80556854308755,217.4036110367169,105.05910225195339,283.2849690542683,1590,1458
cohface,lstm,cohface_24,20,120,0|1|2|3|4,0.8140418962411106,-0.014769402954066703,0.7199555198662893,0.09784815494927723,0.0,0.28004448013371075,0.17110550979497194,10.670417813940665,1.4253581431337454,13.989286640992109,-0.015822918098839536,-0.013189130236907456,92.25,60.2,32.05,81.62114892964615,230.5043075039311,98.26622003516769,297.75552426408615,1720,1443
cohface,lstm,cohface_25,20,120,0|1|2|3|4,0.7011827909244973,0.025758329411984915,0.6917700819873862,0.22301833963479156,0.025758329411984915,0.3082299180126138,10.76317866190324,17.03487303956946,1.3945667688102235,10.498143775689137,0.02759176366510644,0.023008178032302633,88.75,64.95,24.0,58.96697150667046,208.36492826781128,65.27212391803798,277.1570939298194,1675,1509
cohface,lstm,cohface_26,20,120,0|1|2|3|4,0.6842735838900548,0.015619956664834258,0.7039090728587576,0.24177206412559882,0.015619956664834258,0.2960909271412424,9.104655203911387,17.054473958172302,1.4028217877590772,9.85047644944701,0.016045515894213307,0.014981617820765684,81.25,62.4,19.35,93.14693127644155,207.51785902437362,91.50127442542265,276.4393654793892,1610,1498
cohface,lstm,cohface_27,20,120,0|1|2|3|4,0.7128694732759973,0.06755522791664137,0.7579028746878385,0.21005683170688083,0.06755522791664137,0.24209712531216154,14.22315109011905,16.462880368686122,1.3686874241025764,14.502409987262414,0.06334736755172723,0.07386701846401258,65.25,61.0,9.650000000000002,100.08198896937837,219.0082124922713,132.2875655532295,289.44391128123215,1205,1470
cohface,lstm,cohface_28,15,90,0|1|2|3|4,0.6782184055711317,0.06633681416094586,0.7380093529376736,0.248487763194425,0.06633681416094586,0.26199064706232644,15.345067507775042,18.35568782738457,1.3675447253487432,14.523336937283297,0.0649107120854154,0.06847596727424153,66.33333333333333,61.53333333333333,11.466666666666667,120.64643845583818,224.8444326468683,120.36590799403676,281.7684795090682,920,1071
cohface,lstm,cohface_29,20,140,0|1|2|3|4,0.7362260846353144,0.09428016154875975,0.7913614455016953,0.18415239671006056,0.09428016154875975,0.2086385544983047,14.780794411206177,15.657184797163378,1.3495215434213041,6.629043617476647,0.0893958019208909,0.10160670099056301,54.857142857142854,61.58571428571429,9.042857142857146,203.6319523806714,222.94366730805373,261.47689333066575,289.5664821617346,1950,1697
cohface,lstm,cohface_3,10,60,0|1|2|3|4,0.5252786303492888,0.2547301722849648,0.7440842103679296,0.4181107622123086,0.2547301722849648,0.2559157896320704,30.710626164478285,31.629429784449513,1.2267117887917702,14.5222109154259,0.24758909361964782,0.2654417902829403,70.0,61.4,10.200000000000008,63.28608743996212,223.65028984711628,84.46076420241047,292.5242624196065,640,713
cohface,lstm,cohface_30,15,90,0|1|2|3|4,0.6819726813554473,0.08629342210673235,0.739211099743169,0.2443239574300179,0.08629342210673235,0.260788900256831,16.80936008339875,18.91787423904891,1.355102293511235,11.144441324071217,0.08184888706029546,0.09296022467638769,59.333333333333336,64.66666666666667,11.33333333333334,219.00064920214805,213.5881014728977,248.08928927816584,277.7271195637482,970,1110
cohface,lstm,cohface_31,15,90,0|1|2|3|4,0.7723036534002835,0.012367644248601893,0.7119359305395742,0.14413935626775976,0.012367644248601893,0.28806406946042584,6.823753952531114,13.070614255874208,1.4075743923032944,12.441400689605913,0.00936716506600578,0.01686836302249606,50.333333333333336,62.2,12.666666666666671,244.05526244550103,213.74022121556195,310.8567908932414,276.14960390426023,1170,1107
cohface,lstm,cohface_32,10,60,0|1|2|3|4,0.7286735040159963,0.2495932229626855,0.7424178431731131,0.19252884013764393,0.2495932229626855,0.2575821568268869,22.823232933287773,23.019131286934527,1.2264570399126205,12.366728013335543,0.2479015646243862,0.25213071047013447,61.0,62.7,10.500000000000002,71.04716562025854,215.0854958206783,71.75315220591472,279.6777434475437,565,727
cohface,lstm,cohface_33,10,60,0|1|2|3|4,0.6335108086848142,-0.05304934461469428,0.8028427197411508,0.298072226436507,0.0,0.19715728025884915,0.2379982542491771,16.106640497840242,1.4520831289829412,12.010237195448404,-0.05427270673844442,-0.051214301429069055,77.5,59.5,18.4,79.25421030903391,243.12981650996664,89.03008811153273,302.40498798533366,705,714
cohface,lstm,cohface_34,20,120,0|1|2|3|4,0.6240195496902575,-0.03494427405855721,0.7823991035294137,0.30859882628783364,0.0,0.21760089647058634,0.2471371427335851,17.01247839755842,1.4395669053947475,13.972047086694651,-0.03617643755390511,-0.033096028815535375,61.5,64.15,9.25,201.14364742788007,220.7502178400741,245.45875417267155,283.55767600490344,1270,1472
cohface,lstm,cohface_35,20,120,0|1|2|3|4,0.6788223167343439,0.03621397113948633,0.7629533854695096,0.24781797521745264,0.03621397113948633,0.23704661453049036,11.91480112020089,16.57736335164747,1.3871125551817314,12.561333533515064,0.037959379628604344,0.03359585840580931,85.25,59.85,25.400000000000002,70.10869231315772,227.16247542934067,74.27616813313925,302.3756080434585,1595,1439
cohface,lstm,cohface_36,20,120,0|1|2|3|4,0.7981090327523586,-0.0017043429337634391,0.6856265412253332,0.11551903280943165,0.0,0.3143734587746668,0.18743752772672262,12.191300199720358,1.4146713134678908,14.27404211326499,-0.0006474625744834802,-0.0032896634726833776,89.75,62.05,27.8,114.85768491781074,226.25725002423067,102.41475504673164,279.81219102944203,1680,1463
cohface,lstm,cohface_37,10,60,0|1|2|3|4,0.5171557223311497,0.5433804361397335,0.7679692048390973,0.42711974641399575,0.5433804361397335,0.23203079516090275,40.13345281067696,42.194526724787416,0.9611404374613278,10.32474231029303,0.5381045297383238,0.5512942957418481,62.5,61.5,5.200000000000002,174.65077932614258,217.48751591658203,193.54331916509702,273.06569432596535,670,692
cohface,lstm,cohface_38,15,80,0|1|2|3|4,0.6884450283574595,0.07724418279450347,0.7321418148854834,0.2371455834094386,0.07724418279450347,0.26785818511451664,16.053012333679835,18.486070860510743,1.3629881165054527,14.478023454975313,0.07113169713245925,0.08641291128756981,62.625,60.9,8.175000000000002,242.81442545459527,220.79970215885413,224.82734993346892,294.7774829158091,925,946
cohface,lstm,cohface_39,20,120,0|1|2|3|4,0.6747005286559635,0.02321241568044691,0.7728280454635899,0.2523893828460888,0.02321241568044691,0.22717195453641015,10.046399901877122,16.014366308155342,1.3988946674554081,13.107995819212572,0.021546854682411697,0.02571075717749973,63.0,60.55,9.250000000000004,200.90669780468968,225.44898924053052,210.9884571066817,288.6260360087626,1360,1443
cohface,lstm,cohface_4,15,90,0|1|2|3|4,0.8076661770334581,-0.05088337908021711,0.7751313677076884,0.10491936066622853,0.0,0.22486863229231158,0.16626585995563598,9.55619183229136,1.4449973003939551,13.744450965042518,-0.04400859907290886,-0.06119554909117948,56.0,63.53333333333333,10.200000000000003,240.69747393611823,214.27357182334435,287.75744616966387,281.47073422609003,1240,1091
cohface,lstm,cohface_40,20,120,0|1|2|3|4,0.6987838175271105,0.14083233897507222,0.8171773775320612,0.22567900172638033,0.14083233897507222,0.1828226224679388,17.940314936947157,18.31474083800294,1.3141306909162869,9.932180571538469,0.1365302635959411,0.14728545204376892,61.5,63.4,8.300000000000002,105.75958336644929,222.75139340515264,116.29441192036033,286.0892964465057,1145,1441
cohface,lstm,cohface_5,20,120,0|1|2|3|4,0.5704869718903496,0.0504927354279815,0.7297986503553113,0.3679709312775741,0.0504927354279815,0.27020134964468867,16.1738265966186,22.44742124257555,1.3773770809911954,9.55027845099385,0.051416188380086957,0.04910755599982332,74.0,62.75,14.950000000000005,84.93386055396519,210.3029702363606,82.69186576702462,286.64749790527253,1385,1493
cohface,lstm,cohface_6,10,60,0|1|2|3|4,0.7108989506748574,0.09439934677106226,0.8270996664742091,0.21224230603985295,0.09439934677106226,0.17290033352579093,14.880732577620362,15.821570318554093,1.3481437653819899,11.08908217177854,0.09125419393083509,0.09911707603140303,62.5,59.5,8.200000000000001,91.74576426085903,235.0636879985189,96.41637052313449,291.6831607499141,575,724
cohface,lstm,cohface_7,15,90,0|1|2|3|4,0.6978636198483562,-0.042315550671511964,0.7236301720113295,0.22669957789587714,0.0,0.2763698279886705,0.23370428422179496,15.410479870812155,1.4422563031693043,13.659410181815323,-0.040051622015794056,-0.04571144365508882,61.0,60.53333333333333,9.933333333333335,214.91952754240486,223.10095601860465,239.11435689994784,293.8425932216538,1015,1093
cohface,lstm,cohface_8,10,60,0|1|2|3|4,0.5628129392411529,0.07127987358388502,0.7547453296366371,0.37648207516169285,0.07127987358388502,0.2452546703633629,18.120535621686976,22.922439837043243,1.3613984889664836,13.212482417007728,0.07329707711988742,0.0682540682798814,73.5,61.0,13.700000000000008,110.49702608013578,220.8506900657361,140.7885953173358,285.28953362172314,690,738
cohface,lstm,cohface_9,10,60,0|1|2|3|4,0.6104706569022531,0.05483141544847611,0.7889346470445154,0.32362568130144587,0.05483141544847611,0.21106535295548456,14.945360670663591,19.468774952009188,1.3735617318692817,12.2887976725705,0.056664084372129706,0.052082412062995714,72.50000000000001,63.7,12.000000000000007,59.564396694294956,214.08461239410096,63.916866738432525,283.63414510153257,675,718
cohface,mamba,cohface_1,20,120,0|1|2|3|4,0.6197238153900495,0.15232048890745653,0.6869144424239539,0.3133631548212602,0.15232048890745653,0.31308555757604606,23.903863741651374,25.290275579228027,1.2998126937524952,9.861109201267183,0.1552434805799414,0.14793600139872923,84.25,69.2,15.650000000000006,76.76276069031799,192.95026505918193,80.10232364020237,244.72455922957528,1585,1485
cohface,mamba,cohface_10,20,120,0|1|2|3|4,0.6112291258973754,0.0005548410632006645,0.7530269893310308,0.3227844757652921,0.0005548410632006645,0.24697301066896915,2.7737533319752083,18.299549647792706,1.412163992936677,11.062832466389178,0.0028964285265705774,-0.0029575401318542045,83.0,65.2,18.8,63.63238380699364,210.55634544778388,58.2643702626679,270.02975073576755,1545,1508
cohface,mamba,cohface_11,10,60,0|1|2|3|4,0.724300308943323,0.1153042985873492,0.6313362747674551,0.1973790791447373,0.1153042985873492,0.36866372523254487,18.861993161919933,20.942219795766864,1.3299885326274699,14.490916584289,0.11556525153971461,0.11491286915880108,66.5,69.8,9.300000000000004,100.61282585108245,202.28735927749187,98.49789267992142,252.8595582618533,605,745
cohface,mamba,cohface_12,15,95,0|1|2|3|4,0.7121228179564993,0.09587295725628601,0.6869177409562475,0.21088493488894833,0.09587295725628601,0.31308225904375253,17.320791924547603,19.3304774315401,1.345888182249269,13.51397642746345,0.09429250044087907,0.09824364247939642,54.31578947368421,71.11578947368422,16.8,263.71834751813947,192.53941806511017,269.25824035672525,245.5806571270009,1080,1160
cohface,mamba,cohface_13,20,120,0|1|2|3|4,0.6933159669287278,0.01799480326930681,0.7315602672650279,0.23174330524280762,0.01799480326930681,0.2684397327349721,9.22082037475823,16.076172387578595,1.3992330450707806,14.253606427287192,0.0210734427909755,0.013376843986803773,66.5,65.6,9.500000000000004,87.3858511631625,192.35003843056205,96.6942386326784,250.66127741833245,1235,1449
cohface,mamba,cohface_14,10,60,0|1|2|3|4,0.5178623075581916,0.3569103900905686,0.6665450210407174,0.42633608431498504,0.3569103900905686,0.33345497895928256,37.5081835637815,37.70811726419032,1.1439542579851678,15.965705516864265,0.34568432781880193,0.3737494834982185,83.0,74.4,8.600000000000003,69.685569366462,169.1422412982126,79.00240066190922,225.47788755835415,785,780
cohface,mamba,cohface_15,20,120,0|1|2|3|4,0.6995041853151581,0.047842871617820734,0.7241409183218783,0.22488005361476404,0.047842871617820734,0.2758590816781217,13.246004162351326,17.12358673817497,1.379471022930562,10.374163493528023,0.04852984844745436,0.046812406373370294,83.0,68.65,15.250000000000004,64.81171032724177,204.74186429035868,72.35806959621185,255.10425676217525,1605,1495
cohface,mamba,cohface_16,20,120,0|1|2|3|4,0.7807925411848158,0.05535054101980061,0.7390410357345054,0.134724469903176,0.05535054101980061,0.2609589642654946,11.385606962084822,13.651787016248987,1.375632346864737,11.295249940366269,0.053817823129708155,0.0576496178549393,57.5,66.35,11.35,119.52883650913665,199.48402498470386,115.90604180246945,252.85312237055197,1070,1460
cohface,mamba,cohface_17,10,60,0|1|2|3|4,0.7933613312654685,0.24877435959461797,0.6083692385881145,0.12078463074482693,0.24877435959461797,0.39163076141188546,21.25204290777438,23.64923117302632,1.2341855182461494,11.911767634704365,0.2383930532757416,0.26434631907293255,58.5,65.8,12.1,192.8446882966402,196.6023525880564,254.44532662720331,268.2068362477257,885,759
cohface,mamba,cohface_18,20,120,0|1|2|3|4,0.589776048650285,0.062004675842805924,0.6785543868820852,0.3465777322646916,0.062004675842805924,0.32144561311791475,17.838621354838114,23.35798063197903,1.3671074786627042,13.24243378381269,0.06550857089225195,0.05674883326863687,77.75,67.75,13.2,52.74820507731759,196.60263979823952,66.8514171062362,264.5854993508062,1415,1487
cohface,mamba,cohface_19,20,120,0|1|2|3|4,0.7499844925343577,0.11630527926619882,0.6689138942747417,0.1688931719193747,0.11630527926619882,0.3310861057252583,17.3755899532796,18.972094562590463,1.3318013738210446,14.722255998872562,0.11315255034418918,0.1210343726492133,69.5,68.95,10.15,86.39898895201179,198.95010807836726,110.62026082623001,253.156668164276,1260,1513
cohface,mamba,cohface_2,15,90,0|1|2|3|4,0.6665421686737508,0.0006144778532752937,0.7283240101291194,0.2614376862403047,0.0006144778532752937,0.2716759898708806,2.7271920633494,16.618855900281265,1.4161255775938175,10.730928493862464,-0.002705825757711549,0.005594933269755557,70.0,65.4,10.733333333333338,65.70648964025838,203.7361695608005,56.90901829794961,268.31550546933875,970,1121
cohface,mamba,cohface_20,20,120,0|1|2|3|4,0.5333601877377798,0.138791624819798,0.787292002786135,0.40914763931649833,0.138791624819798,0.21270799721386502,23.162594051461372,25.865422335457737,1.3161577451708797,10.228623323100408,0.13386439491335306,0.14618246967946547,75.5,62.75,14.85,36.96414428485936,201.2689228398114,43.529774520910095,253.45855259228773,1380,1461
cohface,mamba,cohface_21,20,120,0|1|2|3|4,0.6735455696060352,-0.0076616022426748125,0.7321302167972777,0.25367032900615427,0.0,0.26786978320272226,0.24187003007889496,16.209381917798844,1.4170916487573333,12.323694326674744,-0.004074370488888749,-0.013042449873353908,86.5,65.4,21.8,59.839639471840265,205.9576130729233,54.41071875825085,261.7595280816273,1640,1505
cohface,mamba,cohface_22,20,120,0|1|2|3|4,0.6589730931555123,-0.13822804670172445,0.7826590147277926,0.26983242389003737,0.0,0.21734098527220735,0.23493391089958476,15.552240527681585,1.5089053626391613,11.156238902803178,-0.13839769670060964,-0.1379735717033966,60.75,61.5,7.150000000000002,194.1642984146113,219.3467106449368,198.36403554649374,291.6226320314279,1290,1434
cohface,mamba,cohface_23,20,120,0|1|2|3|4,0.6362241033241609,-0.020394926028706354,0.7924537734331139,0.29506295580512587,0.0,0.20754622656688615,0.24015781227566604,16.253516506864372,1.4267550050275906,7.8522194899909845,-0.017814922185640084,-0.024264931793305758,84.75,64.2,20.550000000000004,77.80556854308755,208.5283173588515,105.05910225195339,269.3135422987952,1590,1463
cohface,mamba,cohface_24,20,120,0|1|2|3|4,0.7907803684008813,-0.02887575444546267,0.7087373680356208,0.123647134372873,0.0,0.2912626319643792,0.18864279101531,11.918333338092218,1.4340147261946181,13.936694441049847,-0.028199117471512748,-0.029890709906387557,92.25,63.15,29.2,81.62114892964615,210.65868744086765,98.26622003516769,277.072503798965,1720,1437
cohface,mamba,cohface_25,20,120,0|1|2|3|4,0.6837642933997973,0.0391439928239674,0.666919707328799,0.2423369098644098,0.0391439928239674,0.333080292671201,13.244756937914678,18.88254116759417,1.3851069148057502,10.557264071413229,0.04073941727864804,0.03675085614194642,88.75,65.6,23.35,58.96697150667046,194.59646469129112,65.27212391803798,259.9593296009877,1675,1515
cohface,mamba,cohface_26,20,120,0|1|2|3|4,0.6447973920003026,0.06228259060017053,0.668770789723398,0.28555446179443555,0.06228259060017053,0.331229210276602,16.741833340652644,21.32461972171278,1.3676542955091178,10.070999821713961,0.06476086398772941,0.058565180518832215,81.25,66.6,16.85,93.14693127644155,203.31534898195585,91.50127442542265,247.83367980707408,1610,1490
cohface,mamba,cohface_27,20,120,0|1|2|3|4,0.6860092215458231,0.09258478226044127,0.7265622793164871,0.2398470968373133,0.09258478226044127,0.2734377206835129,17.343725233654283,19.30213848325362,1.3488388121141406,14.62929444323969,0.09031692946725708,0.09598656145021756,65.25,61.4,9.650000000000004,100.08198896937837,211.5355057967559,132.2875655532295,277.2754209379486,1205,1434
cohface,mamba,cohface_28,15,90,0|1|2|3|4,0.6879899123814865,0.07856570701487321,0.7034795374585884,0.23765034508202176,0.07856570701487321,0.2965204625414116,16.584522403889782,19.271113517168853,1.356869589780405,14.591405529817846,0.07945245816457765,0.07723558029031655,66.33333333333333,61.8,9.6,120.64643845583818,207.8446271919135,120.36590799403676,259.8220113217856,920,1093
cohface,mamba,cohface_29,20,140,0|1|2|3|4,0.7540237205823851,0.1388038919542675,0.7810178625751574,0.16441333026778515,0.1388038919542675,0.21898213742484263,16.57597846369785,16.84519926894804,1.31470136639065,6.856097769726252,0.13578015860527895,0.14333949197775034,54.857142857142854,66.25714285714285,11.571428571428575,203.6319523806714,209.61489902069633,261.47689333066575,269.5211803674559,1950,1640
cohface,mamba,cohface_3,10,60,0|1|2|3|4,0.5577798655851763,0.28870785660852477,0.7223442868423879,0.3820641746944423,0.28870785660852477,0.27765571315761206,31.757751658195367,32.09534400280157,1.1999871940043425,14.713529465783704,0.2800153671127921,0.3017465908521238,70.0,63.1,9.700000000000008,63.28608743996212,224.366581547842,84.46076420241047,282.23455566403646,640,722
cohface,mamba,cohface_30,15,90,0|1|2|3|4,0.6529989485622871,0.11169103577185133,0.7117366456246407,0.2764582497813036,0.11169103577185133,0.2882633543753593,19.88681855202536,21.762182067627293,1.3352940851913306,11.272344425399579,0.10849485302652367,0.11648530988984278,59.333333333333336,66.26666666666667,11.600000000000003,219.00064920214805,201.85689335640242,248.08928927816584,258.56870574481974,970,1106
cohface,mamba,cohface_31,15,90,0|1|2|3|4,0.7076973935453573,0.011855522921343805,0.6832866109802818,0.21579310059964085,0.011855522921343805,0.31671338901971824,8.00112318815353,16.45465810752988,1.405938375156817,12.451502130158275,0.011668642630704764,0.012135843357302367,50.333333333333336,62.6,12.533333333333335,244.05526244550103,211.79440047036238,310.8567908932414,277.7254504005602,1170,1121
cohface,mamba,cohface_32,10,60,0|1|2|3|4,0.789391224083594,0.343977494266705,0.6812797223482705,0.1251878115762044,0.343977494266705,0.3187202776517295,23.101328312956177,25.56170591040234,1.1522580578710906,12.908779744385585,0.33615068403557125,0.35571770961340554,61.0,66.8,12.400000000000004,71.04716562025854,222.19326627102134,71.75315220591472,294.15088860869815,565,747
cohface,mamba,cohface_33,10,60,0|1|2|3|4,0.6338443160051483,-0.02778222172361546,0.7878246536476318,0.29770233893152387,0.0,0.21217534635236823,0.24229367238355976,16.46822136874135,1.4325801214984968,12.12768837577529,-0.026142902256323784,-0.030241200924552968,77.5,60.4,17.100000000000005,79.25421030903391,230.71137582434864,89.03008811153273,291.5343205557787,705,706
cohface,mamba,cohface_34,20,120,0|1|2|3|4,0.6462229338596021,0.005803761009638515,0.7489719614990527,0.2839734166735757,0.005803761009638515,0.25102803850094735,6.40178022900886,17.142345125644216,1.410638906511219,14.148367009242673,0.0050489377184161025,0.006935995946472132,61.5,65.55,7.950000000000002,201.14364742788007,203.88856214021956,245.45875417267155,261.4531176573206,1270,1452
cohface,mamba,cohface_35,20,120,0|1|2|3|4,0.693539135409606,0.03905790916853169,0.744312070690908,0.23149579273693444,0.03905790916853169,0.255687929309092,12.176489303570726,16.53796205418228,1.3848873841068141,12.575278407221614,0.04104346667089257,0.036079572914990365,85.25,61.75,24.100000000000005,70.10869231315772,213.70166596880523,74.27616813313925,268.03868157295824,1595,1421
cohface,mamba,cohface_36,20,120,0|1|2|3|4,0.7956404001777739,0.03143863101964344,0.6512859586739208,0.11825695275319315,0.03143863101964344,0.3487140413260792,9.429229911613582,14.331435424633352,1.3893528941622963,14.430901652485556,0.03484926774142565,0.02632267593697012,89.75,65.35,24.5,114.85768491781074,212.06709692459754,102.41475504673164,273.05580265879496,1680,1482
cohface,mamba,cohface_37,10,60,0|1|2|3|4,0.5747889488669676,0.6112801031307618,0.7136925086588606,0.36319967909401774,0.6112801031307618,0.2863074913411394,41.600909111487645,43.700679116957716,0.89235049109989,10.969769959167714,0.6018553005168931,0.6254173070515646,62.5,60.0,3.9000000000000017,174.65077932614258,206.61702289024205,193.54331916509702,259.50723798796923,670,669
cohface,mamba,cohface_38,15,80,0|1|2|3|4,0.7401395398690314,0.1230825704773072,0.6970360600583547,0.1798120476262305,0.1230825704773072,0.3029639399416453,17.77168018052438,18.932646677423794,1.3292964458298164,14.695427970873267,0.11648547955210906,0.1329782068651044,62.625,61.275,8.100000000000001,242.81442545459527,219.99190118795912,224.82734993346892,287.6564514611265,925,943
cohface,mamba,cohface_39,20,120,0|1|2|3|4,0.6638015961994725,0.03208951827106399,0.7543910893819155,0.2644772102715035,0.03208951827106399,0.24560891061808454,11.771798632937976,17.261475085798395,1.3920881491961612,13.150361385402407,0.03104529243380324,0.033655857026955116,63.0,63.5,9.400000000000002,200.90669780468968,211.17299348376497,210.9884571066817,268.2820161825006,1360,1473
cohface,mamba,cohface_4,15,90,0|1|2|3|4,0.7737542341861883,-0.058023072545265425,0.7481950511554549,0.14253054088362582,0.0,0.2518049488445451,0.19185871892198314,11.640019004249595,1.45237917549823,13.70019141386174,-0.054702634710459185,-0.06300372929747478,56.0,65.4,10.2,240.69747393611823,207.04006341811618,287.75744616966387,267.6834170521324,1240,1110
cohface,mamba,cohface_40,20,120,0|1|2|3|4,0.7184198868794193,0.20584286834386947,0.7767209993032623,0.2039009589142312,0.20584286834386947,0.22327900069673767,20.93245324728941,20.947368539597218,1.2636900094744006,10.272140693925094,0.20154377997729456,0.21229150089373183,61.5,65.35,7.150000000000002,105.75958336644929,214.3876105274154,116.29441192036033,266.34535780459953,1145,1450
cohface,mamba,cohface_5,20,120,0|1|2|3|4,0.5967774923452038,0.05077975926308867,0.7035548272071872,0.33881254577043696,0.05077975926308867,0.2964451727928128,16.082549288302843,22.02084075857753,1.3766311714710866,9.554983511644469,0.0524433088670718,0.048284434857113985,74.0,64.85,13.050000000000002,84.93386055396519,202.35378365916338,82.69186576702462,261.74551939880666,1385,1473
cohface,mamba,cohface_6,10,60,0|1|2|3|4,0.6702288719470622,0.048549585521918646,0.7977222658501492,0.25734882404078185,0.048549585521918646,0.20227773414985084,12.964399727565729,16.52813371234754,1.381209818404789,10.8786131862311,0.04612971877110497,0.052179385648139155,62.5,63.0,6.900000000000002,91.74576426085903,219.8409331228654,96.41637052313449,276.5430955692537,575,729
cohface,mamba,cohface_7,15,90,0|1|2|3|4,0.6668698970583394,-0.027704336485125977,0.7021350097746533,0.26107420805827797,0.0,0.29786499022534674,0.2510679946490403,17.23690755781909,1.4300682623287788,13.733123726792119,-0.022547617460026693,-0.03543941502277491,61.0,64.26666666666667,10.200000000000003,214.91952754240486,204.799335365852,239.11435689994784,271.47983111328676,1015,1091
cohface,mamba,cohface_8,10,60,0|1|2|3|4,0.4477019207531661,0.0771686998952166,0.7295298635928935,0.5041498198514782,0.0771686998952166,0.2704701364071065,21.34421220128898,28.561197900678714,1.352849831614663,13.267195863283368,0.08489866655008885,0.06557374991290821,73.5,61.5,13.200000000000008,110.49702608013578,205.06889959958968,140.7885953173358,265.8728097857293,690,721
cohface,mamba,cohface_9,10,60,0|1|2|3|4,0.6497603958622551,0.10611852764941977,0.75363067293868,0.28005007552225347,0.10611852764941977,0.24636932706131998,18.84871511796681,20.640555795470746,1.336495620968396,12.526410523125033,0.10688972756615096,0.104961727774323,72.50000000000001,64.2,11.700000000000008,59.564396694294956,215.7798380465946,63.916866738432525,277.6004602011243,675,705
cohface,physdiff,cohface_1,20,120,0|1|2|3|4,0.5713898246886561,0.15776226327257545,0.7051154466892989,0.36696959203081314,0.15776226327257545,0.29488455331070107,25.316313127100354,27.049558406644604,1.2972425445327949,9.878301011001946,0.15858089032703984,0.15653432269087886,84.25,71.9,15.750000000000004,76.76276069031799,204.51453833063258,80.10232364020237,271.0095368958577,1585,1634
cohface,physdiff,cohface_10,20,120,0|1|2|3|4,0.5982120791403103,-0.013298960074889874,0.7502769855878855,0.3372214690594607,0.0,0.24972301441211453,0.264443470532769,18.88888045003264,1.423492098367326,10.993433925914019,-0.013164877057106849,-0.013500084601564414,83.0,65.6,17.9,63.63238380699364,213.18380991510443,58.2643702626679,281.34096865140566,1545,1616
cohface,physdiff,cohface_11,10,60,0|1|2|3|4,0.788964605374512,0.05353153921662375,0.6745205431329442,0.12566096739696242,0.05353153921662375,0.3254794568670558,11.576031352011029,14.856705419685879,1.3740873903954332,14.207587428091216,0.05594192177813413,0.04991596537435816,66.5,70.9,8.800000000000002,100.61282585108245,197.84568948830403,98.49789267992142,250.16730803278077,605,777
cohface,physdiff,cohface_12,15,95,0|1|2|3|4,0.7410358884156061,0.04801403913465596,0.731089707203685,0.17881792213850312,0.04801403913465596,0.26891029279631495,12.093975618015856,15.22895586765134,1.38268500281642,13.279690976127041,0.04409109149327822,0.053898460596722556,54.31578947368421,73.51578947368421,20.336842105263162,263.71834751813947,207.68527136704907,269.25824035672525,277.2932676633003,1080,1303
cohface,physdiff,cohface_13,20,120,0|1|2|3|4,0.80117005664428,0.006070145928905042,0.7630481303936593,0.11212410136102346,0.006070145928905042,0.23695186960634074,4.528994832057747,10.356081013530838,1.4099412748983824,14.187387003068448,0.0060328006689619575,0.0061261638188196705,66.5,64.4,9.500000000000004,87.3858511631625,214.65992449294058,96.6942386326784,270.0146029235794,1235,1591
cohface,physdiff,cohface_14,10,60,0|1|2|3|4,0.513469984548622,0.40373886941792325,0.6357715598405996,0.4312075378035085,0.40373886941792325,0.36422844015940037,40.33095942183132,40.4162012747887,1.1105261266684414,16.223303092326248,0.38336586099339437,0.43429838205471655,83.0,78.7,4.300000000000003,69.685569366462,161.19716281172475,79.00240066190922,221.13641895778653,785,820
cohface,physdiff,cohface_15,20,120,0|1|2|3|4,0.6836486761068177,0.028996662160610562,0.7292292035187349,0.24246513910984369,0.028996662160610562,0.2707707964812651,11.240210604747016,16.949087459673663,1.3944053650769987,10.2806342348722,0.027816838922240787,0.03076639701816522,83.0,67.6,17.800000000000004,64.81171032724177,200.96931448565562,72.35806959621185,262.94614817754365,1605,1627
cohface,physdiff,cohface_16,20,120,0|1|2|3|4,0.8286719272616663,0.02877028217636597,0.7853979727921052,0.08162222723471302,0.02877028217636597,0.21460202720789479,7.029762716562699,9.504769783112831,1.3952242807940916,11.172417015535821,0.026674603141305077,0.03191380072895732,57.5,66.4,12.9,119.52883650913665,205.21613060850075,115.90604180246945,275.8264033376011,1070,1585
cohface,physdiff,cohface_17,10,60,0|1|2|3|4,0.7177223688025346,0.17259179667241933,0.6702484082840289,0.20467456478555368,0.17259179667241933,0.3297515917159711,21.63108155110921,22.391278347573266,1.2975275687217664,11.477044675405246,0.15821110420349074,0.1941628353758122,58.5,72.7,18.0,192.8446882966402,192.17255615763239,254.44532662720331,255.13793886329688,885,794
cohface,physdiff,cohface_18,20,120,0|1|2|3|4,0.6864811782964044,0.055677512444771884,0.6942673619050541,0.2393236573375218,0.055677512444771884,0.3057326380949459,14.726006792836072,18.70585981920966,1.3768496844899307,13.180756377661101,0.05214247315998908,0.060980071371946075,77.75,68.3,12.650000000000002,52.74820507731759,207.47225831824,66.8514171062362,283.637639531509,1415,1569
cohface,physdiff,cohface_19,20,120,0|1|2|3|4,0.7962316924381202,0.11720338449097528,0.7182357915935443,0.11760116019464839,0.11720338449097528,0.28176420840645566,14.612629266706922,15.849275635872278,1.3344804758211581,14.704800685859198,0.10958092982606772,0.12863706648833662,69.5,67.0,9.7,86.39898895201179,198.8495716657428,110.62026082623001,250.98216612683393,1260,1629
cohface,physdiff,cohface_2,15,90,0|1|2|3|4,0.7582852601487188,-0.004994929020823216,0.7629913544116174,0.15968692655347094,0.0,0.23700864558838264,0.19720460765924797,11.913475885464726,1.4193904475065338,10.710926270615866,-0.007334621236399298,-0.0014853906974590931,70.0,63.86666666666667,8.933333333333339,65.70648964025838,210.4933451442148,56.90901829794961,269.92179210206444,970,1222
cohface,physdiff,cohface_20,20,120,0|1|2|3|4,0.7297427054764815,0.08529777853478215,0.8004315668417697,0.191343006315025,0.08529777853478215,0.19956843315823025,14.28250318586807,15.363240260823524,1.3534791485704476,9.985750809030467,0.08404709719250798,0.08717380054819343,75.5,68.0,13.8,36.96414428485936,209.21394703594706,43.529774520910095,260.7079723842109,1380,1635
cohface,physdiff,cohface_21,20,120,0|1|2|3|4,0.6828587107947518,-0.0026090622113419215,0.7461795861670406,0.24334127669510142,0.0,0.2538204138329594,0.23494302452172658,15.470808221890287,1.414243883274091,12.341166918505557,-4.288068909029796e-05,-0.006458334494719356,86.5,64.3,23.0,59.839639471840265,210.8393133346665,54.41071875825085,270.1609664462368,1640,1614
cohface,physdiff,cohface_22,20,120,0|1|2|3|4,0.7870654996237877,-0.14866313142178333,0.7872808468709359,0.12776723447119276,0.0,0.2127191531290641,0.17654643784965576,10.10925012089633,1.516864433101098,11.11054357780125,-0.1504388542035577,-0.14599954724912176,60.75,63.55,9.100000000000001,194.1642984146113,214.55626706908734,198.36403554649374,285.82102305459097,1290,1602
cohface,physdiff,cohface_23,20,120,0|1|2|3|4,0.5924957946948521,-0.045631631563499975,0.7944501577894043,0.34356130648547656,0.0,0.2055498422105957,0.25364767103720837,18.022295048470262,1.4468093691219654,7.730981335088285,-0.04662867528954989,-0.044136065974425105,84.75,61.8,23.05,77.80556854308755,215.09511399222794,105.05910225195339,290.4449840676431,1590,1616
cohface,physdiff,cohface_24,20,120,0|1|2|3|4,0.7120446572460624,-0.06434255690364402,0.7200524246339473,0.21097162165235217,0.0,0.27994757536605275,0.22821973304524515,14.910125196114526,1.4594848706012706,13.783774718583075,-0.06504804375700361,-0.06328432662360461,92.25,67.3,27.35,81.62114892964615,213.67185903190114,98.26622003516769,280.70756476031096,1720,1591
cohface,physdiff,cohface_25,20,120,0|1|2|3|4,0.6363255641825641,-0.006910004575172742,0.6968626593820559,0.2949504272293494,0.0,0.30313734061794406,0.2639767910290527,18.639074536549206,1.4187686841684475,10.348698140657193,-0.006452289588533848,-0.007596577055131081,88.75,68.45,20.8,58.96697150667046,200.40961652080577,65.27212391803798,259.8840801190749,1675,1630
cohface,physdiff,cohface_26,20,120,0|1|2|3|4,0.6000269462632988,0.05349444094051787,0.6950625444681495,0.33520862966713305,0.05349444094051787,0.3049374555318505,16.44983834607489,22.19980153608317,1.3757202185794097,10.019924097903656,0.05369694009591056,0.05319069220742883,81.25,73.95,16.1,93.14693127644155,203.25715126839373,91.50127442542265,268.26137436525477,1610,1599
cohface,physdiff,cohface_27,20,120,0|1|2|3|4,0.8247475231811932,0.09260638019473869,0.7378118207301784,0.0859747195051005,0.09260638019473869,0.26218817926982163,11.682415692344406,13.251495720489508,1.3516137233527468,14.61144367123703,0.08657017142226237,0.10166069335345318,65.25,63.85,10.100000000000003,100.08198896937837,213.73148119256882,132.2875655532295,284.6244958430608,1205,1606
cohface,physdiff,cohface_28,15,90,0|1|2|3|4,0.8132481236618657,0.08719111451240887,0.7244754071465271,0.09872851511218694,0.08719111451240887,0.27552459285347286,12.179603636041447,13.860100932259165,1.3522350912535563,14.621123674179605,0.08573012899124305,0.0893825927941576,66.33333333333333,66.6,10.4,120.64643845583818,208.61338310990783,120.36590799403676,273.15113973565786,920,1242
cohface,physdiff,cohface_29,20,140,0|1|2|3|4,0.6786789338238624,0.0960630527796546,0.8012110513777003,0.24797699885436142,0.0960630527796546,0.19878894862229968,16.442239807494033,17.871225651833093,1.3506147640384127,6.622010199109667,0.0879198795807313,0.10827781257803953,54.857142857142854,65.27142857142857,11.100000000000003,203.6319523806714,214.71252973650024,261.47689333066575,280.56239456533405,1950,1831
cohface,physdiff,cohface_3,10,60,0|1|2|3|4,0.7676206150082961,0.2327010990457226,0.7387615993016016,0.14933323742400284,0.2327010990457226,0.26123840069839843,20.282306770264363,20.857247635074664,1.2436497737257177,14.40309978968389,0.22666762015598557,0.2417513173803281,70.0,63.9,9.300000000000008,63.28608743996212,209.6491412925408,84.46076420241047,260.390542265551,640,802
cohface,physdiff,cohface_30,15,90,0|1|2|3|4,0.7713760036968764,0.07646401140813466,0.7451957650543756,0.14516819735570907,0.07646401140813466,0.25480423494562443,13.138623606040614,14.68131370228475,1.3638407913272625,11.088609416889547,0.06996914795591302,0.08620630658646711,59.333333333333336,67.0,10.733333333333336,219.00064920214805,206.6975017537217,248.08928927816584,259.69962624296573,970,1204
cohface,physdiff,cohface_31,15,90,0|1|2|3|4,0.7518587907121755,-0.05290582463592698,0.6997568753310228,0.1668144185178213,0.0,0.3002431246689772,0.2126698195263089,13.761618811142728,1.453776241222021,12.160876493989354,-0.05673267977081371,-0.04716554193359688,50.333333333333336,68.73333333333333,18.4,244.05526244550103,208.7524163631333,310.8567908932414,277.75888824662303,1170,1240
cohface,physdiff,cohface_32,10,60,0|1|2|3|4,0.8016076569639947,0.3071853195641271,0.6937042484819742,0.11163876601582945,0.3071853195641271,0.3062957515180258,21.001051979185885,23.363296997199015,1.1827335342149399,12.682036609942857,0.30057069352171867,0.3171072586277397,61.0,64.1,9.300000000000002,71.04716562025854,214.44412327841133,71.75315220591472,298.3719792286581,565,776
cohface,physdiff,cohface_33,10,60,0|1|2|3|4,0.6517103478830459,-0.035156408693922954,0.7790360111392063,0.2778874156829294,0.0,0.22096398886079371,0.23852351751189335,15.944877809629695,1.4378524735810236,12.095780209806877,-0.03370986789153419,-0.0373262198975061,77.5,67.1,14.8,79.25421030903391,215.4061788262758,89.03008811153273,274.17671735657194,705,812
cohface,physdiff,cohface_34,20,120,0|1|2|3|4,0.7436536020264446,-0.019339601530491676,0.7735468546197546,0.17591465885989366,0.0,0.2264531453802454,0.20217751336976444,12.258128341752148,1.4291585869140653,14.035075705209463,-0.02124713327510424,-0.016478303913572835,61.5,68.4,11.3,201.14364742788007,209.64402379115637,245.45875417267155,272.157758540732,1270,1609
cohface,physdiff,cohface_35,20,120,0|1|2|3|4,0.6693728477981703,0.03375717049056839,0.7526777606969259,0.2582982263996917,0.03375717049056839,0.24732223930307407,11.912381417871618,17.135133365961604,1.3904956707731577,12.540174766114697,0.0332608947805531,0.03450158405559132,85.25,63.25,23.200000000000003,70.10869231315772,216.5636144321841,74.27616813313925,282.14775537794225,1595,1629
cohface,physdiff,cohface_36,20,120,0|1|2|3|4,0.7201015642213678,-0.021507614752309223,0.6757512548530376,0.20203583812594716,0.0,0.32424874514696245,0.23294598588646645,15.682562558397079,1.4299377615372157,14.180810352612387,-0.022361000935031617,-0.02022753547822563,89.75,65.25,25.2,114.85768491781074,213.39910909089568,102.41475504673164,274.0031071041033,1680,1600
cohface,physdiff,cohface_37,10,60,0|1|2|3|4,0.6268701384155416,0.5898931556244459,0.6861500054226083,0.3054372850350896,0.5898931556244459,0.3138499945773917,39.36101684071693,41.421141389167374,0.9146038529340949,10.755818767159795,0.5817498960990538,0.602108044912534,62.5,60.6,2.700000000000002,174.65077932614258,223.62113433276681,193.54331916509702,283.5666975200827,670,755
cohface,physdiff,cohface_38,15,80,0|1|2|3|4,0.8022813446659465,0.09056038863916652,0.7120450245620896,0.11089159002292137,0.09056038863916652,0.2879549754379104,13.047279916134569,14.753323585776057,1.357405279818701,14.513674160105106,0.07872545316015687,0.10831279185768096,62.625,59.25,6.975000000000001,242.81442545459527,227.77385285472786,224.82734993346892,293.285863127382,925,1044
cohface,physdiff,cohface_39,20,120,0|1|2|3|4,0.764644015650629,0.03839167085024533,0.7683774973343552,0.15263453500463442,0.03839167085024533,0.23162250266564477,10.09610527684605,12.95404528619911,1.389869154856756,13.16421777636787,0.03413186618888352,0.04478137784228804,63.0,62.25,8.850000000000001,200.90669780468968,212.26934069755947,210.9884571066817,278.24430486700214,1360,1618
cohface,physdiff,cohface_4,15,90,0|1|2|3|4,0.7991285710005351,-0.07628539390271638,0.7774068349500006,0.11438827964192966,0.0,0.22259316504999938,0.17130539055213437,9.854389612822347,1.467669032906728,13.60922906097791,-0.07702619507668534,-0.07517419214176292,56.0,62.93333333333333,7.066666666666666,240.69747393611823,216.88332762134576,287.75744616966387,294.5562643318638,1240,1210
cohface,physdiff,cohface_40,20,120,0|1|2|3|4,0.8152567745364698,0.1553697665457385,0.8134286066644698,0.09650075333578811,0.1553697665457385,0.1865713933355302,13.60419097945843,14.109429328945502,1.3049764590944244,9.992898187547164,0.14851822060468903,0.16564708545731271,61.5,66.95,8.75,105.75958336644929,222.33728231516727,116.29441192036033,288.6554021955558,1145,1583
cohface,physdiff,cohface_5,20,120,0|1|2|3|4,0.7073442425990317,0.05187151535153807,0.7201716908711077,0.2161847745283808,0.05187151535153807,0.27982830912889234,13.501458222656023,17.047818598719267,1.3767595906982664,9.554173285031652,0.052266514710170846,0.051279016313588915,74.0,68.4,13.300000000000002,84.93386055396519,203.66055629747922,82.69186576702462,260.841142468511,1385,1616
cohface,physdiff,cohface_6,10,60,0|1|2|3|4,0.781449292281766,0.06576814176540687,0.7717709902716388,0.13399607802139513,0.06576814176540687,0.22822900972836124,11.722171833792958,13.196883485214105,1.3663535568812073,10.972544490428566,0.06653897879903665,0.06461188621496218,62.5,63.5,9.800000000000002,91.74576426085903,215.27493078668235,96.41637052313449,292.23489621860915,575,789
cohface,physdiff,cohface_7,15,90,0|1|2|3|4,0.7097273950789653,-0.06733257539146384,0.73528842719773,0.2135416591571382,0.0,0.26471157280227,0.22607326778806852,14.625601538449432,1.4614290430455352,13.544704417929376,-0.06788742392849471,-0.06650030258591755,61.0,63.93333333333333,9.066666666666666,214.91952754240486,215.6770149289441,239.11435689994784,294.48935073303977,1015,1166
cohface,physdiff,cohface_8,10,60,0|1|2|3|4,0.6410817631342262,0.10688672663077117,0.7285250079585166,0.2896754048949933,0.10688672663077117,0.2714749920414834,19.61081903896811,21.657954733253256,1.3354576051806053,13.379585588515342,0.10827649238264145,0.10480207800296575,73.5,63.4,12.500000000000007,110.49702608013578,204.22396253347196,140.7885953173358,254.46972061460954,690,835
cohface,physdiff,cohface_9,10,60,0|1|2|3|4,0.6857321763443818,0.1309869572047005,0.7797908508615684,0.24015436313127658,0.1309869572047005,0.2202091491384316,18.722045240412502,19.42302824105993,1.3187391807677866,12.642583133541674,0.13046348655395365,0.13177216318082074,72.50000000000001,64.2,13.500000000000007,59.564396694294956,206.79134413771425,63.916866738432525,289.00680052192956,675,782
cohface,rnn,cohface_1,20,120,0|1|2|3|4,0.6018173509742126,0.140524491497055,0.7198986646050353,0.33322292113525875,0.140524491497055,0.28010133539496473,23.0813591345996,24.768061358585882,1.3109986801410873,9.786679590028179,0.14064123033416345,0.14034938324139234,84.25,64.7,19.750000000000004,76.76276069031799,204.74968969311246,80.10232364020237,268.60377604521335,1585,1512
cohface,rnn,cohface_10,20,120,0|1|2|3|4,0.6165038308791864,-0.020532536969759263,0.7851653124902657,0.3169343868878137,0.0,0.21483468750973433,0.24882247857972006,17.255906696036373,1.4278489903024074,10.966889566057382,-0.01937636955380219,-0.022266788093694877,83.0,62.8,20.3,63.63238380699364,220.30423008594934,58.2643702626679,281.3434711948673,1545,1518
cohface,rnn,cohface_11,10,60,0|1|2|3|4,0.7834644753232067,0.0482663447337693,0.6896639573193305,0.1317610715257772,0.0482663447337693,0.3103360426806695,11.200692582561288,14.509429176749734,1.3791147971903936,14.175866147817652,0.049021188085249474,0.04713407970654902,66.5,62.3,9.000000000000002,100.61282585108245,208.42067798638246,98.49789267992142,272.7112921454416,605,764
cohface,rnn,cohface_12,15,95,0|1|2|3|4,0.6887170843964286,0.08767412377271398,0.7119874903587259,0.2368438505138335,0.08767412377271398,0.2880125096412741,17.1337694220844,19.369736776777383,1.3540320320988903,13.461577252721694,0.08329862802507489,0.09423736739417263,54.31578947368421,67.38947368421053,14.968421052631578,263.71834751813947,200.80486189456636,269.25824035672525,267.93283423836596,1080,1187
cohface,rnn,cohface_13,20,120,0|1|2|3|4,0.7377244155993016,-0.004609837021499377,0.7624364253076187,0.18249062238572789,0.0,0.23756357469238132,0.20744843843662225,12.78248770677433,1.4175060527457017,14.140909049857983,-0.004661704785350281,-0.0045320353757230215,66.5,62.0,9.400000000000004,87.3858511631625,206.8131139060411,96.6942386326784,267.1035468385394,1235,1472
cohface,rnn,cohface_14,10,60,0|1|2|3|4,0.5597883787867579,0.3106090475306556,0.6965624595971005,0.3798365656089373,0.3106090475306556,0.3034375404028995,33.30016646302667,33.47764900280722,1.1838985210496817,15.667589139401077,0.2991921459281882,0.32773439993435666,83.0,70.5,12.700000000000006,69.685569366462,180.0907194102773,79.00240066190922,248.16822029570645,785,786
cohface,rnn,cohface_15,20,120,0|1|2|3|4,0.6921195354196624,0.04643852196639192,0.7460415193895794,0.23307024782784003,0.04643852196639192,0.2539584806104206,13.004020336827315,16.830540882544213,1.3805129810925145,10.367605242451951,0.047091954517529525,0.045458373139685516,83.0,65.5,18.200000000000003,64.81171032724177,216.20425863146022,72.35806959621185,284.8341300965614,1605,1511
cohface,rnn,cohface_16,20,120,0|1|2|3|4,0.7922869475790792,0.021499444174026206,0.774396786239343,0.12197621208929332,0.021499444174026206,0.22560321376065695,7.419074138480093,11.020417453890905,1.3995500730814028,11.14552870209619,0.02062979646891994,0.022803915731685602,57.5,63.35,9.45,119.52883650913665,213.43066972382658,115.90604180246945,278.0132400441107,1070,1486
cohface,rnn,cohface_17,10,60,0|1|2|3|4,0.769565961445597,0.24703941964053405,0.6522602867577958,0.14717568556187233,0.24703941964053405,0.3477397132422042,22.15845342952004,23.47655927614534,1.235400521362666,11.9032209522546,0.23689277590842647,0.2622593852386954,58.5,64.5,11.2,192.8446882966402,208.75666071717671,254.44532662720331,281.91811836941224,885,759
cohface,rnn,cohface_18,20,120,0|1|2|3|4,0.6330132488632728,0.06023554940133999,0.7033066474880978,0.29862406188283375,0.06023554940133999,0.2966933525119022,16.35662066495909,20.87456923595407,1.3714222375433864,13.215063220519125,0.05960052318574586,0.06118808872473118,77.75,64.4,15.250000000000002,52.74820507731759,207.36261830381844,66.8514171062362,279.63592079031656,1415,1506
cohface,rnn,cohface_19,20,120,0|1|2|3|4,0.707072568152056,0.09641129457315953,0.7160570977202421,0.2164860842065578,0.09641129457315953,0.28394290227975794,17.10574393528286,18.83222426123335,1.347244372004994,14.62211760904972,0.0924663010504346,0.10232878485724689,69.5,65.25,10.350000000000003,86.39898895201179,209.72909902486643,110.62026082623001,267.417839743396,1260,1502
cohface,rnn,cohface_2,15,90,0|1|2|3|4,0.6957197975141329,-0.03245581503778384,0.7677691627107812,0.2290772561235651,0.0,0.23223083728921878,0.22463282128895945,14.39616803686416,1.441317553177063,10.577770317711934,-0.038698144548157884,-0.023092320772222764,70.0,64.06666666666666,11.000000000000005,65.70648964025838,214.78869914122367,56.90901829794961,273.55594634080705,970,1137
cohface,rnn,cohface_20,20,120,0|1|2|3|4,0.590853003146057,0.11973330642982277,0.8270345757950233,0.34538329967765735,0.11973330642982277,0.17296542420497674,19.529154458698695,21.766008334154925,1.328828246316655,10.145405176151181,0.11710774589550157,0.12367164723130457,75.5,62.55,14.75,36.96414428485936,210.77123731109236,43.529774520910095,268.32952042012704,1380,1487
cohface,rnn,cohface_21,20,120,0|1|2|3|4,0.6949221191744288,0.009075997483607169,0.7510920664430132,0.22996194810141035,0.009075997483607169,0.24890793355698682,6.97976923987611,15.186621298362828,1.4070319287167254,12.385574046330737,0.01013057578584564,0.007494130030249463,86.5,61.1,25.5,59.839639471840265,214.9282244145447,54.41071875825085,279.11609968156495,1640,1500
cohface,rnn,cohface_22,20,120,0|1|2|3|4,0.6931148338705221,-0.17308550246860904,0.8138213921268072,0.23196637862241076,0.0,0.18617860787319285,0.21355848711669573,13.353204395170227,1.5315224803984533,11.027011423901964,-0.1727805539829155,-0.17354292519714937,60.75,59.3,6.650000000000001,194.1642984146113,221.78652053843936,198.36403554649374,287.9471751340092,1290,1468
cohface,rnn,cohface_23,20,120,0|1|2|3|4,0.6563211335761118,0.0005813724960677478,0.8100177918242053,0.27277366881131193,0.0005813724960677478,0.1899822081757947,2.4818445751918676,15.000369253421605,1.4141257976826578,7.929446682168225,0.0001241141641934916,0.001267259993879132,84.75,61.55,23.2,77.80556854308755,220.01073892483143,105.05910225195339,280.50464352746627,1590,1479
cohface,rnn,cohface_24,20,120,0|1|2|3|4,0.7940614284717865,-0.014170980864577035,0.7222148908848341,0.12000816440330497,0.0,0.27778510911516585,0.1843449681657263,11.444933893003082,1.4249939163108105,13.991506460816803,-0.01530383076141059,-0.0124717060193267,92.25,60.0,32.25,81.62114892964615,219.79672729808118,98.26622003516769,288.5650709078257,1720,1471
cohface,rnn,cohface_25,20,120,0|1|2|3|4,0.6717565102291589,0.03453161706998099,0.7018436119477786,0.2556545454500887,0.03453161706998099,0.29815638805222144,12.540430417657971,18.335890795808147,1.3895970843198184,10.529152135212234,0.03450997162492998,0.03456408523755749,88.75,65.8,23.05,58.96697150667046,208.85431373795222,65.27212391803798,273.6830521952483,1675,1529
cohface,rnn,cohface_26,20,120,0|1|2|3|4,0.6458521543309038,0.02469955683674721,0.7045456119925481,0.2843846421742082,0.02469955683674721,0.29545438800745194,11.484070467742361,18.977017163097127,1.3954955863374765,9.895957153668977,0.02629603425631141,0.02230484070740092,81.25,64.85,19.6,93.14693127644155,211.4764965681297,91.50127442542265,275.40478327239174,1610,1503
cohface,rnn,cohface_27,20,120,0|1|2|3|4,0.7063565077630227,0.058788579849033025,0.756250491188514,0.21728025505249726,0.058788579849033025,0.24374950881148605,13.69630438386259,16.446319029094536,1.3757708890889357,14.457573210946816,0.05362723036771955,0.06653060407100324,65.25,60.95,9.900000000000002,100.08198896937837,220.2804769809446,132.2875655532295,279.0595841339372,1205,1456
cohface,rnn,cohface_28,15,90,0|1|2|3|4,0.6859504483683647,0.07890677849619293,0.7339128042872253,0.2399122812055252,0.07890677849619293,0.2660871957127747,16.22533011511927,18.607894631633798,1.3594494126578134,14.574906684493456,0.07594864721216306,0.08334397542223776,66.33333333333333,62.666666666666664,8.333333333333334,120.64643845583818,219.44501729798745,120.36590799403676,271.94060606516933,920,1094
cohface,rnn,cohface_29,20,140,0|1|2|3|4,0.7580173678473071,0.13483218483004428,0.8004083534065178,0.15998404151596735,0.13483218483004428,0.19959164659348216,15.85758064177146,16.04539965281249,1.3190309497066794,6.827540336985094,0.13007867685794758,0.14196244678818928,54.857142857142854,63.08571428571429,8.742857142857146,203.6319523806714,221.81363015522894,261.47689333066575,282.58989725835676,1950,1679
cohface,rnn,cohface_3,10,60,0|1|2|3|4,0.5252363140124994,0.2536479860927409,0.7470633371054427,0.4181576945681543,0.2536479860927409,0.2529366628945573,30.573296124922123,31.5161295971475,1.2265869394161548,14.523094972378644,0.24774224002685521,0.26250660519156943,70.0,61.2,10.000000000000007,63.28608743996212,222.96935381717492,84.46076420241047,291.894120005756,640,703
cohface,rnn,cohface_30,15,90,0|1|2|3|4,0.6598367627475257,0.10978345896611319,0.7396887770293606,0.26887454209542017,0.10978345896611319,0.26031122297063936,19.0614395356867,20.707455614073485,1.3382158862916753,11.253359306753008,0.10458912083829307,0.1175749661578434,59.333333333333336,64.6,10.866666666666669,219.00064920214805,212.47718026999803,248.08928927816584,270.2463137377548,970,1103
cohface,rnn,cohface_31,15,90,0|1|2|3|4,0.7116931078074172,0.022035088472417565,0.7158027687837214,0.211361519375162,0.022035088472417565,0.2841972312162786,9.748947483987159,15.857303574691201,1.4016140355168767,12.478259077903953,0.017739047721047892,0.028479149599472075,50.333333333333336,61.6,11.66666666666667,244.05526244550103,218.23152116745348,310.8567908932414,280.8267016571544,1170,1124
cohface,rnn,cohface_32,10,60,0|1|2|3|4,0.773402394794609,0.34463694171439485,0.7254439219124136,0.14292076018848443,0.34463694171439485,0.2745560780875864,23.40610748730535,25.147315773547636,1.1517505416562064,12.912606318560886,0.3367353448973175,0.35648933694001084,61.0,61.3,8.300000000000002,71.04716562025854,224.9758304198985,71.75315220591472,293.0318191917451,565,740
cohface,rnn,cohface_33,10,60,0|1|2|3|4,0.6379052572056003,-0.04466447414652845,0.8187838369352818,0.2931984155783165,0.0,0.18121616306471822,0.23159801876352146,15.525344660804825,1.4461008185821516,12.046095348457861,-0.04560378875198468,-0.0432555022383441,77.5,59.0,19.3,79.25421030903391,236.2189124012021,89.03008811153273,304.1080373641221,705,743
cohface,rnn,cohface_34,20,120,0|1|2|3|4,0.66340399544572,-0.017862548297544405,0.7768118236347281,0.2649181827534197,0.0,0.22318817636527188,0.23487387268238888,15.514136262385037,1.4287296729746295,14.037682874441675,-0.020634239219095817,-0.013705011915217287,61.5,62.65,8.450000000000001,201.14364742788007,216.0400670173323,245.45875417267155,278.5290109122685,1270,1491
cohface,rnn,cohface_35,20,120,0|1|2|3|4,0.6539782972949414,0.0276816722072878,0.7738997128485513,0.2753720701470246,0.0276816722072878,0.2261002871514487,11.075602423022012,17.01702251707293,1.3938538893548946,12.51922256202137,0.02858566756511643,0.02632567917054485,85.25,61.35,24.000000000000007,70.10869231315772,217.38056933212772,74.27616813313925,276.6470352083178,1595,1460
cohface,rnn,cohface_36,20,120,0|1|2|3|4,0.7574606096798919,0.023775814610920924,0.6822523246128612,0.16060153287782974,0.023775814610920924,0.3177476753871388,9.305238415424427,14.857842415506619,1.3960700213741122,14.389009027547813,0.025494247710243036,0.021198164961937754,89.75,62.3,27.55,114.85768491781074,224.09155452830873,102.41475504673164,280.83488217622005,1680,1505
cohface,rnn,cohface_37,10,60,0|1|2|3|4,0.5490785704851951,0.6163722668648415,0.734398462386274,0.39171463853262656,0.6163722668648415,0.26560153761372596,42.13203928878649,44.4432973927482,0.8858323492812074,11.033448578460074,0.6076505244834685,0.629454880436901,62.5,60.3,4.200000000000001,174.65077932614258,217.33271567808802,193.54331916509702,270.9982147817783,670,677
cohface,rnn,cohface_38,15,80,0|1|2|3|4,0.7440446605970292,0.10606892108675747,0.7233285101547133,0.17548094220614552,0.10606892108675747,0.27667148984528667,16.2806932248664,17.474907119616027,1.343549371198285,14.602792241994603,0.09743754357634615,0.11901598735237448,62.625,60.375,8.400000000000002,242.81442545459527,220.35412839974285,224.82734993346892,289.31107456778165,925,971
cohface,rnn,cohface_39,20,120,0|1|2|3|4,0.7090080516748569,0.0245394090525846,0.7819564123339763,0.21433947114131047,0.0245394090525846,0.21804358766602372,9.549885737648165,14.409047698921656,1.3980163154582579,13.113451315514054,0.022775190856258395,0.027185736347073917,63.0,61.6,9.500000000000002,200.90669780468968,225.97431523745823,210.9884571066817,284.44015765796905,1360,1458
cohface,rnn,cohface_4,15,90,0|1|2|3|4,0.7771317616080233,-0.041011397945571834,0.7666963447284452,0.13878458055560927,0.0,0.23330365527155483,0.18636242038870926,11.037013152624219,1.4424969148809115,13.75949381980041,-0.04039867472047372,-0.041930482783219,56.0,64.4,10.000000000000002,240.69747393611823,211.54625565228915,287.75744616966387,287.3245464459416,1240,1128
cohface,rnn,cohface_40,20,120,0|1|2|3|4,0.7055225324315851,0.15052934442091404,0.8230104635997413,0.21820520342920435,0.15052934442091404,0.17698953640025872,18.01645122533795,18.252283954385906,1.3076665631536446,9.975011354151505,0.14500407980496766,0.1588172413448336,61.5,64.1,6.800000000000002,105.75958336644929,224.4532503644564,116.29441192036033,281.9397642668494,1145,1424
cohface,rnn,cohface_5,20,120,0|1|2|3|4,0.5721160760471606,0.0525746729517741,0.7218692681000521,0.3661641185475961,0.0525746729517741,0.27813073189994786,16.509422473263623,22.65597297872508,1.3760187875034984,9.558848223631552,0.053286148218701056,0.05150746005138366,74.0,62.7,13.800000000000004,84.93386055396519,212.69892729897091,82.69186576702462,272.5303525362736,1385,1502
cohface,rnn,cohface_6,10,60,0|1|2|3|4,0.712944357026923,0.05029610316879653,0.8432023313242156,0.20997377936558304,0.05029610316879653,0.15679766867578437,11.421474555322279,13.680062311933844,1.3801472629951341,10.885297754149006,0.04759676622351996,0.05434510858671138,62.5,60.9,7.400000000000002,91.74576426085903,232.08187313775346,96.41637052313449,289.41872362846016,575,723
cohface,rnn,cohface_7,15,90,0|1|2|3|4,0.7006108747543067,-0.04661338006621773,0.7316332085483301,0.2236526424891918,0.0,0.26836679145166986,0.23081947885364307,15.09614387963644,1.4452306168515905,13.64151602662355,-0.044345767942614474,-0.05001479825162261,61.0,60.93333333333333,9.66666666666667,214.91952754240486,220.06454614450223,239.11435689994784,284.4104921820591,1015,1102
cohface,rnn,cohface_8,10,60,0|1|2|3|4,0.5330744376305907,0.061645038664496485,0.7534426989343359,0.40946456007881005,0.061645038664496485,0.2465573010656641,17.73259866106556,23.8305424795156,1.3672359689766276,13.175318197858928,0.06533290256827107,0.05611324280883462,73.5,62.3,13.000000000000007,110.49702608013578,215.66083247304954,140.7885953173358,278.220875276537,690,731
cohface,rnn,cohface_9,10,60,0|1|2|3|4,0.6062502678740392,0.05344673932824866,0.7936525498651591,0.32830644562811895,0.05344673932824866,0.2063474501348409,14.798749222570576,19.474430689234808,1.3752607844933085,12.278060140137526,0.054328887317424836,0.05212351734448439,72.50000000000001,61.9,12.800000000000008,59.564396694294956,227.11930615071697,63.916866738432525,295.5161642419759,675,721
cohface,transformer,cohface_1,20,120,0|1|2|3|4,0.6009717023371697,0.15850663859919376,0.6972089380963608,0.33416081618396365,0.15850663859919376,0.30279106190363925,24.648294818728424,26.044806101959384,1.294533480021966,9.896458941093162,0.16209153455110897,0.15312929467132091,84.25,74.9,13.850000000000003,76.76276069031799,200.1216284251969,80.10232364020237,265.00168576672166,1585,1603
cohface,transformer,cohface_10,20,120,0|1|2|3|4,0.5816418744598597,-0.017977819036770443,0.7550617326956827,0.3555992115934826,0.0,0.24493826730431734,0.2684568292129197,19.458427117363534,1.4273536773091053,10.969903176326161,-0.018669260063913066,-0.01694065749605651,83.0,64.95,18.95,63.63238380699364,211.9522390188793,58.2643702626679,278.7613867638542,1545,1599
cohface,transformer,cohface_11,10,60,0|1|2|3|4,0.8295730301820156,0.10538220027093181,0.6472860996916067,0.08062282874892535,0.10538220027093181,0.35271390030839334,12.891846594224967,15.793036095954477,1.3387303960293977,14.434012028692973,0.10390046337348577,0.10760480561710087,66.5,71.0,10.700000000000005,100.61282585108245,202.6629974645522,98.49789267992142,268.9282513451956,605,792
cohface,transformer,cohface_12,15,95,0|1|2|3|4,0.7077015865264917,0.09022963403230444,0.7129541138016903,0.21578845023296012,0.09022963403230444,0.28704588619830973,16.71107366836644,18.651825314905164,1.3525282902148883,13.471228866458013,0.08533361208419538,0.09757366695446802,54.31578947368421,71.81052631578947,17.74736842105263,263.71834751813947,206.46647650606897,269.25824035672525,279.0754062503217,1080,1224
cohface,transformer,cohface_13,20,120,0|1|2|3|4,0.7907983002677038,-0.007116637100456312,0.7571708375723074,0.12362724643316592,0.0,0.2428291624276926,0.18024699540756584,10.706750801936037,1.4191571205699636,14.130797877928323,-0.00700346643221525,-0.007286393102817902,66.5,66.4,9.900000000000002,87.3858511631625,207.27806645693605,96.6942386326784,274.5765092177879,1235,1554
cohface,transformer,cohface_14,10,60,0|1|2|3|4,0.5284762313029847,0.36606998085158277,0.6596444337866496,0.4145643553822894,0.36606998085158277,0.3403555662133504,37.66315889223415,37.78267676410397,1.140486096951212,15.992078792110021,0.3496457313304953,0.39070635513321395,83.0,78.1,5.100000000000005,69.685569366462,163.82035142925147,79.00240066190922,231.36213854785993,785,816
cohface,transformer,cohface_15,20,120,0|1|2|3|4,0.682640631544779,0.023837179008520865,0.7331986196554907,0.2435831448183564,0.023837179008520865,0.2668013803445093,10.423421552039171,16.698296652120632,1.3986287263028025,10.254366257992963,0.021918842980299957,0.026714683050852225,83.0,67.85,15.350000000000007,64.81171032724177,208.9205771961612,72.35806959621185,287.78950220433364,1605,1607
cohface,transformer,cohface_16,20,120,0|1|2|3|4,0.7994264917344158,0.07827759344627386,0.7624219373691636,0.114057860636951,0.07827759344627386,0.23757806263083636,11.898373334034407,13.152031093891841,1.3594069744360173,11.398307652541039,0.07600633892735668,0.08168447522464964,57.5,64.35,10.25,119.52883650913665,215.99151561262465,115.90604180246945,273.88393773187533,1070,1530
cohface,transformer,cohface_17,10,60,0|1|2|3|4,0.7436189299850976,0.21681839695211236,0.6313768822556918,0.17595311305290406,0.21681839695211236,0.3686231177443082,22.893149720028852,23.944509568795823,1.2637465273613373,11.706177053771128,0.2014723572910805,0.23983745644366009,58.5,69.7,14.8,192.8446882966402,195.42838823550196,254.44532662720331,291.42628337565907,885,767
cohface,transformer,cohface_18,20,120,0|1|2|3|4,0.6786381008082408,0.0618056446200207,0.6840328959976016,0.2480222860830017,0.0618056446200207,0.31596710400239836,15.648763780272354,19.517725001423297,1.3736867650194038,13.200732685605969,0.05649233580526262,0.06977560784215783,77.75,68.55,11.3,52.74820507731759,212.5590948095371,66.8514171062362,279.94687561135055,1415,1542
cohface,transformer,cohface_19,20,120,0|1|2|3|4,0.769708280115952,0.13499874142861482,0.6865345867123154,0.1470178422562518,0.13499874142861482,0.3134654132876846,17.2061941415463,18.412257220374613,1.3247109178752166,14.768622856854597,0.1225704920311005,0.15364111552488632,69.5,68.55,9.45,86.39898895201179,206.1071045122282,110.62026082623001,279.9683063486419,1260,1585
cohface,transformer,cohface_2,15,90,0|1|2|3|4,0.7944273096572289,0.0020984621652174427,0.7466195129507613,0.1196023715749257,0.0020984621652174427,0.25338048704923866,3.1681712031003064,10.898293441486334,1.414708415227435,10.739625094915821,-0.000699950057660328,0.006296080499534099,70.0,67.26666666666667,11.000000000000002,65.70648964025838,213.91194141760684,56.90901829794961,273.65582668457944,970,1179
cohface,transformer,cohface_20,20,120,0|1|2|3|4,0.697499405353806,0.10646526752340572,0.795093081590085,0.227103522224694,0.10646526752340572,0.20490691840991504,16.660041843862942,17.631502575801616,1.340199931514799,10.07139037096742,0.10193207178386393,0.1132650611327184,75.5,65.35,14.05,36.96414428485936,209.98738037304534,43.529774520910095,274.3895663948275,1380,1596
cohface,transformer,cohface_21,20,120,0|1|2|3|4,0.6869524255769842,-0.014772683219793255,0.7465027078135112,0.23880100469928556,0.0,0.25349729218648875,0.23321521866376482,15.292469980885425,1.4234970049913378,12.284521944875124,-0.013171861609654379,-0.01717391563500157,86.5,65.05,21.95,59.839639471840265,213.0313672144319,54.41071875825085,278.93398773669696,1640,1583
cohface,transformer,cohface_22,20,120,0|1|2|3|4,0.729832735499021,-0.12006925542493818,0.7885138167259519,0.19124315549202853,0.0,0.2114861832740481,0.20507617696216485,12.458772912802273,1.4975823285884697,11.221664807877493,-0.12137641545023177,-0.11810851538699778,60.75,62.85,8.800000000000002,194.1642984146113,218.46956964451422,198.36403554649374,289.46750502273716,1290,1568
cohface,transformer,cohface_23,20,120,0|1|2|3|4,0.6370746843454519,-0.033660453985254996,0.7934664882037888,0.2941195903298609,0.0,0.20653351179621116,0.23957644405531395,16.19282243227506,1.435247631642646,7.8006708065046615,-0.0299678820679122,-0.039199311861269195,84.75,63.9,21.45,77.80556854308755,220.882045987396,105.05910225195339,307.231333938991,1590,1557
cohface,transformer,cohface_24,20,120,0|1|2|3|4,0.6706572727910262,-0.06385503986099085,0.7224635683980358,0.2568736916834238,0.0,0.2775364316019642,0.24517425271010354,16.571174228177497,1.462136052862336,13.768010946722217,-0.06892091853992585,-0.056256221842588355,92.25,64.3,28.15,81.62114892964615,214.78579608508886,98.26622003516769,302.56919399504596,1720,1554
cohface,transformer,cohface_25,20,120,0|1|2|3|4,0.5924603891406842,0.015225434244499701,0.677009600157536,0.34360057420553924,0.015225434244499701,0.322990399842464,10.514321243723165,21.530735312938063,1.402861138673502,10.446636323306757,0.015990312799842653,0.01407811641148527,88.75,67.1,22.05,58.96697150667046,200.4944880408521,65.27212391803798,268.6729610004895,1675,1589
cohface,transformer,cohface_26,20,120,0|1|2|3|4,0.6238737098063185,0.04510397478437957,0.6859542653092812,0.3087605749137504,0.04510397478437957,0.31404573469071884,15.072558254529536,21.121063980947845,1.382032142284219,9.980163625414146,0.04499357884664605,0.04526956869097985,81.25,69.1,16.150000000000002,93.14693127644155,211.4576527896954,91.50127442542265,287.4021572639983,1610,1570
cohface,transformer,cohface_27,20,120,0|1|2|3|4,0.7691383625281051,0.07050430375209517,0.7447418895781247,0.14764992851571845,0.07050430375209517,0.2552581104218753,12.831818658437841,14.562236470589893,1.3710812614912264,14.487231616351206,0.0600680871938135,0.08615862858951767,65.25,65.6,10.750000000000004,100.08198896937837,222.0291044691916,132.2875655532295,288.87852552969764,1205,1553
cohface,transformer,cohface_28,15,90,0|1|2|3|4,0.7772954862997576,0.09526815517352244,0.7119795703692484,0.13860299618238148,0.09526815517352244,0.2880204296307516,14.458590699292026,15.970678916615185,1.3475004407632634,14.651589394474948,0.09212128107140553,0.0999884663266978,66.33333333333333,66.26666666666667,10.2,120.64643845583818,216.15438147651153,120.36590799403676,283.59447134213343,920,1182
cohface,transformer,cohface_29,20,140,0|1|2|3|4,0.7071413390601506,0.14330328727807298,0.7870944319133935,0.21640981151909444,0.14330328727807298,0.21290556808660654,18.46595051043945,18.811880407058943,1.3128508894011477,6.868332001437892,0.13821127109930784,0.15094131154622073,54.857142857142854,67.07142857142857,12.642857142857146,203.6319523806714,224.76044614003473,261.47689333066575,301.94491502146064,1950,1780
cohface,transformer,cohface_3,10,60,0|1|2|3|4,0.6692550828235724,0.22803795800874385,0.7421235104182484,0.2584288376036221,0.22803795800874385,0.2578764895817516,24.645264386823307,24.689417075007512,1.2483290990758928,14.370479809004442,0.22083723020018528,0.2388390497215817,70.0,63.0,11.400000000000007,63.28608743996212,224.62295590611154,84.46076420241047,291.9856199214207,640,774
cohface,transformer,cohface_30,15,90,0|1|2|3|4,0.7186848766345257,0.10573479483614748,0.7280667584018604,0.20360706311828813,0.10573479483614748,0.2719332415981396,17.11963938888,18.398650713244823,1.3431257952518625,11.22154913103328,0.098006549064526,0.1173271634935797,59.333333333333336,67.73333333333333,11.333333333333336,219.00064920214805,209.76807385544876,248.08928927816584,278.6101691855959,970,1182
cohface,transformer,cohface_31,15,90,0|1|2|3|4,0.6969783606570271,-0.022446007807803404,0.6950102905681157,0.2276814043613834,0.0,0.3049897094318843,0.23992148018355228,16.162795399348983,1.4320932882194852,12.29140164699167,-0.025445593081648628,-0.017946629897035573,50.333333333333336,67.8,17.466666666666665,244.05526244550103,211.77830331335568,310.8567908932414,273.55344379346616,1170,1173
cohface,transformer,cohface_32,10,60,0|1|2|3|4,0.7609124612304581,0.3457042412691712,0.676250798736432,0.15677314087632288,0.3457042412691712,0.323749201263568,25.280945595469618,26.936631862045225,1.1525739326557178,12.906398960408989,0.3357866648812666,0.36058060585102814,61.0,65.9,9.900000000000002,71.04716562025854,230.42087331392204,71.75315220591472,316.16456011034415,565,748
cohface,transformer,cohface_33,10,60,0|1|2|3|4,0.6803020764749889,-0.021342643283114325,0.7929520932805224,0.24617679793266822,0.0,0.2070479067194776,0.22425151226363751,14.407827590461997,1.4303085553528017,12.141472060168734,-0.022891281757709422,-0.019019685571221683,77.5,63.8,16.900000000000002,79.25421030903391,227.65417498831948,89.03008811153273,298.5789302569105,705,783
cohface,transformer,cohface_34,20,120,0|1|2|3|4,0.7256784147083335,-0.012737214682548455,0.7640219131277749,0.19585064461888657,0.0,0.2359780868722251,0.21266195203165783,13.243851345013875,1.4261681977344458,14.053269209382238,-0.01697786411455862,-0.006376240534533208,61.5,65.4,8.9,201.14364742788007,212.7678288102968,245.45875417267155,278.1720485703106,1270,1533
cohface,transformer,cohface_35,20,120,0|1|2|3|4,0.6102958997401122,0.03332320592622834,0.7477187022566076,0.3238195016068517,0.03332320592622834,0.25228129774339236,12.96775899090727,19.69988397607531,1.390878586321956,12.537783169794938,0.03272837905551852,0.03421544623229306,85.25,62.4,22.850000000000005,70.10869231315772,217.90279817416368,74.27616813313925,291.7766519570843,1595,1542
cohface,transformer,cohface_36,20,120,0|1|2|3|4,0.7348746561682465,-0.001651587384817717,0.6664054423404747,0.1856512438818292,0.0,0.3335945576595253,0.2272827303761801,15.301785587056727,1.4148236855289684,14.273106619893776,-0.0008630305668865952,-0.0028344226117143997,89.75,65.95,24.7,114.85768491781074,223.71671850724636,102.41475504673164,304.51387672373556,1680,1552
cohface,transformer,cohface_37,10,60,0|1|2|3|4,0.5638027774981084,0.6343011643633293,0.6753197911947796,0.375384261767866,0.6343011643633293,0.3246802088052204,44.07103932750467,45.980208700050326,0.8623504095427315,11.266803819921464,0.6281758855807413,0.6434890825372112,62.5,61.7,3.800000000000001,174.65077932614258,231.70787690951295,193.54331916509702,292.6998845068403,670,721
cohface,transformer,cohface_38,15,80,0|1|2|3|4,0.8340366640683591,0.10140937527853686,0.7097463037757724,0.07567228553528971,0.10140937527853686,0.2902536962242276,11.818845329445995,13.896904686124184,1.3494421306970423,14.564779541006857,0.08950296794991337,0.1192689862714721,62.625,60.975,8.1,242.81442545459527,225.15755412137344,224.82734993346892,293.45033878086406,925,1057
cohface,transformer,cohface_39,20,120,0|1|2|3|4,0.7637499086484076,0.013863172227782813,0.766056487758203,0.1536261744322437,0.013863172227782813,0.233943512241797,6.924695636161871,12.129438305795919,1.4083391245142123,13.049551224077376,0.008290455181270865,0.022222247797550734,63.0,63.95,8.950000000000001,200.90669780468968,209.06539142905726,210.9884571066817,272.4101232022428,1360,1577
cohface,transformer,cohface_4,15,90,0|1|2|3|4,0.7997608042004133,-0.050953489872610946,0.7617962477910114,0.11368708015810369,0.0,0.2382037522089886,0.17383163570785018,10.218359311153604,1.4507458619147162,13.709964870288694,-0.05233177793133628,-0.048886057784522936,56.0,65.26666666666667,9.933333333333334,240.69747393611823,216.4992621138633,287.75744616966387,298.79649047973214,1240,1155
cohface,transformer,cohface_40,20,120,0|1|2|3|4,0.8417441617615017,0.207718955841104,0.7965454033235713,0.06712402611920332,0.207718955841104,0.20345459667642873,13.528500897549925,15.392976740422244,1.2638458536141643,10.271069575591852,0.2013468291511422,0.21727714587604674,61.5,65.9,7.800000000000001,105.75958336644929,211.95089473483864,116.29441192036033,280.2589056578613,1145,1596
cohface,transformer,cohface_5,20,120,0|1|2|3|4,0.6873885700769605,0.04203064846106316,0.7102868547323373,0.23831728397991203,0.04203064846106316,0.2897131452676627,13.054572724922664,17.755876098228136,1.3834610809473025,9.511996570913087,0.043017718752060626,0.040550043024566954,74.0,66.7,12.000000000000002,84.93386055396519,206.34112183707364,82.69186576702462,278.53489588071574,1385,1589
cohface,transformer,cohface_6,10,60,0|1|2|3|4,0.7262308311556129,0.036922817180680106,0.7976417207703533,0.19523796858769438,0.036922817180680106,0.20235827922964666,10.549391523110867,13.764986447055211,1.3901706830409564,10.822443813248599,0.03371273600672042,0.041737938941619625,62.5,64.3,9.400000000000002,91.74576426085903,219.83032208140298,96.41637052313449,286.1847469759865,575,762
cohface,transformer,cohface_7,15,90,0|1|2|3|4,0.6740071416928951,-0.04746653212582924,0.7114170492890993,0.2531584069667596,0.0,0.2885829507109007,0.24622933956575743,16.708014029026003,1.4481892750778422,13.623752557271247,-0.04862608822524301,-0.0457271979767086,61.0,63.93333333333333,10.533333333333335,214.91952754240486,214.37284183336473,239.11435689994784,293.9212458068274,1015,1119
cohface,transformer,cohface_8,10,60,0|1|2|3|4,0.5657946987726171,0.0966186100311448,0.7174003923815474,0.3731750545168444,0.0966186100311448,0.2825996076184526,20.972872178128835,24.68225261101091,1.344760887049826,13.319286322347903,0.09580907833048279,0.09783290758213783,73.5,61.8,12.700000000000008,110.49702608013578,215.6068652864858,140.7885953173358,280.28775301428345,690,795
cohface,transformer,cohface_9,10,60,0|1|2|3|4,0.6190948007279656,0.15141206049422323,0.7593119884517018,0.31406078467754917,0.15141206049422323,0.24068801154829822,22.35135892464319,23.47243198264892,1.3074242524415518,12.717430590185243,0.14532091206382453,0.16054878313982127,72.50000000000001,61.8,12.500000000000007,59.564396694294956,214.32647986993948,63.916866738432525,284.73044897135344,675,753
