dataset,model,participant,n_recordings,n_chunks,folds,BWMD,SRE,WCR,EDD,s_BWMD,s_SRE,s_WCR,s_EDD,RPFI,RPFI_alt_agg,RMSE,PSNR_dB,SNR_ref_dB,g_SNR,cri,si,CCC,Spearman,HR_label_bpm,HR_pred_bpm,HR_MAE_bpm,PRV_sdnn_label_ms,PRV_sdnn_pred_ms,PRV_rmssd_label_ms,PRV_rmssd_pred_ms,PRV_n_rr_label,PRV_n_rr_pred
cohface,bilstm,cohface_1,4,24,3,0.8661969224215559,1.3503644246459803,0.08355604093479754,0.8806899660728128,0.04000386989163918,0.7749392625590033,0.08355604093479754,0.1193100339271872,11.23085667389841,21.591783254516912,1.3503644246459803,9.52970492037968,6.820234424397762,1.0,0.02145236809010005,0.0002801891060617723,0.08825796032526553,0.07650316184909556,84.25000000000001,64.0,20.250000000000007,76.85986732078152,159.75874149371884,80.10232364020237,190.18720033475225,317,246
cohface,bilstm,cohface_10,4,24,2,0.838261531245117,1.4148575959233565,0.00031376658591699216,0.888282671558234,0.07098655456743386,0.7641904006794406,0.00031376658591699216,0.11171732844176596,2.4580983816173174,19.657164217024654,1.4148575959233565,11.046280526748324,6.530714273726059,1.0,0.028450837522032982,0.00020977070201172395,-0.000911008371010135,0.002150929021307683,83.0,62.0,21.000000000000004,63.71496967407452,155.862319539305,58.2643702626679,199.16684260353313,309,242
cohface,bilstm,cohface_11,2,12,0,0.48721282120767806,1.2477347055122825,0.23490296402922212,0.8366215899010264,0.4603289274821123,0.7920442157479529,0.23490296402922212,0.16337841009897358,34.085984927868125,39.96540926227856,1.2477347055122825,15.045429411351268,6.901758286702439,1.0,0.019806141768338982,0.0003039808839152193,0.22157905233008876,0.25488883157792214,66.5,63.0,3.5000000000000013,100.94764483258228,162.50709781591445,98.49789267992142,199.29833814211023,121,128
cohface,bilstm,cohface_12,3,19,2,0.7319318967089147,1.244519353204014,0.23857468102777912,0.8736775178532766,0.18891501018563128,0.792580107799331,0.23857468102777912,0.12632248214672337,24.904166380781305,31.202742535323402,1.244519353204014,14.194122930702628,6.556069537929629,1.0,0.02775830009716999,0.0002151563377931564,0.22558578975033128,0.25805801794395083,54.31578947368421,62.8421052631579,8.526315789473685,264.2085307432085,160.5626474783924,269.25824035672525,185.10268982472084,216,192
cohface,bilstm,cohface_13,4,24,4,0.47393176176475915,1.3960513910606631,0.02745970015543015,0.8970271086143531,0.47505873292072365,0.7673247681565561,0.02745970015543015,0.10297289138564691,16.374700069322543,32.48150618312868,1.3960513910606631,14.273379375739637,5.660207027418583,1.0,0.0653626848987732,8.784990485725971e-05,0.025520256758793734,0.030368865250384774,66.5,60.0,7.000000000000003,87.52782664453231,166.8639960416114,96.6942386326784,179.93211389537925,247,245
cohface,bilstm,cohface_14,2,12,2,0.8497445672088793,1.228289534402027,0.25663248604954947,0.8665425177286298,0.05825090751173334,0.7952850775996622,0.25663248604954947,0.13345748227137022,18.094952619245554,28.02135300425913,1.228289534402027,15.347863670574746,7.413557437406734,1.0,0.011967068566377366,0.0005070252684604671,0.24565240983922584,0.2731026003650348,83.0,65.0,18.00000000000001,69.86402182092215,158.9925235357011,79.00240066190922,198.67143474352554,157,130
cohface,bilstm,cohface_15,4,24,4,0.8344402339055145,1.3882632605693066,0.03895088103752528,0.9034867312734587,0.0752246928407656,0.7686227899051156,0.03895088103752528,0.09651326872654131,10.33054821422635,20.727988388981867,1.3882632605693066,10.318978526426346,6.61978603325676,1.0,0.02608951124373046,0.00022930827026448834,0.03636255967673881,0.042833363078704986,83.00000000000001,61.75,21.25000000000001,64.89267439419609,183.33593563917745,72.35806959621185,209.99693437369967,321,257
cohface,bilstm,cohface_16,4,24,1,0.6476424645319859,1.2916304457897643,0.16847494383148703,0.9374332769232688,0.28239903846163983,0.7847282590350393,0.16847494383148703,0.06256672307673117,21.949877485196307,30.472119111029215,1.2916304457897643,11.842532057739287,5.360624527999207,1.0,0.08622497507460755,6.510946786642197e-05,0.16584539575446725,0.17241926594701673,57.5,67.5,11.0,119.75309343520948,165.56186724573544,115.90604180246945,206.55413104921908,214,267
cohface,bilstm,cohface_17,2,12,4,0.852042174987745,1.0818737304262063,0.4253550747175612,0.8026895797086856,0.055702668366928054,0.8196877115956323,0.4253550747175612,0.1973104202913144,22.602057465372134,34.77169493027361,1.0818737304262063,13.055845046356305,6.304412445890647,1.0,0.03542012624800257,0.00016729449380812356,0.4147746157068424,0.44122576323363943,58.5,59.5,4.0,193.282474758559,173.64315102427096,254.44532662720331,202.5696985203381,177,128
cohface,bilstm,cohface_18,4,24,3,0.7170198419234964,1.3613710754911414,0.07558813226372947,0.8589455515415884,0.20545372583728327,0.7731048207514765,0.07558813226372947,0.14105444845841164,18.402436356562994,26.714441127228145,1.3613710754911414,13.278956583821246,5.585519792494887,1.0,0.07007617611018925,8.152818746746773e-05,0.07333439740804638,0.0789687345472541,77.75,62.0,15.75,52.82297223756275,159.22837370971237,66.85141710623621,197.23423965295635,283,247
cohface,bilstm,cohface_19,4,24,4,0.42908083643751427,1.2689833266618145,0.2065116498837622,0.872923628786587,0.5248021593884244,0.7885027788896976,0.2065116498837622,0.12707637121341298,32.40825575579873,40.25099728022781,1.2689833266618145,15.141926852343978,4.069214723006845,1.0,0.2555524508248683,1.7898329464419404e-05,0.19484065832715752,0.22401813721866914,69.5,63.25,8.250000000000007,86.53656704703857,164.83087112793064,110.62026082623001,199.74872608211695,252,248
cohface,bilstm,cohface_2,3,18,1,0.5627514013357569,1.3009739443889328,0.15736306337858041,0.918865863324589,0.37655032584436465,0.7831710092685112,0.15736306337858041,0.08113413667541103,24.68481024843333,33.30350459556679,1.3009739443889328,11.467591858712451,8.946802455498705,1.0,0.002607369994560177,0.0023448235585677188,0.15373339801055097,0.1628075614306246,70.0,68.66666666666667,6.0000000000000036,65.84252806671962,174.49869086511717,56.90901829794961,210.0401100411227,194,202
cohface,bilstm,cohface_20,4,24,2,0.7513218573989517,1.350170139671532,0.08816810882659545,0.9541204048624866,0.16740992245869946,0.774971643388078,0.08816810882659545,0.045879595137513385,14.484679627758787,24.084365709070678,1.350170139671532,10.007012220844121,6.960067234619492,1.0,0.01870527579685979,0.00032222675761621407,0.08852029696967799,0.08763982661197163,75.5,63.25,12.250000000000005,37.017871267117464,141.86377535783586,43.5297745209101,180.34265767810942,276,237
cohface,bilstm,cohface_21,4,24,3,0.8891030956872198,1.4199248301943734,-0.0067698719475752294,0.9012667435555037,0.014599008404761138,0.7633458616342711,0.0,0.09873325644449626,0.2659095719548856,17.67955261371818,1.4199248301943734,12.30634602457635,5.130152459720801,1.0,0.10620051902942763,5.170793794984374e-05,-0.00809326170126001,-0.00478478731704806,86.5,61.5,25.000000000000004,59.91279309264179,156.01744675018526,54.41071875825085,199.53434162662847,328,239
cohface,bilstm,cohface_22,4,24,3,0.5708365296547638,1.4491768064127704,-0.04487744726245219,0.8994996258940926,0.3675832424880232,0.7584705322645383,0.0,0.1005003741059074,0.7015005073917759,28.206915402049614,1.4491768064127704,11.507051449591742,5.6846389176611805,1.0,0.06388588644461408,9.002248289616045e-05,-0.05005670812235794,-0.03710855597259357,60.75,61.5,3.75,194.46626484653785,157.84714929787398,198.3640355464937,202.44046743954834,258,248
cohface,bilstm,cohface_23,4,24,4,0.8221577811300573,1.4114482475723589,0.003916618456488328,0.9258683601583324,0.08884695998511427,0.7647586254046068,0.003916618456488328,0.0741316398416676,5.166206360563369,19.560712658173568,1.4114482475723589,7.945908407359137,6.790830283375761,1.0,0.022078388445208593,0.0002720725426832355,0.0039069222124584755,0.003931162822533108,84.75,60.25,24.50000000000001,77.90368405311953,173.36976809447555,105.05910225195339,202.26755093727257,318,246
cohface,bilstm,cohface_24,4,24,1,0.8856787227646179,1.470801165057067,-0.07883306340629764,0.8554733596196691,0.018396924310187468,0.7548664724904889,0.0,0.14452664038033092,0.3068931361203394,18.53976998672202,1.470801165057067,13.716687361103656,4.174206693901014,1.0,0.23609544648217343,1.9879665437798723e-05,-0.08162803356661272,-0.074640608165825,92.25,65.0,27.25,81.71627850614023,170.32053557987982,98.26622003516769,197.50006620410943,344,263
cohface,bilstm,cohface_25,4,24,0,0.874285537891682,1.404579803870957,0.014942004910547391,0.8461014522700481,0.031032918993123104,0.7659033660215072,0.014942004910547391,0.15389854772995193,6.518552245898543,19.775285992139295,1.404579803870957,10.436001629006686,3.204335134540174,1.0,0.4490932184851671,7.537104994983039e-06,0.013577787278911988,0.016988331358000493,88.75,64.75,24.500000000000004,59.037548397887946,171.70531544562206,65.27212391803798,198.1354130926559,335,253
cohface,bilstm,cohface_26,4,24,3,0.8415854624548235,1.3890262509737288,0.03342076664317293,0.8435740875989952,0.06730003692019848,0.7684956248377118,0.03342076664317293,0.15642591240100479,10.509922955312193,21.52005485167548,1.3890262509737288,9.936317429069296,4.607531486539292,1.0,0.16693161632966597,3.066160996759083e-05,0.03530303705293402,0.030597361028531292,81.25,62.0,19.250000000000004,93.26292999047413,165.00498034839688,91.50127442542265,201.78993553245354,322,243
cohface,bilstm,cohface_27,4,24,1,0.510118791002393,1.366245448258858,0.0730432277259127,0.8717080334758488,0.4349242916615301,0.7722924252901904,0.0730432277259127,0.1282919665241512,22.376612119111243,33.25071341791011,1.366245448258858,14.517920962707842,4.533761482644795,1.0,0.17744400242349184,2.8481181160681404e-05,0.06668668755597607,0.08257803798081763,65.25,64.75,6.000000000000003,100.24865351275461,166.6603821619172,132.2875655532295,231.20109724744185,241,252
cohface,bilstm,cohface_28,3,18,1,0.49645474523427535,1.2788347287650328,0.19591221240229306,0.8670750295511678,0.45007886095878336,0.7868608785391612,0.19591221240229306,0.13292497044883222,30.725994084662172,37.775449180592155,1.2788347287650328,15.105879278611571,5.14669159064243,1.0,0.10464078641097539,5.257020829248823e-05,0.18229086825223245,0.21634422862738392,66.33333333333333,68.33333333333333,6.666666666666669,120.90985894074576,153.76240120497374,120.36590799403676,188.99825126982216,184,195
cohface,bilstm,cohface_29,4,28,0,0.8581425106849769,1.2891106387045344,0.1679979454900189,0.9087383186574234,0.04893688598965318,0.7851482268825776,0.1679979454900189,0.09126168134257662,13.980738553318476,24.03624310889325,1.2891106387045344,7.026836204963367,7.459340197371804,1.0,0.011437661005470797,0.000530765258532644,0.16909688058939376,0.1663495428409566,54.857142857142854,61.285714285714285,7.285714285714286,203.841235018005,172.83663917192376,261.47689333066575,200.49541814817783,390,280
cohface,bilstm,cohface_3,2,12,0,0.5080406409814776,1.2550927119567163,0.22040744173890522,0.8959208634715308,0.4372291338024672,0.7908178813405473,0.22040744173890522,0.10407913652846923,30.07936308925646,37.627037623621504,1.2550927119567163,14.323545538701612,8.145152893574929,1.0,0.005793819331093652,0.0010532223770636819,0.21237114219656764,0.23246189105241163,70.0,62.5,7.50000000000001,63.48510078477898,145.4780663406647,84.46076420241047,164.26193101866903,128,123
cohface,bilstm,cohface_30,3,18,2,0.5144729090453092,1.2134754027235792,0.26844713344246285,0.8729439524667795,0.43009521067559287,0.7977540995460701,0.26844713344246285,0.12705604753322053,33.10548009165345,39.45247326512749,1.2134754027235792,12.103263379346945,4.1967504706410885,1.0,0.23205379405424986,2.033290877745395e-05,0.26373872349242367,0.27550974836752173,59.333333333333336,63.0,6.333333333333336,219.45406718071555,146.15619512187274,248.08928927816584,170.63635740095333,194,185
cohface,bilstm,cohface_31,3,18,3,0.8131417941540839,1.385005764134734,0.04869692224992324,0.8548404143566611,0.09884644342722382,0.7691657059775443,0.04869692224992324,0.14515958564333886,13.011036490995078,22.71280680273207,1.385005764134734,12.581796216662104,3.6547037097107253,1.0,0.34193035128825855,1.1824840462748062e-05,0.040879516656780635,0.06042303063963714,50.333333333333336,62.0,11.666666666666666,244.47388241428825,148.01264365265473,310.8567908932414,178.2161785285167,234,177
cohface,bilstm,cohface_32,2,12,3,0.28113887630372164,1.0274218454882436,0.4803923910266785,0.9234611040182572,0.6888821635735889,0.8287630257519594,0.4803923910266785,0.0765388959817428,41.341366738123234,53.18427507268206,1.0274218454882436,13.904798909061991,6.879619099508027,1.0,0.020240549303535436,0.0002973269236171967,0.4722021757067658,0.49267771400654753,61.0,63.0,2.000000000000002,71.3004540016008,135.49495584142883,71.75315220591473,178.93918176081715,113,116
cohface,bilstm,cohface_33,2,12,3,0.7234189731979996,1.4365848428341745,-0.02903043547216143,0.9129296311967596,0.1983565541805582,0.7605691928609709,0.0,0.08707036880324037,0.5668077625782557,22.90348785870097,1.4365848428341745,12.10344118847554,7.463836725784656,1.0,0.011386931004918636,0.0005331559580637152,-0.03188800533044489,-0.02474408068473623,77.5,61.0,16.500000000000004,79.48032834430377,160.13231603386808,89.03008811153275,191.15976583676377,141,119
cohface,bilstm,cohface_34,4,24,0,0.5278715179154999,1.4044488967373108,0.014509710127529503,0.8939806455999891,0.4152350330930592,0.7659251838771148,0.014509710127529503,0.10601935440001087,13.058705208779568,30.33123306216018,1.4044488967373108,14.186565340638113,4.590721231956085,1.0,0.16928244884669252,3.015050398523985e-05,0.013761648226675242,0.015631802978810894,61.5,65.0,6.000000000000003,201.4614101021733,159.10398768173624,245.45875417267152,183.7873166945363,254,249
cohface,bilstm,cohface_35,4,24,4,0.9031878757059776,1.407885549406892,0.011033041512780499,0.8747252373390901,0.0,0.7653524084321847,0.011033041512780499,0.12527476266090987,0.25653911018419195,18.14353466724531,1.407885549406892,12.432220560366636,4.686573097258929,1.0,0.1562270429778493,3.318342390426665e-05,0.008929139885626818,0.014188893953511023,85.25,60.0,25.25000000000001,70.19682395362624,163.00515811563866,74.27616813313924,186.89367373728535,319,236
cohface,bilstm,cohface_36,4,24,0,0.9259746309228456,1.4644847191452852,-0.0074426877527412,0.8100396384866624,0.0,0.7559192134757858,0.0,0.18996036151333762,0.017038355456120858,18.917591499782468,1.4207671277623877,14.236695048331608,2.911594025786128,1.0307704130597037,0.5220871100622186,5.6243138555844075e-06,-0.009289615665092513,-0.00467229588421423,89.75,62.25,28.0,114.99474664308876,162.97608204734237,102.41475504673164,192.69931894777358,336,242
cohface,bilstm,cohface_37,2,12,2,0.5607107428834303,0.8037045420219429,0.6760965916078525,0.8294888698178572,0.378813586700821,0.8660492429963429,0.6760965916078525,0.1705111301821428,45.33037919527348,52.37851281282991,0.8037045420219429,11.878550845244277,8.186627041147386,1.0,0.005559749069366539,0.001097773396900668,0.6770295045666498,0.6746972221696566,62.5,61.5,5.0000000000000036,175.17525732160487,149.1043498934124,193.54331916509696,190.5421378758681,134,123
cohface,bilstm,cohface_38,3,16,1,0.6128755307510669,1.2727197817075107,0.20052429174239955,0.8684325661119981,0.3209584751158491,0.7878800363820816,0.20052429174239955,0.13156743388800185,27.90656943744229,34.03343241114913,1.2727197817075107,15.073208955439053,3.4295446472808666,1.0,0.39423507083341913,9.440847600856153e-06,0.1900921786251932,0.2161724614182091,62.625,64.125,5.250000000000002,243.34171038706262,174.7039564309808,224.82734993346892,227.7515055917737,185,163
cohface,bilstm,cohface_39,4,24,0,0.6033902500157017,1.3765298500579246,0.05936730676158998,0.8977739006031251,0.3314784445778509,0.7705783583236793,0.05936730676158998,0.10222609939687488,18.51298764937786,29.18146169459431,1.3765298500579246,13.247983442210199,6.0719547222437935,1.0,0.04427903314305244,0.00013259941579862834,0.0525827859497539,0.0695440879793441,63.0,63.0,5.500000000000003,201.20302052886046,140.7640151692418,210.9884571066817,176.90291930079292,272,248
cohface,bilstm,cohface_4,3,18,1,0.7755842711371761,1.3559132087009047,0.08862101393211293,0.9075457401251459,0.14050087688359825,0.7740144652165158,0.08862101393211293,0.09245425987485412,15.83069295038831,24.203031226298734,1.3559132087009047,14.297153850419699,6.13577395222335,1.0,0.04165549807305597,0.0001413364423040725,0.08074968523520842,0.10042800697746969,56.0,66.33333333333333,11.0,241.0869523040225,156.13703116643708,287.75744616966387,188.02955522035268,248,194
cohface,bilstm,cohface_40,4,24,1,0.49577436159078486,1.1681376701564605,0.3228829304437181,0.9260901909612316,0.45083346331074947,0.8053103883072565,0.3228829304437181,0.07390980903876843,31.904463460130923,40.795895759554526,1.1681376701564605,10.95507114867802,7.799090644462554,1.0,0.008169936537988361,0.0007453512421684602,0.3177271917807183,0.33061653843821776,61.5,65.75,5.750000000000003,105.9449640229461,155.9179322798558,116.29441192036032,190.91651328328768,229,250
cohface,bilstm,cohface_5,4,24,2,0.735432538137052,1.3364716285502933,0.10393714608376325,0.8706351509797757,0.18503250613025657,0.7772547285749511,0.10393714608376325,0.12936484902022427,19.305523264596765,26.801481118324105,1.3364716285502933,9.812140621071855,9.268535147395717,1.0,0.001891418208196042,0.003231845535072691,0.1069217930400633,0.09946017564931318,74.0,63.75,10.750000000000005,85.05686403702961,140.30229416610084,82.69186576702462,153.67989953386015,277,241
cohface,bilstm,cohface_6,2,12,4,0.47769330196381693,1.4127172081017885,1.8714262858276348e-05,0.9410381160688569,0.4708868703129422,0.7645471319830353,1.8714262858276348e-05,0.0589618839311431,1.6380302394101116,30.597347855557583,1.4127172081017885,10.682701618671754,8.675272021915363,1.0,0.0034180130042084913,0.0017882499322811466,0.0021150449665440943,-0.0031257817926704503,62.5,58.0,5.5,92.06711643306208,175.339292264719,96.41637052313449,195.85158446449918,115,114
cohface,bilstm,cohface_7,3,18,0,0.6540262042718241,1.3909309685743971,0.038628653687559425,0.8594148187588955,0.2753189373038454,0.7681781719042672,0.038628653687559425,0.14058518124110453,16.394719795746717,27.593694792649583,1.3909309685743971,13.974147562084374,4.527927311237892,1.0,0.17829714731410432,2.831550553287702e-05,0.032655520330344905,0.0475883537233812,61.0,60.666666666666664,3.6666666666666683,215.344690228069,151.6501620183716,239.1143568999478,184.15494421345537,203,179
cohface,bilstm,cohface_8,2,12,4,0.6309799327186243,1.271521161787353,0.19467807007070176,0.8670862937017519,0.30087917950613663,0.7880798063687745,0.19467807007070176,0.13291370629824806,27.18571402250733,33.2865877406456,1.271521161787353,13.805715852058286,6.025094346253338,1.0,0.046304983261131756,0.0001265298648845026,0.1916169675634701,0.19926972383154926,73.5,61.0,12.500000000000009,110.8191755277791,168.8396509445943,140.7885953173358,203.8972144833618,138,120
cohface,bilstm,cohface_9,2,12,2,0.6746802825884998,1.2790831522186084,0.18596425059029897,0.9113765747735265,0.2524118374278126,0.7868194746302319,0.18596425059029897,0.08862342522647348,23.45019622546278,30.660140637677458,1.2790831522186084,12.907785754703248,7.540516032313359,1.0,0.010555297294105375,0.0005756217740684915,0.1819731448552542,0.19195090919286617,72.50000000000001,61.5,11.000000000000012,59.74193627340819,140.0917555408867,63.916866738432525,158.7150786487416,135,117
cohface,bimamba,cohface_1,4,24,3,0.6996270709667117,1.3252366377346283,0.11837511432894815,0.8168255758291598,0.22474376315191646,0.7791272270442287,0.11837511432894815,0.18317442417084018,22.82333270734837,29.539599348727318,1.3252366377346283,9.692856000029574,6.820234424397762,1.0,0.02145236809010005,0.0002801891060617723,0.12187392700290851,0.11312689531800758,84.25000000000001,69.75,15.000000000000005,76.85986732078152,204.15662533278083,80.10232364020237,262.1695571807085,317,316
cohface,bimamba,cohface_10,4,24,2,0.5606716742796226,1.3615156619823345,0.072300855888212,0.8173128362319928,0.37885691704922564,0.7730807230029443,0.072300855888212,0.1826871637680072,22.975881005000648,32.65009092354216,1.3615156619823345,11.38008231051679,6.530714273726059,1.0,0.028450837522032982,0.00020977070201172395,0.07313755108840272,0.0710458130879259,83.0,65.75,17.250000000000004,63.71496967407452,205.9980629250499,58.2643702626679,263.7973485384005,309,316
cohface,bimamba,cohface_11,2,12,0,0.8661580902414245,1.280579654431086,0.18765977314316368,0.7823846881165358,0.0400469380264179,0.786570057594819,0.18765977314316368,0.21761531188346417,16.198228566389822,26.914908724653113,1.280579654431086,14.81974256148436,6.901758286702439,1.0,0.019806141768338982,0.0003039808839152193,0.18005787432858053,0.19906262136503844,66.5,73.0,9.500000000000005,100.94764483258228,189.100546335544,98.49789267992142,247.63209818388933,121,169
cohface,bimamba,cohface_12,3,19,2,0.7873792918907784,1.2474174176274093,0.23032826703693537,0.790041162013499,0.12741921260887223,0.7920970970620984,0.23032826703693537,0.20995883798650095,24.2357890407687,30.773543090346212,1.2474174176274093,14.173919946911955,6.556069537929629,1.0,0.02775830009716999,0.0002151563377931564,0.22197489309988266,0.24285832794251438,54.31578947368421,66.63157894736842,12.947368421052635,264.2085307432085,195.27690014203847,269.25824035672525,241.44857380631478,216,251
cohface,bimamba,cohface_13,4,24,4,0.8317122696928286,1.3734003938903148,0.06106277191212725,0.856482196301524,0.0782502332555991,0.7710999343516142,0.06106277191212725,0.143517803698476,12.959311704611387,22.471744916033597,1.3734003938903148,14.415464137681862,5.660207027418583,1.0,0.0653626848987732,8.784990485725971e-05,0.05688567903096408,0.06732841123387201,66.5,64.75,6.2500000000000036,87.52782664453231,205.5377660188883,96.6942386326784,264.5257408945657,247,311
cohface,bimamba,cohface_14,2,12,2,0.47463182177128854,1.2231509479879419,0.2576997238032896,0.7977472141489904,0.47428230783687775,0.7961415086686764,0.2576997238032896,0.2022527858510096,36.942154408979086,41.92734683959874,1.2231509479879419,15.384277575117508,7.413557437406734,1.0,0.011967068566377366,0.0005070252684604671,0.25195087921809944,0.2663229906810748,83.0,77.0,7.000000000000003,69.86402182092215,156.61429555297718,79.00240066190922,192.0509350246326,157,158
cohface,bimamba,cohface_15,4,24,4,0.5579850888533094,1.389002288391371,0.03717203295593531,0.8740282343933432,0.3818365649300204,0.7684996186014381,0.03717203295593531,0.1259717656066568,17.490874469988434,30.45968562074057,1.389002288391371,10.314355911742759,6.61978603325676,1.0,0.02608951124373046,0.00022930827026448834,0.03533632142176718,0.039925600257187506,83.00000000000001,65.25,18.75000000000001,64.89267439419609,204.31228546556616,72.35806959621185,266.1823445319777,321,320
cohface,bimamba,cohface_16,4,24,1,0.787778367077153,1.2623001512176708,0.20354138039618253,0.8814857539100359,0.1269766048578912,0.7896166414637216,0.20354138039618253,0.11851424608996408,20.794586938316677,28.07815730869593,1.2623001512176708,12.042044842501678,5.360624527999207,1.0,0.08622497507460755,6.510946786642197e-05,0.20329916411792273,0.2039047048135722,57.5,69.75,13.25,119.75309343520948,177.27980410860317,115.90604180246945,230.8663173907711,214,293
cohface,bimamba,cohface_17,2,12,4,0.7668518352939385,1.1417262928866845,0.35706567686981233,0.7732547335136551,0.15018587840993536,0.8097122845188859,0.35706567686981233,0.22674526648634485,29.62012949554172,35.94669767849704,1.1417262928866845,12.58813650660728,6.304412445890647,1.0,0.03542012624800257,0.00016729449380812356,0.34823053606561455,0.370318388076109,58.5,62.5,6.000000000000001,193.282474758559,198.96117869633147,254.44532662720331,263.86394790978153,177,165
cohface,bimamba,cohface_18,4,24,3,0.7326905788547963,1.307467247034339,0.14849952264972982,0.7820665198877657,0.18807356824746257,0.7820887921609435,0.14849952264972982,0.21793348011223435,23.99561304373835,30.09763817237933,1.307467247034339,13.62987059959343,5.585519792494887,1.0,0.07007617611018925,8.152818746746773e-05,0.1452646989662234,0.1533517581749895,77.75,69.25,10.0,52.82297223756275,199.16528988431708,66.85141710623621,249.37632643968473,283,321
cohface,bimamba,cohface_19,4,24,4,0.8213441582505329,1.2168256608619832,0.27063705394692184,0.8325906158917057,0.08974933579084765,0.7971957231896695,0.27063705394692184,0.1674093841082943,21.912629810873838,30.10369383809236,1.2168256608619832,15.50647797591668,4.069214723006845,1.0,0.2555524508248683,1.7898329464419404e-05,0.259667655533899,0.2870911515664562,69.5,68.5,4.500000000000004,86.53656704703857,200.92239296238333,110.62026082623001,239.68588678586033,252,320
cohface,bimamba,cohface_2,3,18,1,0.617785420994091,1.2561155545917595,0.21519748703825892,0.855629944217731,0.3155129962882365,0.7906474075680401,0.21519748703825892,0.14437005578226902,28.910015843012715,34.62166376680105,1.2561155545917595,11.772371961623122,8.946802455498705,1.0,0.002607369994560177,0.0023448235585677188,0.21108685675631803,0.2213634324611702,70.0,67.0,6.333333333333335,65.84252806671962,184.62199796624958,56.90901829794961,246.07170103707995,194,213
cohface,bimamba,cohface_20,4,24,2,0.5785623951127066,1.3483090831396485,0.08719272450518006,0.8974153494141062,0.3590146116849242,0.7752818194767253,0.08719272450518006,0.10258465058589383,21.31994639876009,30.94354948695551,1.3483090831396485,10.018992994364558,6.960067234619492,1.0,0.01870527579685979,0.00032222675761621407,0.09103130816156027,0.08143484902060975,75.5,69.5,8.999999999999998,37.017871267117464,196.14166450667338,43.5297745209101,244.0061619963697,276,306
cohface,bimamba,cohface_21,4,24,3,0.6604738020608946,1.4148577797070605,-0.0019636121424399067,0.8465444655012282,0.2681680122298623,0.7641903700488233,0.0,0.1534555344987718,0.6955989459254402,26.39795845784777,1.4148577797070605,12.337397356725972,5.130152459720801,1.0,0.10620051902942763,5.170793794984374e-05,-0.0009112683987966108,-0.003542127757904851,86.5,62.0,25.0,59.91279309264179,208.44644919631176,54.41071875825085,253.57380437872717,328,331
cohface,bimamba,cohface_22,4,24,3,0.7196539681291986,1.473195095841856,-0.08489296684605022,0.8611245556662233,0.20253225961860544,0.7544674840263573,0.0,0.13887544433377674,0.6251747947396122,23.942826355760843,1.473195095841856,11.36427365419502,5.6846389176611805,1.0,0.06388588644461408,9.002248289616045e-05,-0.08515189520624765,-0.08450457430575409,60.75,64.75,7.000000000000003,194.46626484653785,207.8162235493374,198.3640355464937,275.1858875874137,258,299
cohface,bimamba,cohface_23,4,24,4,0.5811065449120759,1.4010854305305018,0.017055943021480627,0.8879049389967996,0.35619293682438646,0.7664857615782497,0.017055943021480627,0.11209506100320044,13.239952463391727,28.769082847005013,1.4010854305305018,8.009915244457492,6.790830283375761,1.0,0.022078388445208593,0.0002720725426832355,0.01847980817757925,0.014920145287332695,84.75,65.25,20.000000000000004,77.90368405311953,215.38273799439625,105.05910225195339,283.6532807380683,318,318
cohface,bimamba,cohface_24,4,24,1,0.8394671597742714,1.4702112110639671,-0.08121533512474449,0.8131604921905147,0.06964941171809957,0.7549647981560055,0.0,0.18683950780948533,0.481675236317083,20.925568470852802,1.4702112110639671,13.72017206275669,4.174206693901014,1.0,0.23609544648217343,1.9879665437798723e-05,-0.08076050256908852,-0.08189758395822846,92.25,65.75,27.0,81.71627850614023,193.86043781587318,98.26622003516769,246.78541655676298,344,287
cohface,bimamba,cohface_25,4,24,0,0.5154766139161262,1.3413471581945642,0.10072969055603384,0.7807613547134855,0.428982018047515,0.776442140300906,0.10072969055603384,0.2192386452865145,27.34539605928631,35.804966969854874,1.3413471581945642,10.836106149231794,3.204335134540174,1.0,0.4490932184851671,7.537104994983039e-06,0.10039390060168328,0.10123337548755969,88.75,70.25,18.5,59.037548397887946,193.68279498516648,65.27212391803798,258.1988897471611,335,333
cohface,bimamba,cohface_26,4,24,3,0.6510293512546464,1.3807997905499398,0.04739978067370566,0.7842691168280649,0.27864269788641527,0.76986670157501,0.04739978067370566,0.21573088317193512,19.068334905068077,29.493226051742532,1.3807997905499398,9.987912248659667,4.607531486539292,1.0,0.16693161632966597,3.066160996759083e-05,0.04669596920862119,0.04845549787133237,81.25,66.25,17.000000000000004,93.26292999047413,203.93792369010401,91.50127442542265,258.2472975011871,322,324
cohface,bimamba,cohface_27,4,24,1,0.685290704482389,1.342786540950778,0.10104071485133201,0.8487015800975255,0.24064399234058198,0.7762022431748703,0.10104071485133201,0.1512984199024745,21.366003118077057,28.800554477304317,1.342786540950778,14.668355932924356,4.533761482644795,1.0,0.17744400242349184,2.8481181160681404e-05,0.09846215272072238,0.10490855804724644,65.25,66.75,7.000000000000004,100.24865351275461,189.54452117134088,132.2875655532295,241.99000042428102,241,286
cohface,bimamba,cohface_28,3,18,1,0.6137517921031876,1.302049380215875,0.16200844432410072,0.820099147927948,0.3199866280063932,0.7829917699640209,0.16200844432410072,0.17990085207205198,27.80730676697446,33.717704610636275,1.302049380215875,14.949618609570015,5.14669159064243,1.0,0.10464078641097539,5.257020829248823e-05,0.15233370573972796,0.1765205522006599,66.33333333333333,64.0,7.666666666666667,120.90985894074576,197.19855855526993,120.36590799403676,248.2581808366677,184,211
cohface,bimamba,cohface_29,4,28,0,0.732678180615233,1.306460983390399,0.1466066985603136,0.857569440510189,0.18808731893183617,0.7822565027682669,0.1466066985603136,0.14243055948981098,21.955557608613038,28.534561769926047,1.306460983390399,6.9107111691022185,7.459340197371804,1.0,0.011437661005470797,0.000530765258532644,0.14657984943929578,0.1466469722418404,54.857142857142854,66.0,11.571428571428573,203.841235018005,214.37531594368198,261.47689333066575,267.04335733384676,390,390
cohface,bimamba,cohface_3,2,12,0,0.7856769665290856,1.297374656434787,0.1670551224760735,0.8199693636603618,0.1293072337775688,0.7837708905942021,0.1670551224760735,0.18003063633963823,21.392024864484057,28.166901226286072,1.297374656434787,14.035753494323771,8.145152893574929,1.0,0.005793819331093652,0.0010532223770636819,0.15840950042035912,0.18002355555964503,70.0,68.0,5.0000000000000036,63.48510078477898,222.10509022935705,84.46076420241047,266.9577632668154,128,164
cohface,bimamba,cohface_30,3,18,2,0.6982776131899004,1.225917309047486,0.2487438033664518,0.7919490172526232,0.2262404246634082,0.7956804484920856,0.2487438033664518,0.20805098274737677,29.435975650272667,34.324155465685045,1.225917309047486,12.014659390477625,4.1967504706410885,1.0,0.23205379405424986,2.033290877745395e-05,0.24856337568888512,0.2490144448828018,59.333333333333336,71.0,14.33333333333334,219.45406718071555,196.51491644165296,248.08928927816584,251.83657197908155,194,235
cohface,bimamba,cohface_31,3,18,3,0.7477517030967014,1.3674392627606464,0.06785594414975371,0.8008390552888296,0.17136952210389256,0.7720934562065589,0.06785594414975371,0.1991609447111704,18.073041874971196,26.601852005963977,1.3674392627606464,12.6926669243049,3.6547037097107253,1.0,0.34193035128825855,1.1824840462748062e-05,0.06505493133030987,0.0720574633789195,50.333333333333336,67.33333333333333,17.000000000000007,244.47388241428825,195.30775021502208,310.8567908932414,223.7870531583325,234,235
cohface,bimamba,cohface_32,2,12,3,0.695628721036098,1.0442835234068568,0.4606411142874858,0.848652487185152,0.22917826755320703,0.8259527460988572,0.4606411142874858,0.15134751281484804,33.60833031930511,40.24058663349489,1.0442835234068568,13.763406305811632,6.879619099508027,1.0,0.020240549303535436,0.0002973269236171967,0.4547359613704805,0.46949884366299366,61.0,64.0,5.000000000000004,71.3004540016008,228.2051474754694,71.75315220591473,284.80368446726845,113,149
cohface,bimamba,cohface_33,2,12,3,0.696816240144253,1.4012298374971073,0.021331871357451224,0.8537465469037537,0.2278612095660083,0.7664616937504821,0.021331871357451224,0.14625345309624627,13.059577379600155,25.730095364638352,1.4012298374971073,12.319879257127145,7.463836725784656,1.0,0.011386931004918636,0.0005331559580637152,0.018277471253915063,0.02591347151275547,77.5,72.5,19.0,79.48032834430377,198.73965993764605,89.03008811153275,242.1207322382613,141,159
cohface,bimamba,cohface_34,4,24,0,0.7868230735579612,1.365770762425009,0.061912844283437525,0.8387809747275675,0.1280361052490263,0.7723715395958318,0.061912844283437525,0.16121902527243248,15.44480658313058,24.370279783339203,1.365770762425009,14.429127938777299,4.590721231956085,1.0,0.16928244884669252,3.015050398523985e-05,0.0673351122525046,0.053779442329836905,61.5,70.5,10.500000000000002,201.4614101021733,190.38440998399707,245.45875417267152,247.66769210836873,254,332
cohface,bimamba,cohface_35,4,24,4,0.5733957875334487,1.3889784772125464,0.03782060811524451,0.8331644563619541,0.3647448115042391,0.7685035871312422,0.03782060811524451,0.16683554363804587,18.344343966813696,30.783745203970277,1.3889784772125464,12.549657262755623,4.686573097258929,1.0,0.1562270429778493,3.318342390426665e-05,0.035369394920157865,0.04149742790787447,85.25,64.25,21.000000000000004,70.19682395362624,207.27213261822803,74.27616813313924,257.4933337028523,319,308
cohface,bimamba,cohface_36,4,24,0,0.6876842068796748,1.4588969450100047,-0.0017379903989839587,0.752902516987832,0.2379893980455714,0.7568505091649992,0.0,0.24709748301216805,0.7367887210816785,27.218641784910485,1.4153461590728673,14.269899640919476,2.911594025786128,1.0307704130597037,0.5220871100622186,5.6243138555844075e-06,-0.001602375001159217,-0.0019414134957210715,89.75,67.75,24.0,114.99474664308876,193.84010450932394,102.41475504673164,239.26797503970045,336,323
cohface,bimamba,cohface_37,2,12,2,0.5363252979555942,1.1122695273811887,0.3718955354819671,0.8415639537333022,0.4058590841526456,0.8146217454364686,0.3718955354819671,0.15843604626669783,37.653111448674586,42.79379442310171,1.1122695273811887,9.056278516845019,8.186627041147386,1.0,0.005559749069366539,0.001097773396900668,0.38142824922961355,0.3575964648604974,62.5,64.0,6.5000000000000036,175.17525732160487,174.49091750567078,193.54331916509696,215.5922076513898,134,137
cohface,bimamba,cohface_38,3,16,1,0.6308495415545328,1.243432963050425,0.23195876470469926,0.8263614246407224,0.30102379420997394,0.7927611728249292,0.23195876470469926,0.17363857535927762,30.266430210868627,35.317471731124336,1.243432963050425,15.275417318136437,3.4295446472808666,1.0,0.39423507083341913,9.440847600856153e-06,0.22693723319982026,0.23949106196201775,62.625,65.25,5.6250000000000036,243.34171038706262,193.13256108860872,224.82734993346892,235.1264152274784,185,183
cohface,bimamba,cohface_39,4,24,0,0.7416327466068527,1.3991601918766765,0.026175206123532233,0.854300984136648,0.17815595649718585,0.7668066346872205,0.026175206123532233,0.145699015863352,12.889487013942723,24.380047889632994,1.3991601918766765,13.106347305554177,6.0719547222437935,1.0,0.04427903314305244,0.00013259941579862834,0.02117537873381103,0.03367494720811403,63.0,68.75,8.250000000000005,201.20302052886046,200.73406716650862,210.9884571066817,251.56699540531457,272,323
cohface,bimamba,cohface_4,3,18,1,0.7981831404259202,1.3346863823351962,0.11846947141804012,0.8616713228165731,0.1154368412028236,0.7775522696108006,0.11846947141804012,0.1383286771834269,17.66499947870289,25.33480831451046,1.3346863823351962,14.434207090969117,6.13577395222335,1.0,0.04165549807305597,0.0001413364423040725,0.10930613040449333,0.1322144829383603,56.0,64.33333333333333,9.0,241.0869523040225,209.89091657311752,287.75744616966387,269.1115988425228,248,208
cohface,bimamba,cohface_40,4,24,1,0.7144400145449357,1.1654307379818722,0.32635326269244813,0.8921594203373814,0.20831497011638056,0.805761543669688,0.32635326269244813,0.10784057966261862,27.38547523172747,34.312089450910996,1.1654307379818722,10.975222368235261,7.799090644462554,1.0,0.008169936537988361,0.0007453512421684602,0.32088559748351425,0.334554760505849,61.5,67.75,6.7500000000000036,105.9449640229461,194.58185274798657,116.29441192036032,239.64843531519168,229,279
cohface,bimamba,cohface_5,4,24,2,0.6683913163108945,1.3585190152005777,0.07243731714274623,0.7987156309899569,0.2593868268913604,0.773580164133237,0.07243731714274623,0.2012843690100431,20.92358786924293,29.452014983888798,1.3585190152005777,9.67002106303101,9.268535147395717,1.0,0.001891418208196042,0.003231845535072691,0.0772130426692261,0.06527372885302642,74.0,67.0,10.000000000000005,85.05686403702961,200.2356233435468,82.69186576702462,257.77478877232875,277,302
cohface,bimamba,cohface_6,2,12,4,0.7734707899721447,1.4270466256710455,-0.017294453905178014,0.9030913637885045,0.1428449042176284,0.7621588957214924,0.0,0.09690863621149548,0.524977906429139,21.466697765188613,1.4270466256710455,10.59504306447387,8.675272021915363,1.0,0.0034180130042084913,0.0017882499322811466,-0.018231035919558162,-0.01588958088360779,62.5,68.5,9.000000000000004,92.06711643306208,199.53384358739055,96.41637052313449,271.9475674685376,115,158
cohface,bimamba,cohface_7,3,18,0,0.7773899129825714,1.4147003105726592,0.0006631078166360114,0.8036235491755992,0.13849826909550722,0.7642166149045568,0.0006631078166360114,0.1963764508244008,4.208910824936571,23.38670262194345,1.4147003105726592,13.826970117480304,4.527927311237892,1.0,0.17829714731410432,2.831550553287702e-05,-0.0006884843671890942,0.0026904960923736696,61.0,66.0,8.333333333333336,215.344690228069,208.81011642975963,239.1143568999478,262.85149626910834,203,249
cohface,bimamba,cohface_8,2,12,4,0.6895218331604106,1.2711347429518824,0.1910122305065447,0.8249949287496167,0.23595131684425963,0.7881442095080196,0.1910122305065447,0.17500507125038334,26.5519449524385,32.07189203569219,1.2711347429518824,13.808355919382027,6.025094346253338,1.0,0.046304983261131756,0.0001265298648845026,0.192108232630326,0.18936822732087275,73.5,72.0,11.500000000000005,110.8191755277791,200.1064520456712,140.7885953173358,235.17253761649044,138,159
cohface,bimamba,cohface_9,2,12,2,0.7467815117887003,1.2384634302998097,0.23678182053594624,0.838762051391879,0.17244554538851886,0.7935894282833651,0.23678182053594624,0.16123794860812102,25.392924899885784,31.373368515563676,1.2384634302998097,13.188097582875688,7.540516032313359,1.0,0.010555297294105375,0.0005756217740684915,0.2331041659050143,0.24229830248234419,72.50000000000001,67.0,8.500000000000009,59.74193627340819,205.48787818336913,63.916866738432525,259.04857533590416,135,158
cohface,bimamba_blend,cohface_1,4,24,3,0.6053934283491739,1.3371625015341155,0.10179251851196011,0.8242108086192836,0.32925675230716245,0.7771395830776474,0.10179251851196011,0.17578919138071636,24.247859371213245,31.990053613740947,1.3371625015341155,9.615040898533485,6.820234424397762,1.0,0.02145236809010005,0.0002801891060617723,0.10599822224551332,0.09548396291163032,84.25000000000001,68.0,16.250000000000004,76.85986732078152,198.82963216464276,80.10232364020237,263.80606432751256,317,307
cohface,bimamba_blend,cohface_10,4,24,2,0.5873685338359177,1.3477132352989207,0.09148723659167224,0.8020799954987192,0.3492478675019156,0.7753811274501798,0.09148723659167224,0.19792000450128078,24.465227889778816,32.68807576183685,1.3477132352989207,11.468585273303873,6.530714273726059,1.0,0.028450837522032982,0.00020977070201172395,0.09183451770005804,0.09096631492909353,83.0,65.5,17.500000000000004,63.71496967407452,197.50470973597814,58.2643702626679,238.4278215455498,309,300
cohface,bimamba_blend,cohface_11,2,12,0,0.8174478115092213,1.291611670688609,0.17077833230488867,0.8213117244881293,0.09407071012604706,0.7847313882185651,0.17077833230488867,0.17868827551187072,19.549226280272602,27.213864547536794,1.291611670688609,14.745235301991272,6.901758286702439,1.0,0.019806141768338982,0.0003039808839152193,0.16586964607049018,0.17814136165648642,66.5,77.5,13.000000000000005,100.94764483258228,182.72132817505366,98.49789267992142,252.62322369624886,121,158
cohface,bimamba_blend,cohface_12,3,19,2,0.7368044222300096,1.2410130016843746,0.2340628682092878,0.784152514378578,0.18351097195894728,0.7931644997192709,0.2340628682092878,0.21584748562142198,27.3275325198634,32.707454911860914,1.2410130016843746,14.21862939305078,6.556069537929629,1.0,0.02775830009716999,0.0002151563377931564,0.22994336482516922,0.24024212328546565,54.31578947368421,67.89473684210526,14.842105263157897,264.2085307432085,187.4971232873449,269.25824035672525,224.30448056157945,216,243
cohface,bimamba_blend,cohface_13,4,24,4,0.7887587965227262,1.391981821699308,0.03440131074595898,0.8838338836233531,0.1258892266226196,0.768003029716782,0.03440131074595898,0.11616611637664687,12.051956277935192,22.492099042925936,1.391981821699308,14.298736215313436,5.660207027418583,1.0,0.0653626848987732,8.784990485725971e-05,0.031193304029337874,0.03921332082089065,66.5,74.0,8.500000000000004,87.52782664453231,171.2996115830634,96.6942386326784,226.02592616389305,247,309
cohface,bimamba_blend,cohface_14,2,12,2,0.6008247651929879,1.2706667045954145,0.19687445706447976,0.8032167340569762,0.33432378176323885,0.7882222159007642,0.19687445706447976,0.19678326594302376,30.453299966066854,35.63605680170732,1.2706667045954145,15.053245695827027,7.413557437406734,1.0,0.011967068566377366,0.0005070252684604671,0.19270306291631484,0.20313154828672708,83.0,74.5,8.500000000000005,69.86402182092215,156.54387312145613,79.00240066190922,204.91324168954594,157,154
cohface,bimamba_blend,cohface_15,4,24,4,0.588347521957229,1.372540628140665,0.058380553582569564,0.8913409160064741,0.34816208781576896,0.7712432286432225,0.058380553582569564,0.10865908399352586,18.9263290661353,29.79432549468512,1.372540628140665,10.41791096205553,6.61978603325676,1.0,0.02608951124373046,0.00022930827026448834,0.058066112051614334,0.05885221587900242,83.00000000000001,76.0,8.000000000000005,64.89267439419609,183.22551375932534,72.35806959621185,236.94958302369912,321,310
cohface,bimamba_blend,cohface_16,4,24,1,0.8515329758255333,1.2767024269245608,0.18666937026489475,0.8696626286837957,0.05626741281529968,0.7872162621792399,0.18666937026489475,0.13033737131620426,16.16708068260228,25.639176162314715,1.2767024269245608,11.94350384837711,5.360624527999207,1.0,0.08622497507460755,6.510946786642197e-05,0.1850154565424681,0.18915024084853474,57.5,70.5,14.0,119.75309343520948,203.36948487147242,115.90604180246945,272.40444207888515,214,335
cohface,bimamba_blend,cohface_17,2,12,4,0.68203903094214,1.250741844929038,0.22017498722415202,0.8313486991404698,0.24425037019045193,0.7915430258451603,0.22017498722415202,0.16865130085953017,27.814663328031543,33.13664725653193,1.250741844929038,11.796022960233385,6.304412445890647,1.0,0.03542012624800257,0.00016729449380812356,0.2178224186717534,0.22370384005274999,58.5,78.0,19.5,193.282474758559,159.5120187305548,254.44532662720331,230.34199016339264,177,160
cohface,bimamba_blend,cohface_18,4,24,3,0.6243458921245398,1.2853985111188155,0.17559761869866128,0.7791969082091361,0.308236885240585,0.7857669148135308,0.17559761869866128,0.22080309179086388,29.368431105608185,34.646435250265284,1.2853985111188155,13.77773111491684,5.585519792494887,1.0,0.07007617611018925,8.152818746746773e-05,0.1738753338067663,0.17818104603650373,77.75,69.5,10.25,52.82297223756275,192.10598472796624,66.85141710623621,256.97293188057427,283,309
cohface,bimamba_blend,cohface_19,4,24,4,0.7654246670918617,1.2465210134535756,0.23215109598439843,0.8682313051249967,0.1517687272809245,0.7922464977577374,0.23215109598439843,0.1317686948750033,23.32493400475519,29.9978985506145,1.2465210134535756,15.297053087959318,4.069214723006845,1.0,0.2555524508248683,1.7898329464419404e-05,0.22309268150933548,0.2457387176969929,69.5,73.0,7.5,86.53656704703857,166.57284180774178,110.62026082623001,215.1944800870315,252,301
cohface,bimamba_blend,cohface_2,3,18,1,0.7247560612970623,1.2873609260863945,0.1759763598528265,0.8433387200163086,0.19687361167599948,0.7854398456522675,0.1759763598528265,0.1566612799836914,23.983218909063968,30.02752165858396,1.2873609260863945,11.558957366481053,8.946802455498705,1.0,0.002607369994560177,0.0023448235585677188,0.17135092299299026,0.1829145151425809,70.0,68.66666666666667,6.666666666666668,65.84252806671962,208.1343869983711,56.90901829794961,268.5415004146174,194,245
cohface,bimamba_blend,cohface_20,4,24,2,0.5903773047213049,1.354018511035193,0.08039018854610185,0.8937230601263397,0.3459108890069702,0.7743302481608012,0.08039018854610185,0.10627693987366027,20.71682690198013,30.40117608728139,1.354018511035193,9.982290164926829,6.960067234619492,1.0,0.01870527579685979,0.00032222675761621407,0.08331693588701963,0.07600006753472516,75.5,68.75,9.749999999999998,37.017871267117464,183.6045590153743,43.5297745209101,232.2023050009651,276,292
cohface,bimamba_blend,cohface_21,4,24,3,0.7426126058986222,1.3929592280746943,0.02584761070199653,0.8412396371989603,0.1770692106101568,0.7678401286542176,0.02584761070199653,0.15876036280103967,13.042823406105267,24.619514468469745,1.3929592280746943,12.472885003463215,5.130152459720801,1.0,0.10620051902942763,5.170793794984374e-05,0.029832294460775906,0.019870585063827478,86.5,64.5,22.5,59.91279309264179,206.9488050615792,54.41071875825085,272.0262628336332,328,316
cohface,bimamba_blend,cohface_22,4,24,3,0.6719719710609923,1.4567272908415423,-0.06035377507489441,0.851954479122122,0.25541558137149345,0.7572121181930763,0.0,0.14804552087787803,0.6793550089248409,25.76762022256389,1.4567272908415423,11.461913812658624,5.6846389176611805,1.0,0.06388588644461408,9.002248289616045e-05,-0.06102719994126968,-0.05934363777533149,60.75,62.25,6.000000000000003,194.46626484653785,204.03053861272878,198.3640355464937,262.48603194743333,258,301
cohface,bimamba_blend,cohface_23,4,24,4,0.5893994980552875,1.4421873880789151,-0.04042212292111925,0.9088001687888968,0.34699535836040674,0.7596354353201809,0.0,0.0911998312111032,0.6764207936069307,27.42656608143788,1.4421873880789151,7.758773717617587,6.790830283375761,1.0,0.022078388445208593,0.0002720725426832355,-0.039952231166941785,-0.04112696055238544,84.75,73.0,12.75,77.90368405311953,175.35876459927113,105.05910225195339,238.09000653339626,318,313
cohface,bimamba_blend,cohface_24,4,24,1,0.7190414491565486,1.4697677357808554,-0.07891776846791473,0.8068082473134045,0.20321159437599956,0.7550387107031907,0.0,0.1931917526865955,0.6686149840764455,25.060957099075715,1.4697677357808554,13.72279247430737,4.174206693901014,1.0,0.23609544648217343,1.9879665437798723e-05,-0.08010859857119113,-0.07713152331300015,92.25,66.0,26.25,81.71627850614023,202.53307026315866,98.26622003516769,263.70170762440443,344,322
cohface,bimamba_blend,cohface_25,4,24,0,0.5752125417609515,1.3646686704225615,0.06788610192686613,0.7997240963484641,0.3627298791552118,0.7725552215962398,0.06788610192686613,0.2002759036515359,22.663183090102844,32.37510193741785,1.3646686704225615,10.686385593386547,3.204335134540174,1.0,0.4490932184851671,7.537104994983039e-06,0.06883970998355901,0.06645568984182681,88.75,72.25,17.0,59.037548397887946,186.94870625279134,65.27212391803798,240.26660304865615,335,320
cohface,bimamba_blend,cohface_26,4,24,3,0.664829655798732,1.357598302626486,0.07646358926385528,0.7825765257300544,0.2633370062131246,0.773733616228919,0.07646358926385528,0.21742347426994557,21.69549441746818,30.017159674286688,1.357598302626486,10.135100772107803,4.607531486539292,1.0,0.16693161632966597,3.066160996759083e-05,0.07846342435284225,0.07346383663037484,81.25,65.5,16.750000000000004,93.26292999047413,197.65399662953465,91.50127442542265,258.72896622933763,322,319
cohface,bimamba_blend,cohface_27,4,24,1,0.8409974221038371,1.3331426668095645,0.11687793451162845,0.8198705462381023,0.06795222283934965,0.7778095555317392,0.11687793451162845,0.1801294537618977,15.822403660739829,24.703684906402085,1.3331426668095645,14.730962962208118,4.533761482644795,1.0,0.17744400242349184,2.8481181160681404e-05,0.11136531496594142,0.125146863830159,65.25,72.5,9.750000000000005,100.24865351275461,199.34173702490614,132.2875655532295,245.4487686651039,241,330
cohface,bimamba_blend,cohface_28,3,18,1,0.8278863859982191,1.2980351181424563,0.16446712538731156,0.8042714357146012,0.08249345818012888,0.783660813642924,0.16446712538731156,0.19572856428539875,18.919343038085586,26.99660506558967,1.2980351181424563,14.976438864891396,5.14669159064243,1.0,0.10464078641097539,5.257020829248823e-05,0.15755241603444983,0.17483918941660415,66.33333333333333,68.0,8.333333333333336,120.90985894074576,200.3847719509963,120.36590799403676,260.84526876538933,184,254
cohface,bimamba_blend,cohface_29,4,28,0,0.7187716026762352,1.2707685325759859,0.19446264546522046,0.8733431068003887,0.20351087668629964,0.788205244570669,0.19446264546522046,0.12665689319961126,23.93760931821069,30.236448419951206,1.2707685325759859,7.151311014485591,7.459340197371804,1.0,0.011437661005470797,0.000530765258532644,0.19257366830733785,0.19729611120204435,54.857142857142854,69.0,14.142857142857144,203.841235018005,193.1856762145432,261.47689333066575,260.11736378947353,390,354
cohface,bimamba_blend,cohface_3,2,12,0,0.657469427100382,1.3009180337455644,0.15751441438967473,0.8597105686525964,0.2715001152765496,0.7831803277090726,0.15751441438967473,0.14028943134740357,24.974939299336942,31.339831071116254,1.3009180337455644,14.012063012136476,8.145152893574929,1.0,0.005793819331093652,0.0010532223770636819,0.15380613473778734,0.16307683386750585,70.0,65.0,7.000000000000007,63.48510078477898,189.0171962008836,84.46076420241047,245.58603380485636,128,148
cohface,bimamba_blend,cohface_30,3,18,2,0.6213149939891937,1.2322207512877108,0.23919695644344666,0.7861556907665991,0.31159840470593925,0.7946298747853815,0.23919695644344666,0.21384430923340092,32.1927279625233,36.69334451485723,1.2322207512877108,11.970112564950238,4.1967504706410885,1.0,0.23205379405424986,2.033290877745395e-05,0.2408160100479747,0.23676837603665454,59.333333333333336,71.0,14.333333333333336,219.45406718071555,204.96830714425428,248.08928927816584,242.3582059679432,194,218
cohface,bimamba_blend,cohface_31,3,18,3,0.6911085634299985,1.3714375271644104,0.06382254445971766,0.8067829064774917,0.23419150029837055,0.7714270788059316,0.06382254445971766,0.19321709352250827,19.36563124553885,28.233304789311443,1.3714375271644104,12.667307252667019,3.6547037097107253,1.0,0.34193035128825855,1.1824840462748062e-05,0.05957955454258349,0.07018702933541893,50.333333333333336,69.66666666666667,19.33333333333334,244.47388241428825,187.30723403732776,310.8567908932414,227.66935088705583,234,228
cohface,bimamba_blend,cohface_32,2,12,3,0.6884898757009706,1.0848084053459093,0.41771980925354313,0.849089176666495,0.23709584395550443,0.8191985991090152,0.41771980925354313,0.15091082333350503,32.89763074341686,39.04665804512183,1.0848084053459093,13.43271399094084,6.879619099508027,1.0,0.020240549303535436,0.0002973269236171967,0.41159536184543294,0.42690648036570833,61.0,66.5,5.5000000000000036,71.3004540016008,217.63366327674822,71.75315220591473,272.05624150191073,113,149
cohface,bimamba_blend,cohface_33,2,12,3,0.5683253590781626,1.3579663610541326,0.0779248130393492,0.8574679342946147,0.37036834063290225,0.7736722731576445,0.0779248130393492,0.14253206570538535,22.211956275134174,31.772881387428136,1.3579663610541326,12.592286549025335,7.463836725784656,1.0,0.011386931004918636,0.0005331559580637152,0.07796368112269879,0.07786651091432481,77.5,68.5,11.0,79.48032834430377,215.04604379221513,89.03008811153275,269.5849705343905,141,154
cohface,bimamba_blend,cohface_34,4,24,0,0.6429563066575127,1.390112062420785,0.030298002103420554,0.8575292217554936,0.2875963793848002,0.7683146562632025,0.030298002103420554,0.14247077824450638,15.485035474142068,27.752540134800803,1.390112062420785,14.275687929109381,4.590721231956085,1.0,0.16928244884669252,3.015050398523985e-05,0.03379422695611572,0.025053664824377812,61.5,70.25,11.250000000000002,201.4614101021733,188.25297276849832,245.45875417267152,236.03057355918162,254,302
cohface,bimamba_blend,cohface_35,4,24,4,0.6725655032697745,1.3884654744089833,0.039334832473284204,0.853103768584499,0.2547573045228364,0.7685890875985028,0.039334832473284204,0.146896231415501,16.248458243472637,27.132470490163698,1.3884654744089833,12.552865886125923,4.686573097258929,1.0,0.1562270429778493,3.318342390426665e-05,0.036081813187118304,0.04421436140253304,85.25,69.25,17.000000000000004,70.19682395362624,182.80867259309585,74.27616813313924,234.9979028351478,319,303
cohface,bimamba_blend,cohface_36,4,24,0,0.7488232375582354,1.4596850100075174,-0.004020906444709508,0.7672600612438731,0.17018110078803284,0.7567191649987471,0.0,0.23273993875612686,0.658316178613088,24.894615098738466,1.4161106988651704,14.265208975474495,2.911594025786128,1.0307704130597037,0.5220871100622186,5.6243138555844075e-06,-0.0026847557202006695,-0.006025132531472766,89.75,70.25,20.5,114.99474664308876,188.82175320934243,102.41475504673164,251.00879499024504,336,301
cohface,bimamba_blend,cohface_37,2,12,2,0.6133913824567903,1.174896960982391,0.29849635192841595,0.8583128502481056,0.3203863524404603,0.8041838398362682,0.29849635192841595,0.14168714975189445,32.0273548684199,37.48390092282954,1.174896960982391,8.580483690072212,8.186627041147386,1.0,0.005559749069366539,0.001097773396900668,0.3098085655371711,0.2815280315152832,62.5,66.0,7.500000000000003,175.17525732160487,181.97399301774365,193.54331916509696,206.4945519862449,134,137
cohface,bimamba_blend,cohface_38,3,16,1,0.8062149598177528,1.2614419333133295,0.21079724069564665,0.7997102379219169,0.10652888190422727,0.7897596777811118,0.21079724069564665,0.20028976207808313,22.142692481606115,29.320772475180114,1.2614419333133295,15.15051956480875,3.4295446472808666,1.0,0.39423507083341913,9.440847600856153e-06,0.20438212443936457,0.2204199150800698,62.625,66.375,6.750000000000003,243.34171038706262,219.21318909229947,224.82734993346892,292.22600774736054,185,218
cohface,bimamba_blend,cohface_39,4,24,0,0.744120387792789,1.3798089051242368,0.051662316809599616,0.8624754752004086,0.17539695441400083,0.7700318491459606,0.051662316809599616,0.13752452479959143,15.564549183551044,24.962905615619054,1.3798089051242368,13.227317242305912,6.0719547222437935,1.0,0.04427903314305244,0.00013259941579862834,0.04806369266992724,0.05706025301910819,63.0,68.75,7.2500000000000036,201.20302052886046,198.6377997735436,210.9884571066817,251.8213225575302,272,303
cohface,bimamba_blend,cohface_4,3,18,1,0.7321010266367811,1.3487574273996932,0.09744180346923376,0.8403334977645204,0.1887274309535658,0.7752070954333845,0.09744180346923376,0.15966650223547962,19.8563954101702,27.28254898606127,1.3487574273996932,14.343114693747518,6.13577395222335,1.0,0.04165549807305597,0.0001413364423040725,0.09042670101708074,0.10796445714746325,56.0,68.0,12.666666666666666,241.0869523040225,211.42042373888566,287.75744616966387,285.69448526727626,248,257
cohface,bimamba_blend,cohface_40,4,24,1,0.8658399041977987,1.1959289218881952,0.2924707062443679,0.8638571081841279,0.04039983295441929,0.8006785130186341,0.2924707062443679,0.13614289181587214,16.9523227430458,28.722544272653742,1.1959289218881952,10.75084435827768,7.799090644462554,1.0,0.008169936537988361,0.0007453512421684602,0.28487700689566936,0.3038612552674156,61.5,67.5,7.000000000000003,105.9449640229461,218.76535532875758,116.29441192036032,293.51015053836795,229,331
cohface,bimamba_blend,cohface_5,4,24,2,0.5749249556213164,1.3631391235482517,0.06785667851731336,0.7988778850770022,0.3630488362310289,0.7728101460752914,0.06785667851731336,0.2011221149229978,22.686830300841475,32.40581066241605,1.3631391235482517,9.640531841590006,9.268535147395717,1.0,0.001891418208196042,0.003231845535072691,0.07092586492605181,0.06325289890420568,74.0,67.25,9.250000000000005,85.05686403702961,206.60764945112953,82.69186576702462,269.2412347521132,277,297
cohface,bimamba_blend,cohface_6,2,12,4,0.8028639459631162,1.3995667569062131,0.020746879066513586,0.9210236528764283,0.11024543646924778,0.7667388738489644,0.020746879066513586,0.07897634712357171,9.209221612307319,20.844073885523564,1.3995667569062131,10.763933956324365,8.675272021915363,1.0,0.0034180130042084913,0.0017882499322811466,0.020606446481512462,0.02095752794401527,62.5,67.5,10.000000000000005,92.06711643306208,174.99734134811362,96.41637052313449,224.30448056157954,115,156
cohface,bimamba_blend,cohface_7,3,18,0,0.6509857701182741,1.4062543616962917,0.011359515000154165,0.8238623405737343,0.2786910330107567,0.7656242730506181,0.011359515000154165,0.1761376594262657,11.91566866284989,27.536755089865,1.4062543616962917,13.878981445243955,4.527927311237892,1.0,0.17829714731410432,2.831550553287702e-05,0.011224335105077681,0.011562284842768892,61.0,71.33333333333333,12.333333333333336,215.344690228069,190.64102907445795,239.1143568999478,244.2610520293022,203,226
cohface,bimamba_blend,cohface_8,2,12,4,0.6641350237182349,1.2317448382978953,0.2458315364476248,0.8350005520433544,0.2641074112731363,0.7947091936170174,0.2458315364476248,0.16499944795664556,29.326727300459055,34.492341263096094,1.2317448382978953,14.081772681541915,6.025094346253338,1.0,0.046304983261131756,0.0001265298648845026,0.24140232666324607,0.2524753511241929,73.5,71.5,8.0,110.8191755277791,183.33934574075758,140.7885953173358,237.27621035409348,138,162
cohface,bimamba_blend,cohface_9,2,12,2,0.6542025555993359,1.2293002924985925,0.2470412359385498,0.8471310856508854,0.27512334893574464,0.7951166179169012,0.2470412359385498,0.15286891434911465,29.284584907788197,34.62464819154915,1.2293002924985925,13.252601626537817,7.540516032313359,1.0,0.010555297294105375,0.0005756217740684915,0.24441039543143755,0.25098749669921816,72.50000000000001,62.5,10.000000000000012,59.74193627340819,212.47330956611862,63.916866738432525,265.0646322300643,135,147
cohface,lstm,cohface_1,4,24,3,0.794962774346701,1.3166104955156197,0.12943230718252757,0.8557582228561001,0.11900849646058942,0.7805649174140634,0.12943230718252757,0.14424177714389985,18.47507528636696,25.949358000452772,1.3166104955156197,9.749578423252698,6.820234424397762,1.0,0.02145236809010005,0.0002801891060617723,0.1332684015490574,0.12367816563273287,84.25000000000001,67.75,16.500000000000004,76.85986732078152,187.4878138034246,80.10232364020237,226.4166044363327,317,283
cohface,lstm,cohface_10,4,24,2,0.747202660757878,1.4225056351748273,-0.012040017790240517,0.8618908627464998,0.1719784559666756,0.7629157274708621,0.0,0.13810913725350016,0.595911833579216,23.179850973487515,1.4225056351748273,10.999455231317189,6.530714273726059,1.0,0.028450837522032982,0.00020977070201172395,-0.011761141052069471,-0.012458332897497086,83.0,62.25,20.750000000000004,63.71496967407452,210.9775025332934,58.2643702626679,253.23631395476076,309,265
cohface,lstm,cohface_11,2,12,0,0.6268962020181189,1.2598669575491832,0.20830034014379978,0.7821213725682568,0.30540837832048273,0.7900221737418028,0.20830034014379978,0.21787862743174324,30.77811798512819,35.5692775773994,1.2598669575491832,14.96138079544815,6.901758286702439,1.0,0.019806141768338982,0.0003039808839152193,0.20636762463788233,0.21119941340267595,66.5,67.5,8.000000000000002,100.94764483258228,190.46318220649306,98.49789267992142,244.52334585202019,121,144
cohface,lstm,cohface_12,3,19,2,0.712042811521347,1.1825234986908912,0.31027665243267355,0.8204403552448349,0.2109736687153947,0.8029127502181848,0.31027665243267355,0.17955964475516506,29.961849906828558,35.286957533909046,1.1825234986908912,14.637960429851603,6.556069537929629,1.0,0.02775830009716999,0.0002151563377931564,0.3008190875219268,0.32446299979879356,54.31578947368421,62.21052631578947,7.894736842105263,264.2085307432085,194.0878911621418,269.25824035672525,231.18686904980711,216,209
cohface,lstm,cohface_13,4,24,4,0.5758021224168166,1.3900331564968966,0.03954532736892537,0.8355211118541951,0.36207598490915505,0.7683278072505172,0.03954532736892537,0.1644788881458049,18.496936743405325,30.704773276268853,1.3900331564968966,14.310904297649776,5.660207027418583,1.0,0.0653626848987732,8.784990485725971e-05,0.03390391191963689,0.048007450542858085,66.5,62.5,6.000000000000003,87.52782664453231,188.3042495377331,96.6942386326784,230.3896680444479,247,257
cohface,lstm,cohface_14,2,12,2,0.600107972684486,1.1397234160673047,0.36117782727783887,0.8243083151917744,0.3351187645908864,0.8100460973221159,0.36117782727783887,0.1756916848082256,35.93586776934697,40.60365339866859,1.1397234160673047,15.99788927767804,7.413557437406734,1.0,0.011967068566377366,0.0005070252684604671,0.3505152674339367,0.37717166704369215,83.0,67.0,16.000000000000004,69.86402182092215,195.70101050237693,79.00240066190922,267.0902643345981,157,141
cohface,lstm,cohface_15,4,24,4,0.8549325074271343,1.3759336866008434,0.054997602533331746,0.8304327861773225,0.05249704801200894,0.7706777188998595,0.054997602533331746,0.16956721382267748,11.518250777664154,22.029738170810962,1.3759336866008434,10.396465066683913,6.61978603325676,1.0,0.02608951124373046,0.00022930827026448834,0.053403245038506075,0.05738913877557025,83.00000000000001,62.25,20.75000000000001,64.89267439419609,197.89731485963944,72.35806959621185,257.4643252722187,321,255
cohface,lstm,cohface_16,4,24,1,0.7159402729797552,1.2868223921416189,0.1755135121671974,0.8617612301720351,0.20665105806572637,0.7855296013097302,0.1755135121671974,0.1382387698279649,23.714989690186464,29.940304529741617,1.2868223921416189,11.87492533726845,5.360624527999207,1.0,0.08622497507460755,6.510946786642197e-05,0.1720440655414609,0.18071768210580214,57.5,64.75,10.75,119.75309343520948,206.79084181274982,115.90604180246945,259.06490404130176,214,277
cohface,lstm,cohface_17,2,12,4,0.8628364646820593,1.2501574018006405,0.21503105994940747,0.7922700230954881,0.04373089851463441,0.7916404330332266,0.21503105994940747,0.2077299769045119,17.186692509932538,27.75026695267603,1.2501574018006405,11.800082626860927,6.304412445890647,1.0,0.03542012624800257,0.00016729449380812356,0.21855323536153595,0.20974779683121472,58.5,66.0,10.5,193.282474758559,185.74725430988246,254.44532662720331,217.48192360923747,177,136
cohface,lstm,cohface_18,4,24,3,0.6097846055468837,1.3264993988174167,0.12467743097927038,0.8209398786440505,0.32438656961980017,0.7789167668637639,0.12467743097927038,0.1790601213559495,25.760435355621492,32.63145778236638,1.3264993988174167,13.50434581567951,5.585519792494887,1.0,0.07007617611018925,8.152818746746773e-05,0.12019967246851579,0.13139406874540227,77.75,68.0,10.249999999999998,52.82297223756275,180.45360791996015,66.85141710623621,232.99294900428703,283,276
cohface,lstm,cohface_19,4,24,4,0.5138632867363314,1.237991111010943,0.24190730886727663,0.8100994300021936,0.4307713327907655,0.7936681481648429,0.24190730886727663,0.18990056999780636,34.753758517232185,39.851733612994245,1.237991111010943,15.356694642221187,4.069214723006845,1.0,0.2555524508248683,1.7898329464419404e-05,0.23368900452894584,0.2542347653747728,69.5,67.5,7.0000000000000036,86.53656704703857,180.55307049177839,110.62026082623001,213.92630228636534,252,266
cohface,lstm,cohface_2,3,18,1,0.5951700590287692,1.3423727288504677,0.09816426463029092,0.8631668877838167,0.34059532372639645,0.7762712118582554,0.09816426463029092,0.13683311221618333,23.040853715849234,31.424874132189395,1.3423727288504677,11.195501420505813,8.946802455498705,1.0,0.002607369994560177,0.0023448235585677188,0.09901772841927418,0.09688406894681602,70.0,64.0,7.333333333333337,65.84252806671962,205.36507013140084,56.90901829794961,279.2521635248926,194,210
cohface,lstm,cohface_20,4,24,2,0.6020111875912593,1.3384650591649088,0.10364788722840745,0.9293596413819196,0.33300794011900425,0.7769224901391819,0.10364788722840745,0.07064035861808038,20.384057256519654,30.0509317955676,1.3384650591649088,10.082641432168938,6.960067234619492,1.0,0.01870527579685979,0.00032222675761621407,0.10425564269733842,0.102736254025011,75.5,62.5,14.000000000000002,37.017871267117464,204.3680104290908,43.5297745209101,267.39868663321573,276,267
cohface,lstm,cohface_21,4,24,3,0.7968429831581595,1.4039314695551024,0.015526645340707471,0.8842291586427524,0.11692318767210175,0.7660114217408163,0.015526645340707471,0.11577084135724758,9.273856488122977,21.609140252345554,1.4039314695551024,12.404734919818246,5.130152459720801,1.0,0.10620051902942763,5.170793794984374e-05,0.014488214396425309,0.017084291757130714,86.5,62.25,24.25,59.91279309264179,206.49251014108978,54.41071875825085,262.04586008346945,328,268
cohface,lstm,cohface_22,4,24,3,0.6260036717700626,1.4100090985589333,0.007739250562056826,0.8835027121027274,0.3063982689958803,0.7649984835735111,0.007739250562056826,0.11649728789727265,10.057518550611862,27.054041016153786,1.4100090985589333,11.745040641293969,5.6846389176611805,1.0,0.06388588644461408,9.002248289616045e-05,0.005937170990512249,0.010442369919373693,60.75,65.5,6.750000000000003,194.46626484653785,193.79089667313787,198.3640355464937,243.4543078279783,258,274
cohface,lstm,cohface_23,4,24,4,0.8562333664664615,1.4138059847513533,0.00012485490666247183,0.8847363998282113,0.05105428656404598,0.7643656692081078,0.00012485490666247183,0.11526360017178872,1.6995346307210983,19.127959631719186,1.4138059847513533,7.931411269754978,6.790830283375761,1.0,0.022078388445208593,0.0002720725426832355,0.000576318740627871,-0.0005523408442856269,84.75,61.0,23.75000000000001,77.90368405311953,203.5641753604163,105.05910225195339,256.7296003956268,318,252
cohface,lstm,cohface_24,4,24,1,0.8279931050739991,1.442883637053879,-0.037955988246527454,0.7861841243130384,0.08237509780160746,0.7595193938243535,0.0,0.2138158756869616,0.5210201818704489,21.937958324274526,1.442883637053879,13.883140498404241,4.174206693901014,1.0,0.23609544648217343,1.9879665437798723e-05,-0.04095659503891503,-0.03345507805794609,92.25,60.5,31.75,81.71627850614023,205.58158972920506,98.26622003516769,252.82451119904297,344,281
cohface,lstm,cohface_25,4,24,0,0.8154458335110152,1.401771302434964,0.017832014931875122,0.7972610821326167,0.09629107112455748,0.7663714495941727,0.017832014931875122,0.2027389178673833,10.202608437152882,22.8058999309241,1.401771302434964,10.453386724984508,3.204335134540174,1.0,0.4490932184851671,7.537104994983039e-06,0.017518607834892407,0.0183021255773492,88.75,67.0,22.25,59.037548397887946,201.5036456015434,65.27212391803798,242.22150986755832,335,278
cohface,lstm,cohface_26,4,24,3,0.7897609557121233,1.3820937509799396,0.04621366114565158,0.8255538128810612,0.12477774828448096,0.7696510415033434,0.04621366114565158,0.17444618711893878,14.251590156011806,24.011686855349623,1.3820937509799396,9.979776431521737,4.607531486539292,1.0,0.16693161632966597,3.066160996759083e-05,0.04490843175110028,0.04817150523747852,81.25,66.0,18.250000000000004,93.26292999047413,187.95638992137526,91.50127442542265,233.5632523079889,322,275
cohface,lstm,cohface_27,4,24,1,0.6332669217941341,1.3705254464044887,0.06533656567171539,0.8263332242793209,0.2983427173912524,0.7715790922659186,0.06533656567171539,0.17366677572067912,20.529622403062444,29.815295851620988,1.3705254464044887,14.490753455245757,4.533761482644795,1.0,0.17744400242349184,2.8481181160681404e-05,0.060830000378888686,0.07209641361095544,65.25,61.75,7.500000000000003,100.24865351275461,214.43011729676905,132.2875655532295,289.7218933912385,241,269
cohface,lstm,cohface_28,3,18,1,0.6262440988883679,1.31029087131445,0.1481814130808542,0.7932686933634299,0.3061316152179927,0.7816181881142583,0.1481814130808542,0.20673130663657013,27.459381807140364,33.39638074398198,1.31029087131445,14.894813406007518,5.14669159064243,1.0,0.10464078641097539,5.257020829248823e-05,0.14156891627500945,0.15810015828962126,66.33333333333333,63.0,8.666666666666668,120.90985894074576,231.0884003041036,120.36590799403676,294.71217001999554,184,208
cohface,lstm,cohface_29,4,28,0,0.8096480198434487,1.2879834413982418,0.1655506555640173,0.859417414864103,0.1027213312750841,0.7853360931002931,0.1655506555640173,0.14058258513589705,18.957230024127664,26.566533169896843,1.2879834413982418,7.034434462320542,7.459340197371804,1.0,0.011437661005470797,0.000530765258532644,0.17054932734197084,0.15805264789708698,54.857142857142854,61.714285714285715,7.714285714285716,203.841235018005,207.30889897709753,261.47689333066575,252.58182407820107,390,317
cohface,lstm,cohface_3,2,12,0,0.5165335047511873,1.2782401590394943,0.1912080619708553,0.8575143444377217,0.4278098377378635,0.7869599734934176,0.1912080619708553,0.14248565556227832,30.462942292733473,37.15944957237548,1.2782401590394943,14.164812536359289,8.145152893574929,1.0,0.005793819331093652,0.0010532223770636819,0.18305104790934412,0.20344358306312207,70.0,63.0,9.000000000000009,63.48510078477898,203.4281272635383,84.46076420241047,244.78021850611384,128,133
cohface,lstm,cohface_30,3,18,2,0.5513076121692262,1.2095566441250931,0.26895316440161526,0.8414911789865035,0.3892424449202535,0.7984072259791511,0.26895316440161526,0.1585088210134965,33.606604419776325,38.88418921950902,1.2095566441250931,12.131358702663864,4.1967504706410885,1.0,0.23205379405424986,2.033290877745395e-05,0.2684863623264215,0.26965336751440594,59.333333333333336,63.0,7.66666666666667,219.45406718071555,185.7459820795936,248.08928927816584,214.50229825122196,194,196
cohface,lstm,cohface_31,3,18,3,0.7370466745259321,1.3525600271551501,0.08937380248442268,0.8392723873173145,0.18324229390646718,0.774573328807475,0.08937380248442268,0.16072761268268554,19.2000072735694,26.884501721529908,1.3525600271551501,12.787696866409842,3.6547037097107253,1.0,0.34193035128825855,1.1824840462748062e-05,0.08529068647102975,0.09549847650451208,50.333333333333336,67.0,16.66666666666667,244.47388241428825,188.28184569629502,310.8567908932414,249.02441224654441,234,208
cohface,lstm,cohface_32,2,12,3,0.6136537315008707,1.1338181204736508,0.3638922821479262,0.89720285274531,0.3200953854138523,0.8110303132543916,0.3638922821479262,0.10279714725469002,31.921207205734103,38.79617923703499,1.1338181204736508,13.048906951432532,6.879619099508027,1.0,0.020240549303535436,0.0002973269236171967,0.35722823484279903,0.37388835310561686,61.0,63.0,2.000000000000002,71.3004540016008,191.58743744662337,71.75315220591473,250.76495870860626,113,136
cohface,lstm,cohface_33,2,12,3,0.4712590130251084,1.4071108149520146,0.01169978516825217,0.9064662731799582,0.4780230347590336,0.7654815308413309,0.01169978516825217,0.0935337268200418,12.452845638177092,31.871989751046026,1.4071108149520146,12.283500767386442,7.463836725784656,1.0,0.011386931004918636,0.0005331559580637152,0.010019577222538675,0.01422009708682241,77.5,61.0,16.500000000000004,79.48032834430377,200.38003288341832,89.03008811153275,256.7099530598687,141,137
cohface,lstm,cohface_34,4,24,0,0.5878455494250905,1.384182224131384,0.039960967723301995,0.8428144634404958,0.3487188173271235,0.7693029626447694,0.039960967723301995,0.15718553655950418,18.18592565603097,30.19016353559824,1.384182224131384,14.312818812908834,4.590721231956085,1.0,0.16928244884669252,3.015050398523985e-05,0.04201978519934762,0.036872741509233566,61.5,65.75,7.750000000000001,201.4614101021733,193.14616556912128,245.45875417267152,231.44272952891134,254,275
cohface,lstm,cohface_35,4,24,4,0.8698594456446512,1.3910140581367003,0.038986766085046184,0.8357936358195286,0.03594182538965829,0.7681643236438833,0.038986766085046184,0.1642063641804714,9.207124724172669,20.895271500728228,1.3910140581367003,12.536937203840635,4.686573097258929,1.0,0.1562270429778493,3.318342390426665e-05,0.03253994503303422,0.048656997663064125,85.25,61.75,23.50000000000001,70.19682395362624,196.8081617662244,74.27616813313924,246.21590269996386,319,253
cohface,lstm,cohface_36,4,24,0,0.8769477281644583,1.4529979119819025,0.006123501915534034,0.7604961163604321,0.028080327377439374,0.7578336813363495,0.006123501915534034,0.23950388363956787,5.277131301562232,20.97286617830755,1.4096232231471149,14.305092134099695,2.911594025786128,1.0307704130597037,0.5220871100622186,5.6243138555844075e-06,0.006481184382169623,0.005586978215580651,89.75,63.25,27.0,114.99474664308876,206.27712067936122,102.41475504673164,256.9087575475802,336,261
cohface,lstm,cohface_37,2,12,2,0.5128547989710048,0.9593244257451062,0.5371639058740689,0.8409826081261382,0.4318898300487837,0.840112595709149,0.5371639058740689,0.15901739187386177,43.132076282970026,49.054211829345796,0.9593244257451062,10.341169251865601,8.186627041147386,1.0,0.005559749069366539,0.001097773396900668,0.5398483230844111,0.5331372800585555,62.5,60.0,4.500000000000001,175.17525732160487,184.9141039693002,193.54331916509696,220.9662575067102,134,127
cohface,lstm,cohface_38,3,16,1,0.5147009191238523,1.2759205572897734,0.2002193122787403,0.8332643281677574,0.4298423284330717,0.7873465737850378,0.2002193122787403,0.16673567183224258,31.92151073127557,37.98349413369997,1.2759205572897734,15.051392147743744,3.4295446472808666,1.0,0.39423507083341913,9.440847600856153e-06,0.18601336574267707,0.22152823208283515,62.625,57.375,6.0,243.34171038706262,212.21856588489698,224.82734993346892,279.22167464175055,185,172
cohface,lstm,cohface_39,4,24,0,0.6627151096350105,1.3866356354826541,0.04458680018288113,0.8619893862536304,0.26568221471975373,0.768894060752891,0.04458680018288113,0.13801061374636958,16.87432600812695,27.446163937064256,1.3866356354826541,13.184448971517508,6.0719547222437935,1.0,0.04427903314305244,0.00013259941579862834,0.03862080720480796,0.053535789649990874,63.0,62.5,7.000000000000003,201.20302052886046,208.93542433203845,210.9884571066817,260.3960876222598,272,269
cohface,lstm,cohface_4,3,18,1,0.8238165239858193,1.3331712128836086,0.12019076358246085,0.8382805339547279,0.08700727545971387,0.7778047978527319,0.12019076358246085,0.1617194660452721,16.817234591625926,25.006426449225323,1.3331712128836086,14.444073131853777,6.13577395222335,1.0,0.04165549807305597,0.0001413364423040725,0.11132725856922379,0.13348602110231644,56.0,62.333333333333336,7.000000000000001,241.0869523040225,226.53108320557573,287.75744616966387,285.8859374484328,248,200
cohface,lstm,cohface_40,4,24,1,0.6201721095907952,1.2087914613107427,0.2816354521074083,0.8909436609820428,0.31286595906781733,0.7985347564482096,0.2816354521074083,0.1090563390179572,29.614379558447457,35.986864244580104,1.2087914613107427,10.657924063539648,7.799090644462554,1.0,0.008169936537988361,0.0007453512421684602,0.26941160153111954,0.29997122797184145,61.5,65.75,6.750000000000003,105.9449640229461,218.27992153682877,116.29441192036032,273.18352309049607,229,260
cohface,lstm,cohface_5,4,24,2,0.5504998410074889,1.335247559056927,0.10691521622733482,0.8390832595851321,0.3901383306816605,0.7774587401571789,0.10691521622733482,0.16091674041486792,25.440940215478147,33.67911601871079,1.335247559056927,9.82009964110805,9.268535147395717,1.0,0.001891418208196042,0.003231845535072691,0.10855697801625908,0.10445257354394848,74.0,62.25,12.250000000000007,85.05686403702961,204.26064667613124,82.69186576702462,261.35896892645167,277,259
cohface,lstm,cohface_6,2,12,4,0.5555332015717753,1.4019320060467084,0.017982909641644847,0.9077669923943532,0.38455591294360514,0.7663446656588819,0.017982909641644847,0.09223300760564679,13.237559907530796,29.24771814284808,1.4019320060467084,10.749267308490047,8.675272021915363,1.0,0.0034180130042084913,0.0017882499322811466,0.01729332521092587,0.019017286287723312,62.5,60.5,7.000000000000003,92.06711643306208,202.34942353986855,96.41637052313449,245.33788530535136,115,130
cohface,lstm,cohface_7,3,18,0,0.610673681924073,1.3912995436286533,0.0388029812368923,0.8185869404377232,0.3234005095759951,0.7681167427285578,0.0388029812368923,0.18141305956227682,18.130128990247567,29.856700770203314,1.3912995436286533,13.97184624143585,4.527927311237892,1.0,0.17829714731410432,2.831550553287702e-05,0.03214278994935059,0.04879326816820485,61.0,61.333333333333336,7.000000000000001,215.344690228069,190.18057003857047,239.1143568999478,242.8642642453962,203,195
cohface,lstm,cohface_8,2,12,4,0.6180202066654893,1.2565860599646794,0.21213965811556207,0.7935815257813453,0.31525259934668715,0.7905689900058868,0.21213965811556207,0.20641847421865467,30.91162455773629,35.76151700835831,1.2565860599646794,13.908342951265457,6.025094346253338,1.0,0.046304983261131756,0.0001265298648845026,0.21049573695122156,0.21460553986207284,73.5,63.0,10.500000000000007,110.8191755277791,183.5430862662199,140.7885953173358,229.8999397583326,138,125
cohface,lstm,cohface_9,2,12,2,0.45709740986150926,1.2827122783782514,0.17802776459447645,0.8841977013706488,0.49372943681191017,0.7862146202702914,0.17802776459447645,0.11580229862935121,29.856898181403047,38.193054420184446,1.2827122783782514,12.883176287440092,7.540516032313359,1.0,0.010555297294105375,0.0005756217740684915,0.17732460544883769,0.1790825033129346,72.50000000000001,59.0,13.500000000000009,59.74193627340819,188.18914053759605,63.916866738432525,243.68081968087253,135,129
cohface,mamba,cohface_1,4,24,3,0.6540262491702759,1.302004398869982,0.15034719137091582,0.7997685847757429,0.27531888750770817,0.782999266855003,0.15034719137091582,0.20023141522425714,26.554499003598416,32.434596007943924,1.302004398869982,9.846475648949852,6.820234424397762,1.0,0.02145236809010005,0.0002801891060617723,0.1523922726616083,0.1472795694348771,84.25000000000001,68.75,15.500000000000005,76.85986732078152,193.61120253912895,80.10232364020237,242.01803088350104,317,299
cohface,mamba,cohface_10,4,24,2,0.7155578021327753,1.3954518445398547,0.026814395088115475,0.8070041664278718,0.207075250215921,0.7674246925766909,0.026814395088115475,0.19299583357212824,14.37029223759341,26.22509988209748,1.3954518445398547,11.166238059916578,6.530714273726059,1.0,0.028450837522032982,0.00020977070201172395,0.026357074785158443,0.02750037554255102,83.0,61.0,22.000000000000004,63.71496967407452,212.06177417107966,58.2643702626679,247.29884030846262,309,292
cohface,mamba,cohface_11,2,12,0,0.7790258750620156,1.2738100538546466,0.1982709744694714,0.7948668961371382,0.13668385035589337,0.7876983243575589,0.1982709744694714,0.20513310386286177,23.527297179506807,29.905273309169356,1.2738100538546466,14.8657810660795,6.901758286702439,1.0,0.019806141768338982,0.0003039808839152193,0.1887039733494111,0.21262147614956184,66.5,69.5,7.000000000000001,100.94764483258228,185.91449432017657,98.49789267992142,266.42474145083247,121,152
cohface,mamba,cohface_12,3,19,2,0.7046634841996677,1.2216660564416824,0.26294560214864504,0.7714581122611214,0.21915795974905294,0.7963889905930529,0.26294560214864504,0.22854188773887862,30.21378675227454,34.96172442356957,1.2216660564416824,14.355105876177223,6.556069537929629,1.0,0.02775830009716999,0.0002151563377931564,0.25376602326911407,0.2767149704679415,54.31578947368421,64.73684210526316,12.31578947368421,264.2085307432085,201.6658525123006,269.25824035672525,270.1511639363169,216,237
cohface,mamba,cohface_13,4,24,4,0.7503104344824479,1.3668989396984057,0.06883195180182572,0.8400620528330454,0.16853167504480038,0.7721835100502658,0.06883195180182572,0.15993794716695464,17.285259132525322,25.763337949743192,1.3668989396984057,14.456679357393638,5.660207027418583,1.0,0.0653626848987732,8.784990485725971e-05,0.06579364432568717,0.07338941301603355,66.5,64.0,7.500000000000001,87.52782664453231,195.20286693738876,96.6942386326784,251.73554877460975,247,291
cohface,mamba,cohface_14,2,12,2,0.46521223543292245,1.1519409061452612,0.34954177754701565,0.7780225711522395,0.48472941671946845,0.8080098489757898,0.34954177754701565,0.2219774288477605,41.63366413042052,45.62788138446553,1.1519409061452612,15.905274687613042,7.413557437406734,1.0,0.011967068566377366,0.0005070252684604671,0.3365160743746173,0.36908033230561327,83.0,76.0,7.000000000000004,69.86402182092215,149.38289482689163,79.00240066190922,192.56276789768984,157,155
cohface,mamba,cohface_15,4,24,4,0.7146280123832094,1.3593187984304163,0.0770155346529112,0.8476377200398069,0.20810646479400374,0.7734468669282639,0.0770155346529112,0.15236227996019314,18.867778162920708,27.06984292117659,1.3593187984304163,10.501988677973175,6.61978603325676,1.0,0.02608951124373046,0.00022930827026448834,0.07612620211684468,0.07834953345701098,83.00000000000001,64.5,18.50000000000001,64.89267439419609,203.0211231903688,72.35806959621185,263.37336673063646,321,288
cohface,mamba,cohface_16,4,24,1,0.833755772225563,1.2628322374831726,0.20414327475095112,0.8342697149779282,0.0759838180761584,0.7895279604194713,0.20414327475095112,0.16573028502207177,19.078785937912617,27.508977693644148,1.2628322374831726,12.03838432737846,5.360624527999207,1.0,0.08622497507460755,6.510946786642197e-05,0.2026273699866219,0.20641713189744496,57.5,64.5,8.5,119.75309343520948,206.54557756668035,115.90604180246945,255.23921881938406,214,313
cohface,mamba,cohface_17,2,12,4,0.7781490399205359,1.1400470413357793,0.35083822735940595,0.8032129182837605,0.13765633384572662,0.8099921597773702,0.35083822735940595,0.1967870817162395,27.903996719990698,34.79042166602617,1.1400470413357793,12.600921121152659,6.304412445890647,1.0,0.03542012624800257,0.00016729449380812356,0.350146371770768,0.3518760107423629,58.5,60.5,6.000000000000001,193.282474758559,202.1928302736857,254.44532662720331,276.8653314604519,177,148
cohface,mamba,cohface_18,4,24,3,0.5920395597247935,1.331954270501406,0.11622499089554356,0.7703234405282898,0.3440673092160673,0.778007621583099,0.11622499089554356,0.22967655947171017,26.97757972404084,33.96245262444451,1.331954270501406,13.468700673182694,5.585519792494887,1.0,0.07007617611018925,8.152818746746773e-05,0.11294891064653349,0.12113911126905863,77.75,66.25,12.0,52.82297223756275,189.89111744751455,66.85141710623621,240.56334391062177,283,287
cohface,mamba,cohface_19,4,24,4,0.6708514185178179,1.2588666631672263,0.21566501214877865,0.8398817266576172,0.2566583678386152,0.790188889472129,0.21566501214877865,0.16011827334238282,27.757151775468643,33.175844655912044,1.2588666631672263,15.211450512464161,4.069214723006845,1.0,0.2555524508248683,1.7898329464419404e-05,0.2076273621831066,0.22772148709728673,69.5,66.25,8.250000000000004,86.53656704703857,189.6362034470842,110.62026082623001,246.14001231083367,252,289
cohface,mamba,cohface_2,3,18,1,0.6531640025527562,1.2834046863552435,0.18046185982991972,0.8143694563182935,0.2762751911046276,0.7860992189407927,0.18046185982991972,0.1856305436817065,27.678564046973392,33.136706780486406,1.2834046863552435,11.585691416950779,8.946802455498705,1.0,0.002607369994560177,0.0023448235585677188,0.17643620552069914,0.1865003412937506,70.0,65.66666666666667,6.3333333333333375,65.84252806671962,210.98105485085773,56.90901829794961,273.68898475707505,194,230
cohface,mamba,cohface_20,4,24,2,0.5687772899877782,1.3501372629693706,0.08758081101443468,0.8818815588987082,0.36986711146523354,0.7749771228384382,0.08758081101443468,0.11811844110129177,22.154284129286808,31.58534895318465,1.3501372629693706,10.00722372521312,6.960067234619492,1.0,0.01870527579685979,0.00032222675761621407,0.08856468557078816,0.08610499917990448,75.5,65.25,11.750000000000002,37.017871267117464,208.65569062892556,43.5297745209101,263.98835130372726,276,290
cohface,mamba,cohface_21,4,24,3,0.7929082948658696,1.4258727566606186,-0.01973889299970341,0.8319974263442568,0.12128708599332438,0.7623545405565636,0.0,0.16800257365574323,0.5580061092848418,22.245754864045868,1.4258727566606186,12.270037674096073,5.130152459720801,1.0,0.10620051902942763,5.170793794984374e-05,-0.01655655909347577,-0.02451239385904487,86.5,64.75,22.25,59.91279309264179,214.2235478714902,54.41071875825085,262.7151133247395,328,284
cohface,mamba,cohface_22,4,24,3,0.6866063252159532,1.4790354135959634,-0.09363895836202522,0.8444532806870994,0.23918485893938812,0.7534940977340061,0.0,0.15554671931290065,0.6720603090582656,25.35636210911978,1.4790354135959634,11.329907488356945,5.6846389176611805,1.0,0.06388588644461408,9.002248289616045e-05,-0.09377287733549113,-0.09343807990182638,60.75,62.0,6.750000000000003,194.46626484653785,212.07907538961234,198.3640355464937,278.01673886047615,258,278
cohface,mamba,cohface_23,4,24,4,0.677103279338556,1.3969683927583034,0.024237237668646085,0.8804296655226034,0.24972453142936346,0.7671719345402828,0.024237237668646085,0.11957033447739662,13.399436307504619,25.95369845329387,1.3969683927583034,8.035475983306998,6.790830283375761,1.0,0.022078388445208593,0.0002720725426832355,0.024239654817141285,0.024233611945903292,84.75,63.25,22.00000000000001,77.90368405311953,219.78506982135139,105.05910225195339,262.9775598215501,318,288
cohface,mamba,cohface_24,4,24,1,0.6686396246422373,1.4570172722482626,-0.05932989759917755,0.7763849647731285,0.2591114321892145,0.7571637879586229,0.0,0.22361503522687154,0.7409418744066508,27.38891942938632,1.4570172722482626,13.798472662236033,4.174206693901014,1.0,0.23609544648217343,1.9879665437798723e-05,-0.06144966581488373,-0.05615024527561827,92.25,69.0,25.25,81.71627850614023,211.52559288263978,98.26622003516769,269.5492430430609,344,311
cohface,mamba,cohface_25,4,24,0,0.712284006474528,1.3875759003555082,0.039069369024366904,0.7934043329520313,0.21070616334442616,0.7687373499407486,0.039069369024366904,0.20659566704796872,16.399625445009185,26.99992631083814,1.3875759003555082,10.541795052343213,3.204335134540174,1.0,0.4490932184851671,7.537104994983039e-06,0.037316560376300684,0.04169858199646623,88.75,69.5,19.25,59.037548397887946,192.27814919992505,65.27212391803798,249.1868695195624,335,295
cohface,mamba,cohface_26,4,24,3,0.6538368323104571,1.385772886377312,0.038066218758552525,0.7820800874678675,0.27552896664363213,0.769037852270448,0.038066218758552525,0.2179199125321325,17.826292455450464,29.14701085811715,1.385772886377312,9.956685302480569,4.607531486539292,1.0,0.16693161632966597,3.066160996759083e-05,0.039816753690746796,0.03544041636026112,81.25,65.0,17.250000000000004,93.26292999047413,201.36407732958727,91.50127442542265,241.39164761074875,322,300
cohface,mamba,cohface_27,4,24,1,0.6706968912065513,1.3459340722407644,0.09431416703148918,0.8050194817200518,0.25682975154785104,0.7756776546265393,0.09431416703148918,0.19498051827994822,22.449216058834367,29.947481015509958,1.3459340722407644,14.648019776187507,4.533761482644795,1.0,0.17744400242349184,2.8481181160681404e-05,0.09423073659069628,0.09443931269267851,65.25,66.25,6.5000000000000036,100.24865351275461,200.98203300835817,132.2875655532295,274.1356889203769,241,290
cohface,mamba,cohface_28,3,18,1,0.7864782086452133,1.3129691715086462,0.1456053566759694,0.7726690674733869,0.1284185892736791,0.781171804748559,0.1456053566759694,0.22733093252661307,21.44976768234311,28.390773123992897,1.3129691715086462,14.877077133119641,5.14669159064243,1.0,0.10464078641097539,5.257020829248823e-05,0.13805597733394973,0.1569294256889989,66.33333333333333,64.66666666666667,7.000000000000003,120.90985894074576,225.21272538791854,120.36590799403676,286.37353914349103,184,222
cohface,mamba,cohface_29,4,28,0,0.7771933757079912,1.2650791752654549,0.19840720836469442,0.876121944214023,0.13871624536678617,0.7891534707890908,0.19840720836469442,0.12387805578597699,21.37650013362797,28.374334143445772,1.2650791752654549,7.190285920174012,7.459340197371804,1.0,0.011437661005470797,0.000530765258532644,0.19978734015483848,0.19633701067947829,54.857142857142854,64.07142857142857,9.642857142857144,203.841235018005,209.98348212527432,261.47689333066575,263.19220016593937,390,326
cohface,mamba,cohface_3,2,12,0,0.5914313231040714,1.2455652131372257,0.22965285749579942,0.8480230696505064,0.3447418944870979,0.7924057978104624,0.22965285749579942,0.15197693034949356,30.59953577143732,36.11949712268604,1.2455652131372257,14.389732283294656,8.145152893574929,1.0,0.005793819331093652,0.0010532223770636819,0.22428364991120864,0.23770666887268557,70.0,63.0,9.000000000000009,63.48510078477898,207.20586936780887,84.46076420241047,240.6721357429583,128,142
cohface,mamba,cohface_30,3,18,2,0.5988970158584657,1.1903813619128973,0.2900067194499286,0.7801437613763672,0.33646181696697885,0.8016031063478505,0.2900067194499286,0.2198562386236328,35.1578890255594,39.22324299193689,1.1903813619128973,12.270160562537937,4.1967504706410885,1.0,0.23205379405424986,2.033290877745395e-05,0.2914961066051979,0.28777263871702463,59.333333333333336,64.66666666666667,7.333333333333335,219.45406718071555,212.043576811086,248.08928927816584,246.2855368399973,194,216
cohface,mamba,cohface_31,3,18,3,0.7650381390133649,1.3669729135274113,0.07159883155095761,0.7967767521485104,0.1521974192401232,0.7721711810787648,0.07159883155095761,0.2032232478514896,17.796367370956943,26.221776102337515,1.3669729135274113,12.69562965102699,3.6547037097107253,1.0,0.34193035128825855,1.1824840462748062e-05,0.06569252684119023,0.08045828861560869,50.333333333333336,69.66666666666667,19.33333333333334,244.47388241428825,186.86418417980002,310.8567908932414,246.35963408588412,234,220
cohface,mamba,cohface_32,2,12,3,0.5483021041155948,1.0434928545241091,0.46194886658173295,0.8310707591262908,0.39257580466195496,0.8260845242459818,0.46194886658173295,0.1689292408737092,40.41113924427854,45.53601543970446,1.0434928545241091,13.769985231655147,6.879619099508027,1.0,0.020240549303535436,0.0002973269236171967,0.4555613312785632,0.4715301695364877,61.0,63.0,4.000000000000003,71.3004540016008,210.52674815664346,71.75315220591473,272.88144992704383,113,138
cohface,mamba,cohface_33,2,12,3,0.4953881230641611,1.4128461481330596,0.0031539274689991272,0.8669080002057588,0.4512618341327096,0.7645256419778234,0.0031539274689991272,0.13309199979424124,8.861207228711597,31.584825683492557,1.4128461481330596,12.248169348936521,7.463836725784656,1.0,0.011386931004918636,0.0005331559580637152,0.001932880852788199,0.004985497393315519,77.5,63.0,14.500000000000005,79.48032834430377,208.3869715236608,89.03008811153275,237.72083213267354,141,146
cohface,mamba,cohface_34,4,24,0,0.6397609196590027,1.384218324616668,0.04095580342534259,0.8473224970729458,0.29114033075339485,0.769296945897222,0.04095580342534259,0.15267750292705418,17.254372020627926,28.402373001847646,1.384218324616668,14.312592281505193,4.590721231956085,1.0,0.16928244884669252,3.015050398523985e-05,0.04196981489771259,0.03943478621678759,61.5,66.25,7.75,201.4614101021733,191.51055909926262,245.45875417267152,241.8791744970008,254,295
cohface,mamba,cohface_35,4,24,4,0.7905813141457948,1.3901995071788187,0.03904024446414647,0.8288950521669609,0.12386790218599464,0.7683000821368635,0.03904024446414647,0.1711049478330391,13.461705423629757,23.675344998902283,1.3901995071788187,12.542024982798186,4.686573097258929,1.0,0.1562270429778493,3.318342390426665e-05,0.03367266511988493,0.04709161348053878,85.25,62.75,22.500000000000004,70.19682395362624,207.0376967088979,74.27616813313924,266.43600036873784,319,277
cohface,mamba,cohface_36,4,24,0,0.7859012185400731,1.450648634950687,0.008356311787675787,0.7668770926933087,0.1290585195462034,0.7582252275082189,0.008356311787675787,0.23312290730669127,9.105777425992308,23.94940763631458,1.4073440764026504,14.319147264533171,2.911594025786128,1.0307704130597037,0.5220871100622186,5.6243138555844075e-06,0.009691325307185585,0.006353791508411089,89.75,63.75,26.5,114.99474664308876,214.51506672067168,102.41475504673164,283.01006513849825,336,288
cohface,mamba,cohface_37,2,12,2,0.4330688457479664,1.0189400333172098,0.4699341811979004,0.8103989678830539,0.5203791235995401,0.8301766611137984,0.4699341811979004,0.18960103211694612,45.28030187249569,50.104953008538104,1.0189400333172098,9.817506786021822,8.186627041147386,1.0,0.005559749069366539,0.001097773396900668,0.4808806042517616,0.4535145466171087,62.5,67.5,9.000000000000002,175.17525732160487,177.56205864861116,193.54331916509696,227.99122790142604,134,137
cohface,mamba,cohface_38,3,16,1,0.790701057050569,1.2786573652792597,0.19073543657380576,0.7900525735509732,0.12373509729211107,0.7868904391201234,0.19073543657380576,0.20994742644902675,22.671604267147117,29.37087332736051,1.2786573652792597,15.03278115056732,3.4295446472808666,1.0,0.39423507083341913,9.440847600856153e-06,0.182517671108551,0.20306208477168794,62.625,62.25,7.875000000000002,243.34171038706262,202.28152741221456,224.82734993346892,270.8733944730145,185,208
cohface,mamba,cohface_39,4,24,0,0.6143351403582882,1.3806001852764276,0.047239481669223274,0.8693075870956568,0.3193396460139163,0.7698999691205954,0.047239481669223274,0.1306924129043432,17.951648030622867,29.00922147099296,1.3806001852764276,13.222337565716039,6.0719547222437935,1.0,0.04427903314305244,0.00013259941579862834,0.046971564207346723,0.047641357862038096,63.0,64.5,8.000000000000004,201.20302052886046,198.4802961790837,210.9884571066817,264.86460070190736,272,285
cohface,mamba,cohface_4,3,18,1,0.8167661969704034,1.3270602928009012,0.1300538364547517,0.8074296364692591,0.09482667764385444,0.7788232845331832,0.1300538364547517,0.19257036353074086,18.302979206749264,26.174288384236664,1.3270602928009012,14.483978584198908,6.13577395222335,1.0,0.04165549807305597,0.0001413364423040725,0.11945548963559317,0.14595135668348946,56.0,61.666666666666664,5.666666666666668,241.0869523040225,214.75439669273982,287.75744616966387,265.10726648867626,248,222
cohface,mamba,cohface_40,4,24,1,0.8109893585691577,1.1454031846668584,0.34838823328719876,0.8416502795775556,0.10123367447015186,0.8090994692221902,0.34838823328719876,0.15834972042244444,24.307505190970012,32.83764102561321,1.1454031846668584,11.125784009051205,7.799090644462554,1.0,0.008169936537988361,0.0007453512421684602,0.34402577227750936,0.35493192480173286,61.5,65.5,5.000000000000003,105.9449640229461,214.46483423367937,116.29441192036032,258.7150038892411,229,302
cohface,mamba,cohface_5,4,24,2,0.6468372565966319,1.3571483860591216,0.07783628169221139,0.7842071388880341,0.28329208139065964,0.7738086023234797,0.07783628169221139,0.21579286111196594,22.26173866789859,30.62588016119504,1.3571483860591216,9.678788804222558,9.268535147395717,1.0,0.001891418208196042,0.003231845535072691,0.07907412910856093,0.07597951056768708,74.0,62.25,12.750000000000005,85.05686403702961,198.79975749916449,82.69186576702462,239.23240344305975,277,304
cohface,mamba,cohface_6,2,12,4,0.6351799166323063,1.3928134984715552,0.028153523121161976,0.8925204390298611,0.29622104615768474,0.7678644169214075,0.028153523121161976,0.10747956097013889,14.443308370990115,27.238116636196334,1.3928134984715552,10.805946982101073,8.675272021915363,1.0,0.0034180130042084913,0.0017882499322811466,0.03003527923771337,0.025330888946334885,62.5,64.5,7.0000000000000036,92.06711643306208,192.825654088272,96.41637052313449,227.36075603724314,115,139
cohface,mamba,cohface_7,3,18,0,0.6755290754642879,1.379559720495118,0.050944751036023056,0.8260011790818245,0.2514704551554289,0.7700733799174804,0.050944751036023056,0.17399882091817553,18.100543139698498,27.953900202456676,1.379559720495118,14.045448982363364,4.527927311237892,1.0,0.17829714731410432,2.831550553287702e-05,0.048407488793715835,0.05475064439948388,61.0,62.666666666666664,7.000000000000002,215.344690228069,196.96585125017094,239.1143568999478,252.73374438277568,203,209
cohface,mamba,cohface_8,2,12,4,0.5510650744380752,1.2621133072972286,0.20118773233983878,0.8099089377269483,0.38951143954426903,0.7896477821171286,0.20118773233983878,0.19009106227305173,31.879796264528437,37.31575204432684,1.2621133072972286,13.870220785497034,6.025094346253338,1.0,0.046304983261131756,0.0001265298648845026,0.20353499977162584,0.1976668311921582,73.5,69.0,8.500000000000004,110.8191755277791,211.28758021461218,140.7885953173358,280.83633600203456,138,138
cohface,mamba,cohface_9,2,12,2,0.6211883421385823,1.2369638383238668,0.24049814115129578,0.8378030516690828,0.3117388721984584,0.7938393602793555,0.24049814115129578,0.16219694833091725,30.508852033814215,35.68783657269808,1.2369638383238668,13.198621254618033,7.540516032313359,1.0,0.010555297294105375,0.0005756217740684915,0.23496023133954322,0.24880500586892462,72.50000000000001,65.5,8.000000000000009,59.74193627340819,204.36254080674232,63.916866738432525,268.3626623033065,135,147
cohface,physdiff,cohface_1,4,24,3,0.6963055525025815,1.3407055131461967,0.09674397235891508,0.8049155144919495,0.22842760486256242,0.7765490811423006,0.09674397235891508,0.19508448550805046,21.846912994805322,29.187818649651348,1.3407055131461967,9.592056774120202,6.820234424397762,1.0,0.02145236809010005,0.0002801891060617723,0.10125436350969685,0.08997838563274242,84.25000000000001,77.0,10.75,76.85986732078152,179.61432590363358,80.10232364020237,246.4287405782988,317,330
cohface,physdiff,cohface_10,4,24,2,0.6004940159546749,1.3585894902209719,0.07755442257684472,0.7908727743652052,0.3346906103246392,0.7735684182965047,0.07755442257684472,0.2091272256347948,23.23041083892624,32.021263865670505,1.3585894902209719,11.398770128349893,6.530714273726059,1.0,0.028450837522032982,0.00020977070201172395,0.07711729853055983,0.07821010864627208,83.0,72.5,16.5,63.71496967407452,204.86017544341368,58.2643702626679,282.8285017723479,309,335
cohface,physdiff,cohface_11,2,12,0,0.8607926686005293,1.311995144614173,0.1464155125719022,0.776177351267017,0.04599763926423506,0.7813341425643044,0.1464155125719022,0.22382264873298297,15.741458081825584,25.875530381029865,1.311995144614173,14.609229956417316,6.901758286702439,1.0,0.019806141768338982,0.0003039808839152193,0.13933437025441733,0.1570372260481295,66.5,76.0,11.500000000000005,100.94764483258228,195.6686740041261,98.49789267992142,265.81552764434593,121,164
cohface,physdiff,cohface_12,3,19,2,0.7503137334498504,1.2775284380107748,0.18680749668312607,0.7814668032649869,0.16852801621410274,0.7870785936648709,0.18680749668312607,0.21853319673501315,24.918794394722873,30.772301194914547,1.2775284380107748,13.96674449496748,6.556069537929629,1.0,0.02775830009716999,0.0002151563377931564,0.18396054503687514,0.1910779241525024,54.31578947368421,72.3157894736842,18.0,264.2085307432085,182.97440044399318,269.25824035672525,245.6118955833217,216,265
cohface,physdiff,cohface_13,4,24,4,0.8545441009355095,1.3614804107569867,0.0773318405935946,0.8170974384645556,0.05292782328843304,0.7730865982071689,0.0773318405935946,0.18290256153544437,12.992786457160943,23.027573111313092,1.3614804107569867,14.491179549791667,5.660207027418583,1.0,0.0653626848987732,8.784990485725971e-05,0.07318554556249322,0.08355128314024665,66.5,69.75,9.750000000000005,87.52782664453231,196.1186462601754,96.6942386326784,273.0842360884275,247,324
cohface,physdiff,cohface_14,2,12,2,0.5425997916250894,1.2887826463419645,0.1773899155626826,0.8016367129436756,0.3989001460216415,0.7852028922763392,0.1773899155626826,0.19836328705632444,31.147742383447323,36.960025434182995,1.2887826463419645,14.930285107868144,7.413557437406734,1.0,0.011967068566377366,0.0005070252684604671,0.16951964524390142,0.18919532104085435,83.0,82.5,2.5,69.86402182092215,152.21044511456878,79.00240066190922,211.9769103612838,157,164
cohface,physdiff,cohface_15,4,24,4,0.6884828021482924,1.3906703402807774,0.032496564319392955,0.8159843469367065,0.23710368911689073,0.7682216099532038,0.032496564319392955,0.18401565306329348,15.70727998300178,27.132752863418457,1.3906703402807774,10.303931291079419,6.61978603325676,1.0,0.02608951124373046,0.00022930827026448834,0.033018002331673235,0.03171440730097254,83.00000000000001,70.75,12.750000000000009,64.89267439419609,213.69065290991517,72.35806959621185,299.63378548722676,321,320
cohface,physdiff,cohface_16,4,24,1,0.8441485304614673,1.2972254755899664,0.15829626813085387,0.8594803040969378,0.06445738018591796,0.7837957540683389,0.15829626813085387,0.14051969590306224,16.255900017931978,25.168918448931176,1.2972254755899664,11.804988147606416,5.360624527999207,1.0,0.08622497507460755,6.510946786642197e-05,0.15860303274019277,0.15783612121684554,57.5,72.5,16.5,119.75309343520948,199.34625717776518,115.90604180246945,271.6317061459944,214,320
cohface,physdiff,cohface_17,2,12,4,0.6442047385106754,1.223163887549193,0.2514539340872924,0.7797529294916076,0.2862117640700742,0.7961393520751345,0.2514539340872924,0.22024707050839243,32.05705489308394,36.45769939639154,1.223163887549193,11.989683546532552,6.304412445890647,1.0,0.03542012624800257,0.00016729449380812356,0.2519350520977724,0.2507322570715724,58.5,72.5,17.0,193.282474758559,166.77722152309403,254.44532662720331,232.43057587748595,177,158
cohface,physdiff,cohface_18,4,24,3,0.6699209417774502,1.3295241540085128,0.12250933008035661,0.7535196279376383,0.25769034434694094,0.7784126409985812,0.12250933008035661,0.24648037206236173,25.490516618273634,31.90385049403779,1.3295241540085128,13.484562330625678,5.585519792494887,1.0,0.07007617611018925,8.152818746746773e-05,0.1161827619539745,0.13199918226992977,77.75,71.0,9.750000000000002,52.82297223756275,201.32927963353805,66.85141710623621,269.25824035672525,283,323
cohface,physdiff,cohface_19,4,24,4,0.7990200369651707,1.2836996118481532,0.18312210943134652,0.8214087805891495,0.11450865296239077,0.7860500646919745,0.18312210943134652,0.17859121941085054,21.18047953822206,28.22174855386862,1.2836996118481532,15.041776972223285,4.069214723006845,1.0,0.2555524508248683,1.7898329464419404e-05,0.1760576532704504,0.19371879367269068,69.5,76.25,10.75,86.53656704703857,189.86699998370176,110.62026082623001,242.37542609777847,252,325
cohface,physdiff,cohface_2,3,18,1,0.7865028728790171,1.298104141878603,0.15864512120823668,0.835467947713721,0.1283912345760525,0.7836493096868995,0.15864512120823668,0.16453205228627898,20.642537526743514,27.57471791299225,1.298104141878603,11.48677312006008,8.946802455498705,1.0,0.002607369994560177,0.0023448235585677188,0.15746281841880796,0.16041857539237978,70.0,69.66666666666667,8.333333333333336,65.84252806671962,188.34469663836393,56.90901829794961,247.465970952899,194,254
cohface,physdiff,cohface_20,4,24,2,0.7070232173365185,1.3663038812039399,0.06605421161324776,0.875990503058102,0.21654081838753392,0.7722826864660101,0.06605421161324776,0.124009496941898,17.493565483992636,26.403694568181614,1.3663038812039399,9.903836158719487,6.960067234619492,1.0,0.01870527579685979,0.00032222675761621407,0.0666068521035249,0.06522525087783206,75.5,70.5,12.0,37.017871267117464,213.42266685717846,43.5297745209101,264.62268947547733,276,322
cohface,physdiff,cohface_21,4,24,3,0.7006904763643815,1.368855422860508,0.062371770810942084,0.8134606279709985,0.22356435764760663,0.7718574295232487,0.062371770810942084,0.1865393720290015,18.835567601458536,27.746019884801466,1.368855422860508,12.624501483464346,5.130152459720801,1.0,0.10620051902942763,5.170793794984374e-05,0.06311741565268984,0.06125330354832046,86.5,72.0,17.499999999999996,59.91279309264179,192.22419960556041,54.41071875825085,244.22123770258764,328,333
cohface,physdiff,cohface_22,4,24,3,0.7775250531535575,1.462765105290938,-0.06665134389140107,0.8445100209102411,0.13834838734592847,0.7562058157848437,0.0,0.15548997908975892,0.5706380330052335,22.384367517869908,1.462765105290938,11.42598711197562,5.6846389176611805,1.0,0.06388588644461408,9.002248289616045e-05,-0.06984087662840442,-0.06186704478589604,60.75,66.0,8.250000000000002,194.46626484653785,195.21682671324902,198.3640355464937,264.2065191204841,258,319
cohface,physdiff,cohface_23,4,24,4,0.5879602454202953,1.425290954433614,-0.013483605414832697,0.8589912194697242,0.34859160987795756,0.7624515075943976,0.0,0.14100878053027577,0.7395827205702679,28.526954058832192,1.425290954433614,7.8611370061752,6.790830283375761,1.0,0.022078388445208593,0.0002720725426832355,-0.015727152395141157,-0.010118284944370006,84.75,69.5,17.250000000000004,77.90368405311953,196.5811667112134,105.05910225195339,264.901297407961,318,328
cohface,physdiff,cohface_24,4,24,1,0.7391590049156761,1.4913518464821836,-0.1170337809806814,0.789247377793798,0.18089954287845456,0.751441358919636,0.0,0.21075262220620194,0.6563943847530502,24.670865908870397,1.4913518464821836,13.596164340094461,4.174206693901014,1.0,0.23609544648217343,1.9879665437798723e-05,-0.11206516500290926,-0.1244867049473396,92.25,71.75,22.0,81.71627850614023,205.5864434927419,98.26622003516769,258.1614823969244,344,326
cohface,physdiff,cohface_25,4,24,0,0.5456540254162533,1.3774219653422206,0.05201778979027904,0.7640151172478433,0.3955127453627383,0.7704296724429632,0.05201778979027904,0.23598488275215668,22.177732981517405,33.55420715849292,1.3774219653422206,10.605589933692993,3.204335134540174,1.0,0.4490932184851671,7.537104994983039e-06,0.0513543646963873,0.053012927431116644,88.75,72.0,19.25,59.037548397887946,175.00956276186895,65.27212391803798,233.8918853075901,335,338
cohface,physdiff,cohface_26,4,24,3,0.5821600654449652,1.3480179889389428,0.09310988175360027,0.7662000934489848,0.3550244944616564,0.7753303351768429,0.09310988175360027,0.23379990655101524,25.55303264237365,33.62663612101486,1.3480179889389428,10.19661274291183,4.607531486539292,1.0,0.16693161632966597,3.066160996759083e-05,0.09142375074850397,0.09563907826124471,81.25,79.75,15.500000000000005,93.26292999047413,188.42363515971036,91.50127442542265,244.98287959708756,322,325
cohface,physdiff,cohface_27,4,24,1,0.8240182106779503,1.3509335515770757,0.09131831605627344,0.8112385441918595,0.08678358805379449,0.7748444080704874,0.09131831605627344,0.18876145580814052,15.948660495163175,24.615174400874594,1.3509335515770757,14.61581576652502,4.533761482644795,1.0,0.17744400242349184,2.8481181160681404e-05,0.08748926961167433,0.09706188572317212,65.25,67.0,8.750000000000004,100.24865351275461,199.40508317803318,132.2875655532295,266.903772476854,241,327
cohface,physdiff,cohface_28,3,18,1,0.8758478978853818,1.2930046769890051,0.16729946702192583,0.7903936615259028,0.029300131120952422,0.7844992205018325,0.16729946702192583,0.20960633847409715,14.135416905776262,25.780099123804945,1.2930046769890051,15.010165796967634,5.14669159064243,1.0,0.10464078641097539,5.257020829248823e-05,0.1640694526422792,0.17214448859139572,66.33333333333333,69.33333333333333,11.0,120.90985894074576,204.33389515720765,120.36590799403676,249.89537559700833,184,257
cohface,physdiff,cohface_29,4,28,0,0.6713713247783517,1.2759768816372525,0.18609591258597474,0.8439102379135357,0.25608174832291375,0.7873371863937912,0.18609591258597474,0.1560897620864643,26.384062961464327,32.13386879687177,1.2759768816372525,7.115783939058046,7.459340197371804,1.0,0.011437661005470797,0.000530765258532644,0.18594149876363647,0.18632753331948215,54.857142857142854,67.92857142857143,13.071428571428573,203.841235018005,193.05207532397944,261.47689333066575,243.45295433453265,390,377
cohface,physdiff,cohface_3,2,12,0,0.7900058491070608,1.3289814981188086,0.11811450954251465,0.8469610987094007,0.12450614103235369,0.7785030836468653,0.11811450954251465,0.15303890129059927,18.42725485616448,25.909459215995344,1.3289814981188086,13.826682997311195,8.145152893574929,1.0,0.005793819331093652,0.0010532223770636819,0.11690408882894332,0.11993014061287163,70.0,71.5,12.500000000000005,63.48510078477898,210.00612775452197,84.46076420241047,255.0799668215522,128,164
cohface,physdiff,cohface_30,3,18,2,0.7013851147669682,1.2528577358493747,0.21614518621143608,0.7723086194088089,0.22279394557586896,0.7911903773584376,0.21614518621143608,0.2276913805911911,28.570655406967315,33.54580911261173,1.2528577358493747,11.825847752406982,4.1967504706410885,1.0,0.23205379405424986,2.033290877745395e-05,0.2151737468611892,0.21760234523680647,59.333333333333336,70.66666666666667,13.333333333333336,219.45406718071555,203.36989211383192,248.08928927816584,257.34619527046345,194,236
cohface,physdiff,cohface_31,3,18,3,0.7335098064379686,1.3886417470758734,0.04071088003964293,0.7715481092166367,0.18716497635673757,0.7685597088206878,0.04071088003964293,0.22845189078336325,16.348390255276897,26.77650768397244,1.3886417470758734,12.559023485436727,3.6547037097107253,1.0,0.34193035128825855,1.1824840462748062e-05,0.03583704913903316,0.0480216263905576,50.333333333333336,75.0,24.66666666666667,244.47388241428825,195.76300378834642,310.8567908932414,267.323520115196,234,254
cohface,physdiff,cohface_32,2,12,3,0.8315034532800332,1.139779145233123,0.35625025835721913,0.8319717399957265,0.07848182811789794,0.8100368091278128,0.35625025835721913,0.1680282600042735,22.94746449018308,32.60326397689524,1.139779145233123,13.003360695187986,6.879619099508027,1.0,0.020240549303535436,0.0002973269236171967,0.3504517500458258,0.3649480208243091,61.0,67.0,9.000000000000004,71.3004540016008,197.76654434724105,71.75315220591473,274.51701047675704,113,158
cohface,physdiff,cohface_33,2,12,3,0.8031452637834607,1.413832256440465,0.0004917854320874977,0.8592171152060891,0.10993343148365908,0.7643612905932559,0.0004917854320874977,0.14078288479391088,3.359242391975336,21.415640015215732,1.413832256440465,12.242109071076182,7.463836725784656,1.0,0.011386931004918636,0.0005331559580637152,0.000539175324231409,0.0004207005938716309,77.5,78.0,13.5,79.48032834430377,200.52015692526612,89.03008811153275,276.9832941224614,141,169
cohface,physdiff,cohface_34,4,24,0,0.7674468174276069,1.3970418295068971,0.026308296872426525,0.8334764522161865,0.14952599347334194,0.7671596950821838,0.026308296872426525,0.1665235477838135,12.580998649549674,23.948693567693002,1.3970418295068971,14.23249597165605,4.590721231956085,1.0,0.16928244884669252,3.015050398523985e-05,0.02413706330401101,0.029565147225049795,61.5,71.5,12.000000000000002,201.4614101021733,198.11494334182186,245.45875417267152,264.067308889535,254,322
cohface,physdiff,cohface_35,4,24,4,0.6478790220215277,1.392922572081083,0.03174737026067889,0.8104610307706179,0.28213667642561613,0.7678462379864862,0.03174737026067889,0.18953896922938207,16.528930211449712,28.56422554490622,1.392922572081083,12.525028064882072,4.686573097258929,1.0,0.1562270429778493,3.318342390426665e-05,0.02988335409351012,0.034543394511432055,85.25,70.75,19.500000000000004,70.19682395362624,199.33793835711796,74.27616813313924,275.0228788530464,319,322
cohface,physdiff,cohface_36,4,24,0,0.7525293104678497,1.4462948135343878,0.016223551701755583,0.7355223154996762,0.16607075604222787,0.7589508644109354,0.016223551701755583,0.26447768450032383,12.29284112565577,25.93740021054469,1.4031202246494985,14.345255361892189,2.911594025786128,1.0307704130597037,0.5220871100622186,5.6243138555844075e-06,0.015626817589770508,0.017118652869733197,89.75,67.5,23.25,114.99474664308876,200.0721010352335,102.41475504673164,260.23599343140006,336,327
cohface,physdiff,cohface_37,2,12,2,0.5434390961655345,1.167682954431479,0.3078236093493042,0.8380952867379564,0.397969287106535,0.8053861742614201,0.3078236093493042,0.1619047132620436,35.4403642903954,40.519604644144444,1.167682954431479,8.633980488550867,8.186627041147386,1.0,0.005559749069366539,0.001097773396900668,0.3182582589650863,0.2921716349256311,62.5,64.0,6.500000000000003,175.17525732160487,219.45309270110397,193.54331916509696,281.0229182771662,134,146
cohface,physdiff,cohface_38,3,16,1,0.8687040926832352,1.294186613887336,0.16888308952837797,0.8219759459817607,0.03722320843050109,0.7843022310187774,0.16888308952837797,0.17802405401823929,14.740506895073763,25.429714639506706,1.294186613887336,14.927926772522344,3.4295446472808666,1.0,0.39423507083341913,9.440847600856153e-06,0.16254050421741595,0.178396967494821,62.625,62.25,6.375000000000002,243.34171038706262,215.1786259954072,224.82734993346892,274.2945497088852,185,216
cohface,physdiff,cohface_39,4,24,0,0.7432832633224794,1.371021974682776,0.06111488572176217,0.8378577619485486,0.17632539544903703,0.7714963375528706,0.06111488572176217,0.16214223805145145,16.950580174252902,25.79597994721042,1.371021974682776,13.282807798426308,6.0719547222437935,1.0,0.04427903314305244,0.00013259941579862834,0.06014937246847064,0.06256315560169946,63.0,67.5,9.500000000000007,201.20302052886046,188.8115467638725,210.9884571066817,253.2625400477125,272,327
cohface,physdiff,cohface_4,3,18,1,0.8048309133745901,1.3524296290549793,0.09194637434074981,0.8385543386694259,0.10806390513888786,0.7745950618241702,0.09194637434074981,0.16144566133057414,16.541877500765928,24.72112284748402,1.3524296290549793,14.319498144956222,6.13577395222335,1.0,0.04165549807305597,0.0001413364423040725,0.08546704922710555,0.10166536201121622,56.0,66.66666666666667,11.333333333333334,241.0869523040225,196.6119274103176,287.75744616966387,271.25989894031375,248,256
cohface,physdiff,cohface_40,4,24,1,0.7977906489797787,1.208570372553016,0.27421664214041386,0.8691701341730113,0.1158721470353764,0.7985716045744974,0.27421664214041386,0.13082986582698874,22.616531968107026,30.29069308330343,1.208570372553016,10.659512863799739,7.799090644462554,1.0,0.008169936537988361,0.0007453512421684602,0.2696788272935322,0.2810233644107363,61.5,71.5,11.500000000000002,105.9449640229461,208.83223288526176,116.29441192036032,269.4918160653019,229,322
cohface,physdiff,cohface_5,4,24,2,0.715254475903499,1.367128247667985,0.06334789461232446,0.7786884774250188,0.2074116643672822,0.7721452920553359,0.06334789461232446,0.2213115225749812,19.14741804716434,27.991923061994544,1.367128247667985,9.615150359265268,9.268535147395717,1.0,0.001891418208196042,0.003231845535072691,0.06548017721413246,0.060149470709612435,74.0,74.5,9.500000000000002,85.05686403702961,195.0846057386197,82.69186576702462,272.1830290193965,277,335
cohface,physdiff,cohface_6,2,12,4,0.8105283568098464,1.3774387708592117,0.048104590750760026,0.8686634383093538,0.10174496396860622,0.7704268715234647,0.048104590750760026,0.13133656169064623,12.821334975267284,22.530755305863202,1.3774387708592117,10.902360265384935,8.675272021915363,1.0,0.0034180130042084913,0.0017882499322811466,0.05133121626693194,0.043264652476502165,62.5,68.0,11.500000000000005,92.06711643306208,192.01827805779388,96.41637052313449,255.55888720133802,115,157
cohface,physdiff,cohface_7,3,18,0,0.7413464794764101,1.3779367007489438,0.05876692898960369,0.79379863745285,0.17847345068151754,0.7703438832085093,0.05876692898960369,0.20620136254715005,17.63628948757884,26.648116305246827,1.3779367007489438,14.055673744154522,4.527927311237892,1.0,0.17829714731410432,2.831550553287702e-05,0.05064522436455796,0.07094948592717228,61.0,64.66666666666667,10.333333333333336,215.344690228069,194.30387841359595,239.1143568999478,272.22046635197165,203,244
cohface,physdiff,cohface_8,2,12,4,0.6264400906070168,1.2490443798471162,0.22277038156905052,0.7799744617136313,0.30591424401385914,0.7918259366921473,0.22277038156905052,0.22002553828636873,31.49616721092366,36.09756826705761,1.2490443798471162,13.960630310138393,6.025094346253338,1.0,0.046304983261131756,0.0001265298648845026,0.21994406858616627,0.2270098510433769,73.5,64.5,12.000000000000005,110.8191755277791,197.94323341847613,140.7885953173358,263.7549367626446,138,162
cohface,physdiff,cohface_9,2,12,2,0.6708787630585146,1.2168541100223222,0.2639224790985236,0.828199901812812,0.2566280404565263,0.7971909816629463,0.2639224790985236,0.171800098187188,29.960655014705424,34.996337183654184,1.2168541100223222,13.340991059522445,7.540516032313359,1.0,0.010555297294105375,0.0005756217740684915,0.2596330374608911,0.27035664155497247,72.50000000000001,72.5,12.000000000000005,59.74193627340819,182.43883754932727,63.916866738432525,262.251524435923,135,157
cohface,pos,cohface_1,4,24,3,0.6587343642383092,1.3330045011922433,0.114563241764738,0.7222099043164282,0.27009719422090483,0.7778325831346261,0.114563241764738,0.2777900956835718,25.947181391178397,32.652266655933246,1.3330045011922433,9.64209236103759,6.820234424397762,1.0,0.02145236809010005,0.0002801891060617723,0.11154949990060925,0.11908385456093117,84.25000000000001,70.75,13.500000000000005,76.85986732078152,203.42487587074893,80.10232364020237,265.30509315282694,317,289
cohface,pos,cohface_10,4,24,2,0.7812318429510802,1.462850819150114,-0.07064710319464866,0.7727262389909214,0.13423724751148924,0.7561915301416476,0.0,0.2272737610090786,0.6100959374085199,23.696423248359206,1.462850819150114,10.756534356721783,6.530714273726059,1.0,0.028450837522032982,0.00020977070201172395,-0.06996625954407969,-0.07166836867050212,83.0,61.25,21.750000000000004,63.71496967407452,232.1208853202239,58.2643702626679,291.5305804972771,309,276
cohface,pos,cohface_11,2,12,0,0.7217587024205857,1.4343033544720787,-0.029407190780956695,0.7067079527049666,0.20019793329883007,0.7609494409213202,0.0,0.29329204729503344,0.7247180779203588,27.09076776329198,1.4343033544720787,13.835054230404932,6.901758286702439,1.0,0.019806141768338982,0.0003039808839152193,-0.028613056324928696,-0.030598392464998687,66.5,69.0,9.5,100.94764483258228,215.3117041803516,98.49789267992142,290.8541796951762,121,142
cohface,pos,cohface_12,3,19,2,0.8057509637988373,1.4752327461763852,-0.08584302296972307,0.7469574366028531,0.10704349228695242,0.7541278756372691,0.0,0.2530425633971469,0.5820975822133357,23.354713549296896,1.4752327461763852,12.71694514312113,6.556069537929629,1.0,0.02775830009716999,0.0002151563377931564,-0.08815582769555948,-0.08237381588096845,54.31578947368421,64.42105263157895,13.263157894736844,264.2085307432085,218.77472504276463,269.25824035672525,290.8110699945456,216,223
cohface,pos,cohface_13,4,24,4,0.6483830676932066,1.4623606517262684,-0.07274537494590237,0.7746572820747444,0.2815776476291624,0.7562732247122886,0.0,0.22534271792525562,0.7606483079341483,28.079648281625758,1.4623606517262684,13.870317633428112,5.660207027418583,1.0,0.0653626848987732,8.784990485725971e-05,-0.06924933785863849,-0.0779894305767982,66.5,63.25,10.250000000000002,87.52782664453231,220.0699675570741,96.6942386326784,294.41467354736244,247,274
cohface,pos,cohface_14,2,12,2,0.4955295035634435,1.1937877535057304,0.3034621678254724,0.6718582321174528,0.4511050313372553,0.8010353744157116,0.3034621678254724,0.32814176788254723,42.15579751800308,45.220558820847,1.1937877535057304,15.595336312822042,7.413557437406734,1.0,0.011967068566377366,0.0005070252684604671,0.2874353997898707,0.3275023198788749,83.0,77.5,5.500000000000004,69.86402182092215,150.1962367328947,79.00240066190922,211.6299459966692,157,153
cohface,pos,cohface_15,4,24,4,0.841533549740868,1.406943262786415,0.016559324862810514,0.7254150977945376,0.06735761246073724,0.7655094562022642,0.016559324862810514,0.2745849022054624,9.52257136696571,23.319395287860964,1.406943262786415,10.20288345306107,6.61978603325676,1.0,0.02608951124373046,0.00022930827026448834,0.010255327649958476,0.026015320682088568,83.00000000000001,62.5,20.50000000000001,64.89267439419609,214.69624881517012,72.35806959621185,279.5654891883081,321,279
cohface,pos,cohface_16,4,24,1,0.740455878272044,1.4694823666007468,-0.080809221778792,0.7927225740195615,0.17946120188616255,0.7550862722332089,0.0,0.20727742598043852,0.6532822944428464,24.631110020857825,1.4694823666007468,10.722009946905136,5.360624527999207,1.0,0.08622497507460755,6.510946786642197e-05,-0.07968921287526574,-0.08248923513408138,57.5,64.5,10.5,119.75309343520948,209.0228012581668,115.90604180246945,287.8418683521745,214,279
cohface,pos,cohface_17,2,12,4,0.8850479251896871,1.364548113442616,0.07901942994410374,0.6952756026055491,0.01909653156590474,0.7725753144262306,0.07901942994410374,0.3047243973944509,10.665374925914495,24.489473081713886,1.364548113442616,11.039599491248755,6.304412445890647,1.0,0.03542012624800257,0.00016729449380812356,0.06900422305009879,0.09404224028511116,58.5,67.5,13.0,193.282474758559,171.94950000667652,254.44532662720331,233.21516455217753,177,143
cohface,pos,cohface_18,4,24,3,0.6502176734643188,1.4344349620220131,-0.02663651979814334,0.7000731907775428,0.2795429164255878,0.7609275063296644,0.0,0.2999268092224572,0.8046486031220731,29.60337380381007,1.4344349620220131,12.82486972740412,5.585519792494887,1.0,0.07007617611018925,8.152818746746773e-05,-0.028801830135546935,-0.023388554292037945,77.75,68.25,10.500000000000002,52.82297223756275,210.32390833155821,66.85141710623621,282.2057366904713,283,281
cohface,pos,cohface_19,4,24,4,0.6635439000012257,1.3757401296010299,0.05411270473600252,0.7214048773142856,0.2647630169030273,0.7707099783998284,0.05411270473600252,0.2785951226857144,20.569316802548904,30.55237367088175,1.3757401296010299,14.4403170579296,4.069214723006845,1.0,0.2555524508248683,1.7898329464419404e-05,0.053669547902670874,0.054777439986,69.5,68.25,9.750000000000002,86.53656704703857,208.6096477136083,110.62026082623001,288.3807579199096,252,284
cohface,pos,cohface_2,3,18,1,0.6770378003329118,1.45587395082955,-0.06000548297470007,0.7773993105545504,0.24979715312175155,0.7573543415284083,0.0,0.22260068944544964,0.7322196343657492,27.093015213129707,1.45587395082955,10.49048832252625,8.946802455498705,1.0,0.002607369994560177,0.0023448235585677188,-0.05978448035202137,-0.060336986908718124,70.0,63.666666666666664,9.000000000000004,65.84252806671962,212.37905836925592,56.90901829794961,276.4168048436997,194,210
cohface,pos,cohface_20,4,24,2,0.6902673102893028,1.3412908797900411,0.09457082159565483,0.7854738296292126,0.23512452037409015,0.7764515200349932,0.09457082159565483,0.21452617037078736,22.306706356625547,29.710414067207957,1.3412908797900411,10.06432276752648,6.960067234619492,1.0,0.01870527579685979,0.00032222675761621407,0.10046938789602855,0.08572297214509426,75.5,65.25,13.25,37.017871267117464,224.2848468573994,43.5297745209101,271.75897625740095,276,279
cohface,pos,cohface_21,4,24,3,0.8627718839738692,1.4481392083894693,-0.04724594360038884,0.7514939746771538,0.043802523920033476,0.7586434652684217,0.0,0.24850602532284616,0.44414488972006444,21.457065529426362,1.4481392083894693,12.135446855084108,5.130152459720801,1.0,0.10620051902942763,5.170793794984374e-05,-0.04855358343743963,-0.04528448384481266,86.5,62.75,23.750000000000004,59.91279309264179,235.51282479657644,54.41071875825085,282.7898858196883,328,275
cohface,pos,cohface_22,4,24,3,0.7465022782182089,1.5208860190224813,-0.16352992372901437,0.8000856676106579,0.17275523876674248,0.7465189968295864,0.0,0.1999143323893421,0.6397441551897998,24.111323747380844,1.5208860190224813,11.087545591336747,5.6846389176611805,1.0,0.06388588644461408,9.002248289616045e-05,-0.15654714142902576,-0.17400409717899729,60.75,62.5,7.750000000000001,194.46626484653785,230.62114415959473,198.3640355464937,303.2898495242258,258,286
cohface,pos,cohface_23,4,24,4,0.7083121144843707,1.4496420053589187,-0.05084930209514836,0.8048544939120988,0.2151113236774288,0.7583929991068469,0.0,0.19514550608790115,0.6821023657047071,25.524109814217827,1.4496420053589187,7.713992288560764,6.790830283375761,1.0,0.022078388445208593,0.0002720725426832355,-0.050730971850513555,-0.05102679746210058,84.75,60.0,24.75000000000001,77.90368405311953,225.681352301166,105.05910225195339,294.5286136304999,318,283
cohface,pos,cohface_24,4,24,1,0.9222930132853199,1.412056913433665,0.009679379356615076,0.7134922620987895,0.0,0.7646571810943892,0.009679379356615076,0.28650773790121054,0.29098786547446603,21.313679760610444,1.412056913433665,14.07072263624137,4.174206693901014,1.0,0.23609544648217343,1.9879665437798723e-05,0.00304763661209592,0.019626993473393813,92.25,58.0,34.25,81.71627850614023,218.94164680049283,98.26622003516769,287.26322648456517,344,272
cohface,pos,cohface_25,4,24,0,0.8252307456430162,1.4137738392238497,-0.00815421421952216,0.6809249640698677,0.08543878538954197,0.7643710267960251,0.0,0.3190750359301323,0.5713943325580115,24.232084816209408,1.4137738392238497,10.379331196689428,3.204335134540174,1.0,0.4490932184851671,7.537104994983039e-06,0.0006217657631281167,-0.021318184193497576,88.75,68.25,20.5,59.037548397887946,197.22441662258416,65.27212391803798,256.82978499687,335,284
cohface,pos,cohface_26,4,24,3,0.7795502979331997,1.4230541768497247,-0.013337887188242768,0.7107186894718539,0.13610222154131713,0.7628243038583792,0.0,0.2892813105281461,0.6440336269028183,25.125178933970023,1.4230541768497247,9.726097811557297,4.607531486539292,1.0,0.16693161632966597,3.066160996759083e-05,-0.012541595124723906,-0.01453232528352106,81.25,65.75,15.500000000000005,93.26292999047413,206.54630697254007,91.50127442542265,257.7738707104594,322,290
cohface,pos,cohface_27,4,24,1,0.5738431251040731,1.407570587015342,0.018342752689155348,0.7576948185675405,0.36424867673359074,0.7654049021641096,0.018342752689155348,0.2423051814324595,15.889474563746079,31.63194455461376,1.407570587015342,14.259091861864611,4.533761482644795,1.0,0.17744400242349184,2.8481181160681404e-05,0.0093725212846426,0.03179809979592447,65.25,61.5,8.750000000000002,100.24865351275461,224.97114925745726,132.2875655532295,301.2162434140009,241,277
cohface,pos,cohface_28,3,18,1,0.6607077172741086,1.4347558330815744,-0.02377845916702776,0.7480408001158818,0.2679085806992241,0.7608740278197376,0.0,0.2519591998841182,0.7672282457839168,28.293921975053838,1.4347558330815744,14.106607731347971,5.14669159064243,1.0,0.10464078641097539,5.257020829248823e-05,-0.029262150280801286,-0.015552922496367479,66.33333333333333,61.333333333333336,9.666666666666666,120.90985894074576,234.41578828779404,120.36590799403676,295.78174741735353,184,208
cohface,pos,cohface_29,4,28,0,0.838904554200364,1.3915330365563008,0.03631133605842654,0.7995464208979272,0.0702733883427018,0.7680778272406166,0.03631133605842654,0.20045357910207284,11.46921636087034,22.56816985888764,1.3915330365563008,6.362769627164857,7.459340197371804,1.0,0.011437661005470797,0.000530765258532644,0.03181790408620049,0.04305148401676561,54.857142857142854,64.28571428571429,11.142857142857144,203.841235018005,227.26200433462452,261.47689333066575,304.0961851058285,390,322
cohface,pos,cohface_3,2,12,0,0.6334168633258704,1.3117745023047602,0.15466232342121206,0.7564618137186712,0.2981764196949628,0.78137091628254,0.15466232342121206,0.24353818628132884,28.512953751456354,34.083344344762615,1.3117745023047602,13.939877992891605,8.145152893574929,1.0,0.005793819331093652,0.0010532223770636819,0.1396238275515494,0.1772200672257061,70.0,62.5,9.500000000000009,63.48510078477898,241.1291110073242,84.46076420241047,308.99838187278584,128,137
cohface,pos,cohface_30,3,18,2,0.6331825089357318,1.4345816624811536,-0.022643904734310077,0.7673323683433705,0.29843633830953287,0.760903056253141,0.0,0.23266763165662951,0.7799532468904968,28.824503907481397,1.4345816624811536,10.649377427134514,4.1967504706410885,1.0,0.23205379405424986,2.033290877745395e-05,-0.029012273163595392,-0.013091352090382107,59.333333333333336,68.33333333333333,11.666666666666668,219.45406718071555,206.4621895439225,248.08928927816584,269.3564739391093,194,207
cohface,pos,cohface_31,3,18,3,0.7496147451810721,1.5052229594640898,-0.12765153629669718,0.7062758495243677,0.16930325265116775,0.7491295067559851,0.0,0.2937241504756323,0.6872249249306075,25.936170724167383,1.5052229594640898,11.858811152230555,3.6547037097107253,1.0,0.34193035128825855,1.1824840462748062e-05,-0.1328480788489163,-0.1198567224683685,50.333333333333336,64.66666666666667,14.333333333333336,244.47388241428825,218.92485387729943,310.8567908932414,283.1895744524046,234,209
cohface,pos,cohface_32,2,12,3,0.7516685890712306,1.2832158318917273,0.17559293856281694,0.751614029705434,0.16702536804163493,0.7861306946847121,0.17559293856281694,0.248385970294566,25.02137710673584,30.968882497719118,1.2832158318917273,11.973780638847995,6.879619099508027,1.0,0.020240549303535436,0.0002973269236171967,0.1766785643912111,0.17396449982022566,61.0,66.0,12.000000000000005,71.3004540016008,222.0500991782091,71.75315220591473,269.2204947561533,113,135
cohface,pos,cohface_33,2,12,3,0.5799161342299927,1.413463685629954,-0.010665314557105907,0.805559148529027,0.35751320180885493,0.7644227190616744,0.0,0.194440851470973,0.79508186014831,29.902667464918597,1.413463685629954,12.244373683955512,7.463836725784656,1.0,0.011386931004918636,0.0005331559580637152,0.0010602047026930987,-0.028253593446804417,77.5,64.5,16.000000000000004,79.48032834430377,231.8263894275717,89.03008811153275,309.7955494237257,141,143
cohface,pos,cohface_34,4,24,0,0.61753936785852,1.433466102279096,-0.024166456317698783,0.783634193976288,0.3157858897896997,0.761088982953484,0.0,0.21636580602371203,0.7818845447182992,29.022672473234913,1.433466102279096,14.008935616741063,4.590721231956085,1.0,0.16928244884669252,3.015050398523985e-05,-0.027412533191611948,-0.019297341006829036,61.5,68.25,10.75,201.4614101021733,206.1264402118605,245.45875417267152,270.8562261386938,254,276
cohface,pos,cohface_35,4,24,4,0.8087843004903017,1.4285076153193292,-0.013238800243384818,0.7611772553899032,0.10367926825895935,0.7619153974467785,0.0,0.23882274461009678,0.5710893537009222,23.125140888906287,1.4285076153193292,12.30591638850832,4.686573097258929,1.0,0.1562270429778493,3.318342390426665e-05,-0.02031700351265828,-0.0026214953394746235,85.25,62.5,22.750000000000004,70.19682395362624,213.57537152985768,74.27616813313924,268.84082767503884,319,280
cohface,pos,cohface_36,4,24,0,0.8563329919637107,1.4940045810439686,-0.04581708605736804,0.6843410739106295,0.05094379355725587,0.7509992364926719,0.0,0.3156589260893705,0.48651798410653996,22.861477058358524,1.4494057669051796,14.063353355044118,2.911594025786128,1.0307704130597037,0.5220871100622186,5.6243138555844075e-06,-0.05038853856899572,-0.03895990728992652,89.75,63.5,26.25,114.99474664308876,232.85867048064443,102.41475504673164,296.3635019721638,336,273
cohface,pos,cohface_37,2,12,2,0.6722474791662668,1.1540635953281488,0.3569850501981267,0.7614763609245409,0.2551100198457058,0.8076560674453085,0.3569850501981267,0.23852363907545915,35.05620025019564,39.28644623173033,1.1540635953281488,8.735884468559359,8.186627041147386,1.0,0.005559749069366539,0.001097773396900668,0.33406860896913343,0.3913597120416166,62.5,58.0,4.500000000000001,175.17525732160487,203.16252500410133,193.54331916509696,232.55823643408834,134,132
cohface,pos,cohface_38,3,16,1,0.668627141602048,1.4152536707922119,0.008937365835353563,0.762908480938966,0.2591252769245733,0.764124388201298,0.008937365835353563,0.23709151906103398,11.508846838448253,28.066197428044447,1.4152536707922119,14.151179042215752,3.4295446472808666,1.0,0.39423507083341913,9.440847600856153e-06,-0.0014714763454152257,0.024550629106506745,62.625,59.25,5.625000000000002,243.34171038706262,249.38865740522456,224.82734993346892,344.16800098676487,185,171
cohface,pos,cohface_39,4,24,0,0.7503016510980166,1.4258575813314947,-0.020886942557826617,0.7834697692851516,0.16854141655257104,0.7623570697780843,0.0,0.21653023071484845,0.6479587905007448,24.633988506435788,1.4258575813314947,12.942173129870477,6.0719547222437935,1.0,0.04427903314305244,0.00013259941579862834,-0.016534921120249953,-0.027414974714191614,63.0,60.25,8.750000000000002,201.20302052886046,234.66675176300646,210.9884571066817,322.02666329824297,272,280
cohface,pos,cohface_4,3,18,1,0.7850923794866022,1.5391697670012752,-0.18293572552475373,0.8033752308744944,0.12995558968883658,0.7434717054997875,0.0,0.19662476912550564,0.584950374604196,22.70059718317096,1.5391697670012752,13.196061195784274,6.13577395222335,1.0,0.04165549807305597,0.0001413364423040725,-0.1845217858253799,-0.18055663507381445,56.0,62.333333333333336,7.666666666666667,241.0869523040225,245.9669817913567,287.75744616966387,341.76399982875216,248,208
cohface,pos,cohface_40,4,24,1,0.676563892209448,1.3906498715128741,0.03453508747691002,0.8380817476597845,0.2503227568572367,0.768225021414521,0.03453508747691002,0.1619182523402155,15.848388882506232,27.148600805119134,1.3906498715128741,9.44059573466491,7.799090644462554,1.0,0.008169936537988361,0.0007453512421684602,0.033046467430613416,0.03676801754635493,61.5,64.0,6.000000000000003,105.9449640229461,225.96639686130612,116.29441192036032,291.8461586656039,229,268
cohface,pos,cohface_5,4,24,2,0.6786718800164925,1.36781171539866,0.06080825576479803,0.7075299739629788,0.2479848221165497,0.77203138076689,0.06080825576479803,0.2924700260370212,21.098887551140336,30.553820472518655,1.36781171539866,9.610809111937305,9.268535147395717,1.0,0.001891418208196042,0.003231845535072691,0.06454555560908741,0.05520230599836397,74.0,62.75,13.750000000000002,85.05686403702961,221.9273433312129,82.69186576702462,293.49765419143125,277,276
cohface,pos,cohface_6,2,12,4,0.6829563541354832,1.3560435697914486,0.08068663444104114,0.8062020767608148,0.2432329820656307,0.7739927383680919,0.08068663444104114,0.1937979232391852,21.040905242175324,29.073401727345704,1.3560435697914486,11.038333450662751,8.675272021915363,1.0,0.0034180130042084913,0.0017882499322811466,0.08057291841363241,0.08085720848215425,62.5,60.0,7.500000000000001,92.06711643306208,230.81196519693947,96.41637052313449,307.7733085386368,115,139
cohface,pos,cohface_7,3,18,0,0.5749625633977593,1.4964553752334724,-0.12089191996283116,0.7552796539987519,0.3630071260623211,0.7505907707944213,0.0,0.24472034600124815,0.8332766357180426,30.79643611778302,1.4964553752334724,13.338983683461478,4.527927311237892,1.0,0.17829714731410432,2.831550553287702e-05,-0.11968934503257617,-0.12269578235821366,61.0,61.666666666666664,8.0,215.344690228069,209.3173956901681,239.1143568999478,288.0383684423227,203,195
cohface,pos,cohface_8,2,12,4,0.5283060074700761,1.4327841669275134,-0.02533389616347066,0.7689881176978358,0.4147531478465153,0.7612026388454144,0.0,0.23101188230216418,0.859733457353184,32.28688485834703,1.4327841669275134,12.768572228430745,6.025094346253338,1.0,0.046304983261131756,0.0001265298648845026,-0.026435234499084352,-0.023681888660050117,73.5,59.0,14.500000000000009,110.8191755277791,224.63524413546824,140.7885953173358,308.1270966538121,138,142
cohface,pos,cohface_9,2,12,2,0.6730511170105885,1.416813297702722,-0.009577084387981966,0.8256787684014736,0.2542187182789264,0.7638644503828796,0.0,0.17432123159852642,0.7021591737535449,26.390275187995915,1.416813297702722,12.01950883900577,7.540516032313359,1.0,0.010555297294105375,0.0005756217740684915,-0.0036799602736307556,-0.018422770559508778,72.50000000000001,62.5,12.000000000000009,59.74193627340819,214.00118142809578,63.916866738432525,307.26871383204633,135,140
cohface,rnn,cohface_1,4,24,3,0.6436293938712767,1.3239406738444368,0.12176010240797734,0.8034760557937356,0.286849869383503,0.7793432210259272,0.12176010240797734,0.1965239442062644,25.117519328341082,31.77564245838824,1.3239406738444368,9.701354185616374,6.820234424397762,1.0,0.02145236809010005,0.0002801891060617723,0.12359054607016953,0.11901443691468908,84.25000000000001,68.5,15.750000000000005,76.85986732078152,200.4650351359789,80.10232364020237,244.72537863675913,317,298
cohface,rnn,cohface_10,4,24,2,0.665409287982362,1.4188920131052276,-0.0060633408036666215,0.850562889467033,0.26269414565463356,0.7635179978157954,0.0,0.14943711053296704,0.6875284378773356,26.139926536614254,1.4188920131052276,11.021548259676981,6.530714273726059,1.0,0.028450837522032982,0.00020977070201172395,-0.006627272426902605,-0.005217443368812647,83.0,61.25,21.750000000000004,63.71496967407452,209.4407598940238,58.2643702626679,265.6002226295557,309,277
cohface,rnn,cohface_11,2,12,0,0.7732054154721646,1.2366979910491036,0.2394768549832125,0.7980769701827995,0.14313922672780732,0.7938836681584828,0.2394768549832125,0.20192302981720045,25.205493687829684,31.394616410844257,1.2366979910491036,15.122601406825337,6.901758286702439,1.0,0.019806141768338982,0.0003039808839152193,0.23528903946755578,0.24575857825669759,66.5,62.5,6.000000000000001,100.94764483258228,205.64602348627463,98.49789267992142,273.26957202148515,121,151
cohface,rnn,cohface_12,3,19,2,0.6489265413999306,1.202434577156907,0.28495404476737995,0.8046707032114692,0.2809748898450074,0.7995942371405155,0.28495404476737995,0.19532929678853084,32.34149630804166,36.876338716952546,1.202434577156907,14.492926896469687,6.556069537929629,1.0,0.02775830009716999,0.0002151563377931564,0.2770755438287451,0.29677179617533217,54.31578947368421,61.89473684210526,8.842105263157896,264.2085307432085,204.5583053678956,269.25824035672525,260.27206130070846,216,226
cohface,rnn,cohface_13,4,24,4,0.7141797583466154,1.3815662472565013,0.04571324902044681,0.8727675131733339,0.2086036160020439,0.7697389587905831,0.04571324902044681,0.1272324868266661,15.559565790971039,25.568934863019706,1.3815662472565013,14.363973199247438,5.660207027418583,1.0,0.0653626848987732,8.784990485725971e-05,0.04563735222079404,0.04582709421992596,66.5,63.75,8.250000000000002,87.52782664453231,199.7246065414002,96.6942386326784,254.40562537456245,247,285
cohface,rnn,cohface_14,2,12,2,0.6107007826217743,1.1215077491988372,0.3839659642439787,0.8034374463715923,0.32337045263617736,0.8130820418001938,0.3839659642439787,0.1965625536284077,37.06166703689711,41.41298441497671,1.1215077491988372,16.137833125195,7.413557437406734,1.0,0.011967068566377366,0.0005070252684604671,0.3711101842434791,0.40324963424472815,83.0,69.5,13.500000000000005,69.86402182092215,178.56285768406914,79.00240066190922,235.81166819549628,157,152
cohface,rnn,cohface_15,4,24,4,0.6803086164972836,1.3785485770476347,0.05150604355213257,0.8748465709598019,0.2461695445010893,0.7702419038253943,0.05150604355213257,0.1251534290401981,16.894359557069887,26.838174298908505,1.3785485770476347,10.379973650522569,6.61978603325676,1.0,0.02608951124373046,0.00022930827026448834,0.049801910359970857,0.05406224334037514,83.00000000000001,65.25,17.75000000000001,64.89267439419609,212.69893373319817,72.35806959621185,271.1156901990716,321,293
cohface,rnn,cohface_16,4,24,1,0.8261972412343667,1.2812418577638305,0.17945079834000893,0.8889043049818613,0.08436686096370427,0.7864596903726949,0.17945079834000893,0.11109569501813865,17.47068467385715,25.865637486928065,1.2812418577638305,11.912675157605776,5.360624527999207,1.0,0.08622497507460755,6.510946786642197e-05,0.1792096509569443,0.17981251941460585,57.5,67.5,11.0,119.75309343520948,188.1545850543645,115.90604180246945,252.21645205285748,214,298
cohface,rnn,cohface_17,2,12,4,0.7879269161332805,1.1936319079499844,0.29034353754062425,0.8231692874170317,0.12681185153348584,0.8010613486750026,0.29034353754062425,0.17683071258296834,25.1226991242621,32.07250289738272,1.1936319079499844,12.201968162611049,6.304412445890647,1.0,0.03542012624800257,0.00016729449380812356,0.28762143416183994,0.2944266926088008,58.5,65.0,10.5,193.282474758559,190.5459040604663,254.44532662720331,246.30862536926657,177,143
cohface,rnn,cohface_18,4,24,3,0.6624915899930661,1.345113387202595,0.09809176328208702,0.769407411439513,0.265930116692612,0.7758144354662342,0.09809176328208702,0.23059258856048703,23.73781057089756,31.0487968797754,1.345113387202595,13.383309065204013,5.585519792494887,1.0,0.07007617611018925,8.152818746746773e-05,0.09533498778418073,0.10222692652894647,77.75,66.5,11.75,52.82297223756275,203.84208511838415,66.85141710623621,259.33115928611136,283,307
cohface,rnn,cohface_19,4,24,4,0.6545212892438171,1.2419340667802015,0.23521590647741641,0.8624263318027249,0.2747698466726062,0.7930109888699665,0.23521590647741641,0.13757366819727512,28.228879003271327,33.91126573584551,1.2419340667802015,15.329074367363443,4.069214723006845,1.0,0.2555524508248683,1.7898329464419404e-05,0.22879988688539493,0.24483993586544858,69.5,67.5,7.500000000000003,86.53656704703857,187.59426266499693,110.62026082623001,244.87164231923882,252,288
cohface,rnn,cohface_2,3,18,1,0.6727684764156051,1.2919152867498047,0.1674286132486313,0.8733004420658212,0.25453219033219543,0.7846807855416992,0.1674286132486313,0.12669955793417875,24.454869073000204,30.886430976942364,1.2919152867498047,11.528283090487987,8.946802455498705,1.0,0.002607369994560177,0.0023448235585677188,0.16547744593108485,0.17035536422495093,70.0,68.66666666666667,6.666666666666668,65.84252806671962,203.3250388628302,56.90901829794961,269.1236448770045,194,225
cohface,rnn,cohface_20,4,24,2,0.5490574045499537,1.350724612521924,0.08902385331572107,0.9230840234257655,0.39173811332463193,0.774879231246346,0.08902385331572107,0.07691597657423455,20.787429081649453,31.4587631556222,1.350724612521924,10.003445928562975,6.960067234619492,1.0,0.01870527579685979,0.00032222675761621407,0.08777151056374904,0.09090236744367913,75.5,63.75,12.750000000000002,37.017871267117464,200.55257862387597,43.5297745209101,247.70981663370748,276,285
cohface,rnn,cohface_21,4,24,3,0.6998094993716105,1.4068688699567735,0.009526562155153209,0.8330779509343563,0.2245414347968493,0.7655218550072044,0.009526562155153209,0.16692204906564367,10.480067258910598,25.67091799001704,1.4068688699567735,12.38658069901424,5.130152459720801,1.0,0.10620051902942763,5.170793794984374e-05,0.010359991373275652,0.008276418327969545,86.5,62.75,23.75,59.91279309264179,225.26304177153222,54.41071875825085,289.0850115189165,328,302
cohface,rnn,cohface_22,4,24,3,0.6991016755219706,1.4671814868659632,-0.07485941786167935,0.8351915143125452,0.2253264706318906,0.7554697521890061,0.0,0.16480848568745476,0.6681638793711006,25.16535887648594,1.4671814868659632,11.399802175967025,5.6846389176611805,1.0,0.06388588644461408,9.002248289616045e-05,-0.07631075770110886,-0.07268240810253507,60.75,64.5,5.750000000000003,194.46626484653785,210.1512082271311,198.3640355464937,261.50124211608016,258,293
cohface,rnn,cohface_23,4,24,4,0.6413919315265163,1.4185733482919247,-0.00708869307543928,0.9096552355794192,0.28933140221273157,0.7635711086180126,0.0,0.09034476442058081,0.6399840744473736,25.758259527153815,1.4185733482919247,7.902171660357137,6.790830283375761,1.0,0.022078388445208593,0.0002720725426832355,-0.0061751722420812566,-0.008458974325476315,84.75,62.5,22.25000000000001,77.90368405311953,213.06353336709472,105.05910225195339,263.37336673063646,318,288
cohface,rnn,cohface_24,4,24,1,0.8059959661605175,1.4626349212424272,-0.06950367179898245,0.8211027142630429,0.10677176418159606,0.7562275131262621,0.0,0.17889728573695707,0.5429854229597569,21.90564890271227,1.4626349212424272,13.765047900539265,4.174206693901014,1.0,0.23609544648217343,1.9879665437798723e-05,-0.06965045641892058,-0.06928349486907528,92.25,63.0,29.25,81.71627850614023,198.515952435836,98.26622003516769,249.39264459175732,344,296
cohface,rnn,cohface_25,4,24,0,0.7866181982750374,1.3927515639974901,0.03094436730133655,0.8118361121908757,0.12826332906875382,0.7678747393337516,0.03094436730133655,0.1881638878091243,12.929167632194433,23.89700343396023,1.3927515639974901,10.509456922606905,3.204335134540174,1.0,0.4490932184851671,7.537104994983039e-06,0.030121540491272508,0.03217860751643262,88.75,62.5,26.25,59.037548397887946,207.2517237798726,65.27212391803798,274.5201779924382,335,280
cohface,rnn,cohface_26,4,24,3,0.6719651027927744,1.3878967363617403,0.038209614814780454,0.7759974579020741,0.2554231988552479,0.7686838772730433,0.038209614814780454,0.22400254209792592,17.54001835809185,28.662712797520236,1.3878967363617403,9.943383408104445,4.607531486539292,1.0,0.16693161632966597,3.066160996759083e-05,0.036871324598214815,0.04021705013962891,81.25,67.0,17.250000000000004,93.26292999047413,220.02137652476577,91.50127442542265,273.23596896609746,322,309
cohface,rnn,cohface_27,4,24,1,0.6552110039663669,1.3551665800058361,0.08459986523574223,0.8444477055206356,0.27400489537373063,0.7741389033323607,0.08459986523574223,0.15555229447936436,21.167884679692516,29.35196677451869,1.3551665800058361,14.588641866101515,4.533761482644795,1.0,0.17744400242349184,2.8481181160681404e-05,0.08176177021764307,0.08885700776289096,65.25,66.75,8.500000000000004,100.24865351275461,204.75794999060395,132.2875655532295,266.40116694385813,241,287
cohface,rnn,cohface_28,3,18,1,0.6951131677599212,1.2742756312460057,0.1958987314198052,0.8238406618434148,0.22975005924527514,0.7876207281256657,0.1958987314198052,0.17615933815658524,26.57239735535846,32.04506504559743,1.2742756312460057,15.136900154646462,5.14669159064243,1.0,0.10464078641097539,5.257020829248823e-05,0.18811080780629658,0.20758061684006818,66.33333333333333,68.0,9.0,120.90985894074576,196.18677538251458,120.36590799403676,274.3173344869041,184,218
cohface,rnn,cohface_29,4,28,0,0.7840939517494878,1.2817109029249403,0.1738103433246443,0.8789447695871216,0.13106292953438237,0.7863815161791766,0.1738103433246443,0.12105523041287836,20.090466338566173,27.294933117611897,1.2817109029249403,7.076838482283888,7.459340197371804,1.0,0.011437661005470797,0.000530765258532644,0.17860858066166752,0.16661298731910945,54.857142857142854,60.642857142857146,7.071428571428574,203.841235018005,225.45353433337135,261.47689333066575,277.5526490109093,390,324
cohface,rnn,cohface_3,2,12,0,0.5420494373263666,1.249689360577504,0.22584607116696967,0.86906906129123,0.39951053495765465,0.7917184399037493,0.22584607116696967,0.13093093870877004,30.883381134674377,37.21368575598912,1.249689360577504,14.361020245241773,8.145152893574929,1.0,0.005793819331093652,0.0010532223770636819,0.2191382510296947,0.23590780137288214,70.0,60.0,10.000000000000009,63.48510078477898,213.29521226240902,84.46076420241047,267.58176320519306,128,137
cohface,rnn,cohface_30,3,18,2,0.6644868559480401,1.2096759889350515,0.26788269983430485,0.823653863046916,0.26371719991128384,0.7983873351774914,0.26788269983430485,0.176346136953084,30.509904964206385,35.44266643497917,1.2096759889350515,12.1305017236079,4.1967504706410885,1.0,0.23205379405424986,2.033290877745395e-05,0.26834200089700255,0.2671937482402583,59.333333333333336,62.666666666666664,6.666666666666669,219.45406718071555,188.43293863284373,248.08928927816584,241.07702476207035,194,200
cohface,rnn,cohface_31,3,18,3,0.7580866401033385,1.3374229432531362,0.11141560879087857,0.7756344421557866,0.15990721279172126,0.7770961761244773,0.11141560879087857,0.22436555784421341,21.063494306109483,28.168919326851814,1.3374229432531362,12.885452450343148,3.6547037097107253,1.0,0.34193035128825855,1.1824840462748062e-05,0.105649935430059,0.12006411883210794,50.333333333333336,66.0,15.66666666666667,244.47388241428825,211.66522106355603,310.8567908932414,272.4040750420274,234,219
cohface,rnn,cohface_32,2,12,3,0.6524105402581546,1.072133044401124,0.4325801086248575,0.8239581525650775,0.27711084379126094,0.8213111592664794,0.4325801086248575,0.17604184743492246,35.94518706318235,41.237788706511594,1.072133044401124,13.534801188236328,6.879619099508027,1.0,0.020240549303535436,0.0002973269236171967,0.42526536755158895,0.4435522202347604,61.0,61.0,2.0000000000000013,71.3004540016008,224.76335542321206,71.75315220591473,262.76567798462105,113,143
cohface,rnn,cohface_33,2,12,3,0.5717578499429339,1.4161663249449237,-0.0018793450941440642,0.8615717215114771,0.3665614212508157,0.7639722791758461,0.0,0.1384282784885229,0.7483495647441996,29.044853790811853,1.4161663249449237,12.2277815260607,7.463836725784656,1.0,0.011386931004918636,0.0005331559580637152,-0.0027635299540054075,-0.0005530678043520493,77.5,63.0,14.500000000000002,79.48032834430377,225.06316645574282,89.03008811153275,264.6088757824597,141,152
cohface,rnn,cohface_34,4,24,0,0.6451888769561277,1.3870873638890036,0.03588164053413895,0.8597633558012002,0.2851202722438029,0.7688187726851661,0.03588164053413895,0.14023664419879978,16.199709043495705,27.811165721017574,1.3870873638890036,14.294607858138914,4.590721231956085,1.0,0.16928244884669252,3.015050398523985e-05,0.037994322469727594,0.03271261763075597,61.5,64.5,6.500000000000001,201.4614101021733,202.33917401336652,245.45875417267152,256.91628227034874,254,275
cohface,rnn,cohface_35,4,24,4,0.6899048586495198,1.3923185026346072,0.0359381465094266,0.8496250765535571,0.23552650954956633,0.7679469162275655,0.0359381465094266,0.15037492344644288,15.516006942685411,26.51037647524996,1.3923185026346072,12.528795696112066,4.686573097258929,1.0,0.1562270429778493,3.318342390426665e-05,0.030724593610662505,0.04375847585757274,85.25,61.75,23.50000000000001,70.19682395362624,213.34999091511995,74.27616813313924,277.39243840720707,319,286
cohface,rnn,cohface_36,4,24,0,0.8450895000394872,1.4416146885029784,0.019390908824413904,0.7713026787091258,0.063413766243261,0.7597308852495036,0.019390908824413904,0.22869732129087417,9.438841329296363,22.252704382837805,1.3985798100507547,14.373407965063521,2.911594025786128,1.0307704130597037,0.5220871100622186,5.6243138555844075e-06,0.02198725745919719,0.015496385872238968,89.75,62.25,28.0,114.99474664308876,209.58840952937553,102.41475504673164,257.75957790157867,336,274
cohface,rnn,cohface_37,2,12,2,0.49593605590935347,0.9653610018316636,0.5277058365515193,0.8258523902589895,0.45065413079113525,0.8391064996947227,0.5277058365515193,0.1741476097410105,44.240242287344046,49.6158812089943,0.9653610018316636,10.286684290471946,8.186627041147386,1.0,0.005559749069366539,0.001097773396900668,0.5340390680712833,0.5182059892718731,62.5,63.5,4.000000000000003,175.17525732160487,193.7798887856763,193.54331916509696,232.992949004287,134,138
cohface,rnn,cohface_38,3,16,1,0.6554539187152039,1.2713167628632707,0.19791825808105862,0.846536215578858,0.27373548260557645,0.7881138728561216,0.19791825808105862,0.15346378442114195,27.33153743208939,32.981165366144324,1.2713167628632707,15.082789374480345,3.4295446472808666,1.0,0.39423507083341913,9.440847600856153e-06,0.19187684423142723,0.20698037885550571,62.625,59.625,5.25,243.34171038706262,205.60114742410144,224.82734993346892,272.3096442891462,185,193
cohface,rnn,cohface_39,4,24,0,0.7051828796620464,1.3681498360434985,0.06519946360194834,0.8714181679752108,0.2185819067512167,0.7719750273260836,0.06519946360194834,0.12858183202478923,17.600055691007004,26.524578297612404,1.3681498360434985,13.301022857657658,6.0719547222437935,1.0,0.04427903314305244,0.00013259941579862834,0.06408301306707422,0.06687413940425951,63.0,60.5,7.000000000000003,201.20302052886046,213.54097853852474,210.9884571066817,279.25244441337196,272,273
cohface,rnn,cohface_4,3,18,1,0.7926745001274451,1.3120096865665047,0.14344194321385667,0.8657613382693414,0.12154638390734729,0.7813317189055825,0.14344194321385667,0.13423866173065857,18.904625336494657,26.26105742636094,1.3120096865665047,14.583050850610714,6.13577395222335,1.0,0.04165549807305597,0.0001413364423040725,0.13931529117783104,0.14963192126789515,56.0,64.0,8.0,241.0869523040225,217.69814647974906,287.75744616966387,256.89034053234377,248,222
cohface,rnn,cohface_40,4,24,1,0.7372092958043467,1.1707235995486691,0.3181841943696399,0.9017949166458734,0.1830619333108746,0.8048794000752219,0.3181841943696399,0.09820508335412659,25.65405079536165,33.0990734990024,1.1707235995486691,10.935864275011866,7.799090644462554,1.0,0.008169936537988361,0.0007453512421684602,0.31470312672990347,0.3234057958292446,61.5,67.75,7.2500000000000036,105.9449640229461,206.90532568897606,116.29441192036032,258.26118891316537,229,283
cohface,rnn,cohface_5,4,24,2,0.5563617427927076,1.3304291970348285,0.11414110731540321,0.8216287522656885,0.3836369914498302,0.7782618004941952,0.11414110731540321,0.17837124773431146,26.35717622764655,34.06600392752714,1.3304291970348285,9.851500152250184,9.268535147395717,1.0,0.001891418208196042,0.003231845535072691,0.11497907583863051,0.11288415453056226,74.0,62.0,12.000000000000005,85.05686403702961,200.09290020797664,82.69186576702462,248.50961372238663,277,273
cohface,rnn,cohface_6,2,12,4,0.7256199688682131,1.3892907667043257,0.03655762459494086,0.9202881701475458,0.19591546594261977,0.7684515388826124,0.03655762459494086,0.07971182985245417,12.999955322749269,23.937460090828154,1.3892907667043257,10.82794333650821,8.675272021915363,1.0,0.0034180130042084913,0.0017882499322811466,0.03493558277505336,0.03899068732477211,62.5,61.0,7.5000000000000036,92.06711643306208,198.24075177613898,96.41637052313449,230.96786323242858,115,142
cohface,rnn,cohface_7,3,18,0,0.6450157342534499,1.374145811984656,0.06071901465787975,0.8347200233914654,0.2853123019786685,0.7709756980025574,0.06071901465787975,0.16527997660853455,19.61759435973119,29.106052991318286,1.374145811984656,14.079602723107627,4.527927311237892,1.0,0.17829714731410432,2.831550553287702e-05,0.0558616437025154,0.06800507109092628,61.0,58.666666666666664,5.666666666666668,215.344690228069,207.43243570646004,239.1143568999478,265.7218623073911,203,203
cohface,rnn,cohface_8,2,12,4,0.5401650609009355,1.253473542932936,0.21489856069482244,0.8331897397729298,0.4016004659785194,0.7910877428445107,0.21489856069482244,0.16681026022707024,31.98142402694735,37.65293086163187,1.253473542932936,13.929884267065159,6.025094346253338,1.0,0.046304983261131756,0.0001265298648845026,0.2144020385835763,0.21564334386169165,73.5,64.0,10.500000000000005,110.8191755277791,203.5490839590637,140.7885953173358,250.61076472427007,138,151
cohface,rnn,cohface_9,2,12,2,0.6942515612027428,1.28247131256622,0.1804629087408178,0.8730629307000806,0.2307056529617565,0.7862547812389633,0.1804629087408178,0.12693706929991944,24.303241926913447,30.598893861854883,1.28247131256622,12.8848081413654,7.540516032313359,1.0,0.010555297294105375,0.0005756217740684915,0.17763366622233842,0.18470677251853687,72.50000000000001,62.0,10.500000000000012,59.74193627340819,192.44407557059841,63.916866738432525,230.92555705946828,135,136
cohface,transformer,cohface_1,4,24,3,0.6109685161592668,1.311237540370476,0.1399218366262003,0.7960541468232694,0.32307351375614257,0.781460409938254,0.1399218366262003,0.20394585317673064,27.355233593202094,33.597985773769985,1.311237540370476,9.785097189799776,6.820234424397762,1.0,0.02145236809010005,0.0002801891060617723,0.14032805636159235,0.13931250702311226,84.25000000000001,68.5,16.250000000000004,76.85986732078152,196.8747372072546,80.10232364020237,248.13590746086825,317,304
cohface,transformer,cohface_10,4,24,2,0.6581428425175418,1.381137831019634,0.04503405450127211,0.7830482746855953,0.27075324127024325,0.7698103614967277,0.04503405450127211,0.21695172531440465,18.637333908578242,29.20886060936811,1.381137831019634,11.255794715873916,6.530714273726059,1.0,0.028450837522032982,0.00020977070201172395,0.04622914586319029,0.043241417458394854,83.0,64.5,18.500000000000004,63.71496967407452,207.97068757915264,58.2643702626679,282.73710941003606,309,317
cohface,transformer,cohface_11,2,12,0,0.8389573566815057,1.2941964085405553,0.16555698087098997,0.7260451315922554,0.07021482597595419,0.7843005985765741,0.16555698087098997,0.27395486840774463,19.321694466294183,28.2382635450947,1.2941964085405553,14.72787070685131,6.901758286702439,1.0,0.019806141768338982,0.0003039808839152193,0.16252782806036403,0.17010071008692884,66.5,72.0,7.499999999999999,100.94764483258228,177.29917431730365,98.49789267992142,241.1353530766514,121,159
cohface,transformer,cohface_12,3,19,2,0.7275743775618111,1.2745015027728475,0.1943783296123001,0.7475332176698447,0.19374786328050098,0.787583082871192,0.1943783296123001,0.2524667823301553,27.06858507658754,32.44478309081098,1.2745015027728475,13.987348985006676,6.556069537929629,1.0,0.02775830009716999,0.0002151563377931564,0.1878229597148766,0.2042113844584353,54.31578947368421,72.0,18.315789473684212,264.2085307432085,192.51336906321745,269.25824035672525,252.24315539189573,216,252
cohface,transformer,cohface_13,4,24,4,0.8183579030419201,1.3700715605267728,0.06329692342885145,0.798684286744078,0.09306134251756693,0.7716547399122046,0.06329692342885145,0.201315713255922,14.76745699965955,24.150157041755087,1.3700715605267728,14.436542460252085,5.660207027418583,1.0,0.0653626848987732,8.784990485725971e-05,0.06145195951786673,0.06606436929532852,66.5,70.0,9.500000000000002,87.52782664453231,194.92777028995215,96.6942386326784,260.9467768319492,247,319
cohface,transformer,cohface_14,2,12,2,0.5656889809591524,1.1457845863482194,0.35769901137162596,0.7389655340854251,0.373292304411736,0.8090359022752968,0.35769901137162596,0.2610344659145749,40.05005922342496,43.3311468372983,1.1457845863482194,15.951819187784952,7.413557437406734,1.0,0.011967068566377366,0.0005070252684604671,0.3435888408434198,0.37886426716393523,83.0,79.0,4.0000000000000036,69.86402182092215,170.01267435655328,79.00240066190922,239.41403247798252,157,164
cohface,transformer,cohface_15,4,24,4,0.587909467815475,1.3699553368060813,0.06393230152116183,0.8089256517921138,0.3486479264875516,0.7716741105323198,0.06393230152116183,0.19107434820788616,21.7850966521977,31.63237601506552,1.3699553368060813,10.434286965632644,6.61978603325676,1.0,0.02608951124373046,0.00022930827026448834,0.06161118757826819,0.06741397243550228,83.00000000000001,69.0,15.500000000000007,64.89267439419609,187.77653391308715,72.35806959621185,251.21018565545694,321,329
cohface,transformer,cohface_16,4,24,1,0.855500592046567,1.3424970415246202,0.099896217840339,0.8438655616764377,0.05186699466778022,0.77625049307923,0.099896217840339,0.15613443832356233,13.521726828865319,23.200595003299423,1.3424970415246202,11.50703078106446,5.360624527999207,1.0,0.08622497507460755,6.510946786642197e-05,0.09885084674882096,0.10146427447761606,57.5,71.0,14.5,119.75309343520948,208.92237361458197,115.90604180246945,260.77119879882696,214,333
cohface,transformer,cohface_17,2,12,4,0.5882573162324946,1.263070929032411,0.20354289641220863,0.7193256952635965,0.34826213350719126,0.7894881784945982,0.20354289641220863,0.28067430473640353,33.44092788767473,37.95740056220203,1.263070929032411,11.710821768132824,6.304412445890647,1.0,0.03542012624800257,0.00016729449380812356,0.20232591411660122,0.20536836985561976,58.5,79.0,22.5,193.282474758559,183.3259687549729,254.44532662720331,240.62021771242448,177,169
cohface,transformer,cohface_18,4,24,3,0.6677409294443054,1.329788879585947,0.12032636240410435,0.7468717266483635,0.2601081603095158,0.7783685200690088,0.12032636240410435,0.25312827335163646,25.559927259016913,32.04297154982151,1.329788879585947,13.482833029013934,5.585519792494887,1.0,0.07007617611018925,8.152818746746773e-05,0.11583076786477596,0.12706975421309694,77.75,70.25,10.0,52.82297223756275,197.5337990847536,66.85141710623621,270.6249198100985,283,312
cohface,transformer,cohface_19,4,24,4,0.8359593826624051,1.2719943552599753,0.19771007976179927,0.7765502527252969,0.07353982984339102,0.7880009407900042,0.19771007976179927,0.22344974727470313,19.85668518268878,28.366511049449855,1.2719943552599753,15.121341489057787,4.069214723006845,1.0,0.2555524508248683,1.7898329464419404e-05,0.19101518009337987,0.20775242926442833,69.5,69.25,7.750000000000003,86.53656704703857,190.37737125180286,110.62026082623001,254.7250840044078,252,328
cohface,transformer,cohface_2,3,18,1,0.8618603206164533,1.2966250970047715,0.15679403140629727,0.8216303855893535,0.044813523905193664,0.7838958171658714,0.15679403140629727,0.17836961441064647,15.245351109524622,25.29353529087509,1.2966250970047715,11.496675364766569,8.946802455498705,1.0,0.002607369994560177,0.0023448235585677188,0.15938167890868338,0.15291256015271812,70.0,71.0,9.000000000000004,65.84252806671962,198.63423290133514,56.90901829794961,254.5286547042863,194,262
cohface,transformer,cohface_20,4,24,2,0.6330552042994682,1.3207277005144078,0.129097172223736,0.8351842173073195,0.2985775297959242,0.779878716580932,0.129097172223736,0.1648157826926805,24.980281504331188,31.72413104606206,1.3207277005144078,10.198516465351625,6.960067234619492,1.0,0.01870527579685979,0.00032222675761621407,0.12783917054696237,0.13098417473889648,75.5,66.0,14.0,37.017871267117464,196.86964351912147,43.5297745209101,257.97620847266336,276,314
cohface,transformer,cohface_21,4,24,3,0.6586801862604039,1.386068467678335,0.04052598825436908,0.8067596127436457,0.2701572821285776,0.7689885887202775,0.04052598825436908,0.19324038725635428,17.62822750219635,28.565077631021037,1.386068467678335,12.515959426275682,5.130152459720801,1.0,0.10620051902942763,5.170793794984374e-05,0.039407101453916106,0.042204318455048545,86.5,67.5,19.500000000000004,59.91279309264179,210.29521849978806,54.41071875825085,296.62213989780173,328,318
cohface,transformer,cohface_22,4,24,3,0.7206620622378789,1.4604802092505431,-0.0655257085959482,0.8226120449486444,0.20141419895872426,0.7565866317915761,0.0,0.17738795505135563,0.6558183786254239,24.721917705620363,1.4604802092505431,11.439565417418738,5.6846389176611805,1.0,0.06388588644461408,9.002248289616045e-05,-0.0665012208062551,-0.06406244028048785,60.75,68.5,12.250000000000005,194.46626484653785,199.3278057831515,198.3640355464937,253.10783054493098,258,315
cohface,transformer,cohface_23,4,24,4,0.6597461770381011,1.4162858187959397,-0.002352701060957727,0.8472775590459157,0.26897500922163675,0.7639523635340101,0.0,0.15272244095408427,0.695516450454312,26.40274636641099,1.4162858187959397,7.91618945234422,6.790830283375761,1.0,0.022078388445208593,0.0002720725426832355,-0.002932760261242848,-0.0014826122605300458,84.75,73.25,14.500000000000002,77.90368405311953,191.26832134526987,105.05910225195339,245.84588533377612,318,325
cohface,transformer,cohface_24,4,24,1,0.7418388104048937,1.425039822678651,-0.017410785766574607,0.7664378564942239,0.17792741451481386,0.7624933628868915,0.0,0.2335621435057761,0.6686526411819622,25.25893256329777,1.425039822678651,13.991226648238218,4.174206693901014,1.0,0.23609544648217343,1.9879665437798723e-05,-0.015369248110000146,-0.020473092251436297,92.25,79.0,19.249999999999996,81.71627850614023,188.86965715990516,98.26622003516769,241.67972796469894,344,343
cohface,transformer,cohface_25,4,24,0,0.635231112863916,1.3848083673864129,0.04240328558564832,0.7382506815849261,0.29616426525597717,0.7691986054355978,0.04240328558564832,0.2617493184150739,19.519309889150048,30.775985002262196,1.3848083673864129,10.55913643910823,3.204335134540174,1.0,0.4490932184851671,7.537104994983039e-06,0.04115289280828902,0.044278874751687264,88.75,71.75,19.0,59.037548397887946,195.10441501570563,65.27212391803798,258.56934874054224,335,320
cohface,transformer,cohface_26,4,24,3,0.6010461700837101,1.3600760340467333,0.0789949191509158,0.7359012418803621,0.33407822522631403,0.7733206609922111,0.0789949191509158,0.2640987581196379,24.460165609113442,33.140582713553876,1.3600760340467333,10.119262739315156,4.607531486539292,1.0,0.16693161632966597,3.066160996759083e-05,0.07509659080585472,0.08484241166850745,81.25,72.5,13.750000000000002,93.26292999047413,174.6256390822012,91.50127442542265,241.43667216615353,322,324
cohface,transformer,cohface_27,4,24,1,0.8242881117931833,1.3442354516013566,0.08897947991401603,0.7854362783124584,0.08648424514880015,0.7759607580664406,0.08897947991401603,0.21456372168754156,16.223601457572368,25.07440134696413,1.3442354516013566,14.658988626470606,4.533761482644795,1.0,0.17744400242349184,2.8481181160681404e-05,0.09651552532904836,0.07767541179146752,65.25,67.25,9.000000000000002,100.24865351275461,201.29729319128984,132.2875655532295,249.57200205657358,241,328
cohface,transformer,cohface_28,3,18,1,0.7725549339694803,1.3210126667500546,0.12859938776430105,0.7911117963422137,0.14386066510530549,0.7798312222083242,0.12859938776430105,0.20888820365778626,21.015377531315085,27.948190103410404,1.3210126667500546,14.824028073988977,5.14669159064243,1.0,0.10464078641097539,5.257020829248823e-05,0.1274627671429545,0.1303043186963209,66.33333333333333,67.66666666666667,8.666666666666666,120.90985894074576,215.0115465662122,120.36590799403676,264.5129585921225,184,246
cohface,transformer,cohface_29,4,28,0,0.6723622929352177,1.2670741200826412,0.20049393170636143,0.8152836226988077,0.2549826817756077,0.7888209799862265,0.20049393170636143,0.18471637730119228,27.87920248706296,33.13504555020745,1.2670741200826412,7.176599644439378,7.459340197371804,1.0,0.011437661005470797,0.000530765258532644,0.19726158710840017,0.2053424486033033,54.857142857142854,65.57142857142857,12.000000000000002,203.841235018005,209.69464120808618,261.47689333066575,279.1488977998249,390,364
cohface,transformer,cohface_3,2,12,0,0.7136325475601181,1.2785195415802424,0.1915713973786547,0.7975252519963929,0.20921051852014938,0.7869134097366263,0.1915713973786547,0.2024747480036071,26.383585633059862,31.811220631768787,1.2785195415802424,14.16291428528406,8.145152893574929,1.0,0.005793819331093652,0.0010532223770636819,0.1826938908987234,0.20488765709855158,70.0,62.5,9.500000000000009,63.48510078477898,224.02945897004727,84.46076420241047,283.37504907757193,128,153
cohface,transformer,cohface_30,3,18,2,0.7172876248876952,1.238307463940545,0.23068832652273,0.7393725585035341,0.2051567321388984,0.7936154226765758,0.23068832652273,0.2606274414964659,29.218604193434267,34.160209043309685,1.238307463940545,11.927313117442942,4.1967504706410885,1.0,0.23205379405424986,2.033290877745395e-05,0.23329731237456813,0.22677484774497284,59.333333333333336,72.33333333333333,15.000000000000007,219.45406718071555,203.04046787582084,248.08928927816584,293.0569107548505,194,239
cohface,transformer,cohface_31,3,18,3,0.712492333398053,1.3635658526226684,0.07790886044793165,0.745015822841474,0.21047511136665775,0.7727390245628886,0.07790886044793165,0.25498417715852595,21.05452729844463,29.205983188865975,1.3635658526226684,12.717305498104272,3.6547037097107253,1.0,0.34193035128825855,1.1824840462748062e-05,0.07034408278070774,0.08925602694876751,50.333333333333336,71.66666666666667,21.33333333333334,244.47388241428825,193.470810640341,310.8567908932414,262.66497862345614,234,229
cohface,transformer,cohface_32,2,12,3,0.6879315535521512,1.0988139889366566,0.39743661053288826,0.7999147878816673,0.23771506990351887,0.8168643351772239,0.39743661053288826,0.20008521211833274,34.29812358441582,39.39354135900335,1.0988139889366566,13.321291226711448,6.879619099508027,1.0,0.020240549303535436,0.0002973269236171967,0.39630390885855654,0.39913566304438586,61.0,66.5,6.5000000000000036,71.3004540016008,204.79288937599915,71.75315220591473,257.0643684998736,113,146
cohface,transformer,cohface_33,2,12,3,0.6367290569395428,1.411015077515586,0.00350034516637791,0.8435667698281994,0.29450292002318645,0.764830820414069,0.00350034516637791,0.15643323017180055,8.308813709515132,27.365378967404325,1.411015077515586,12.25943369818108,7.463836725784656,1.0,0.011386931004918636,0.0005331559580637152,0.004518225511842275,0.0019735246481813627,77.5,78.0,15.5,79.48032834430377,197.7643819957565,89.03008811153275,253.45584401403104,141,160
cohface,transformer,cohface_34,4,24,0,0.7273691038549632,1.3920156888966748,0.028796514229308436,0.8093136676283473,0.19397552898567505,0.7679973851838875,0.028796514229308436,0.19068633237165267,14.363554314406771,25.856835647560306,1.3920156888966748,14.263801564758047,4.590721231956085,1.0,0.16928244884669252,3.015050398523985e-05,0.031146160932758148,0.02527204417413386,61.5,69.75,10.25,201.4614101021733,186.76853823524783,245.45875417267152,242.7677289360469,254,306
cohface,transformer,cohface_35,4,24,4,0.6590871740824036,1.3732418644611084,0.06106283475918439,0.8027089014157196,0.26970589860306105,0.7711263559231486,0.06106283475918439,0.1972910985842804,20.019205128587124,29.291411091015945,1.3732418644611084,12.648626891213627,4.686573097258929,1.0,0.1562270429778493,3.318342390426665e-05,0.05710339084568925,0.0670020006294271,85.25,67.0,18.750000000000004,70.19682395362624,195.95796472792182,74.27616813313924,261.68148329040866,319,331
cohface,transformer,cohface_36,4,24,0,0.7332132886467334,1.4421387752248993,0.017110257824629962,0.7097404182368819,0.18749383938101305,0.7596435374625168,0.017110257824629962,0.29025958176311806,13.199344055021816,27.13618530068199,1.399088251809735,14.370250857817874,2.911594025786128,1.0307704130597037,0.5220871100622186,5.6243138555844075e-06,0.021276031823989842,0.010861596825590139,89.75,68.75,21.5,114.99474664308876,193.6409978780063,102.41475504673164,251.14217203088484,336,321
cohface,transformer,cohface_37,2,12,2,0.5972147994396563,0.9840499210513093,0.5125308697937333,0.7694433351484745,0.33832753563657725,0.8359916798247817,0.5125308697937333,0.23055666485152548,42.53173892075701,46.856719056435466,0.9840499210513093,10.12013668227046,8.186627041147386,1.0,0.005559749069366539,0.001097773396900668,0.515822876439456,0.5075928598251493,62.5,66.5,8.000000000000002,175.17525732160487,209.3788085232433,193.54331916509696,259.0394743574081,134,150
cohface,transformer,cohface_38,3,16,1,0.8462664812760952,1.3083827698861221,0.14118744298046185,0.7901169415627077,0.062108395636748526,0.7819362050189796,0.14118744298046185,0.20988305843729227,16.82339555963083,25.935260427641754,1.3083827698861221,14.833168517078061,3.4295446472808666,1.0,0.39423507083341913,9.440847600856153e-06,0.14406726373255935,0.1368677118523156,62.625,71.625,14.25,243.34171038706262,187.47621835132443,224.82734993346892,253.45740116557565,185,230
cohface,transformer,cohface_39,4,24,0,0.7686759622645409,1.3899115321155548,0.03726942504238133,0.8209638112144748,0.1481627690723274,0.7683480779807409,0.03726942504238133,0.17903618878552519,14.136024864880664,24.510651158766585,1.3899115321155548,13.16395294670354,6.0719547222437935,1.0,0.04427903314305244,0.00013259941579862834,0.03407296644609525,0.042064112936810456,63.0,65.5,10.000000000000005,201.20302052886046,203.63751053647303,210.9884571066817,253.90530795043537,272,320
cohface,transformer,cohface_4,3,18,1,0.8389527858929704,1.3484277062089267,0.10171097872435754,0.828666471215295,0.0702198953626334,0.7752620489651789,0.10171097872435754,0.17133352878470498,15.163748762032967,24.089837777607407,1.3484277062089267,14.345238331352448,6.13577395222335,1.0,0.04165549807305597,0.0001413364423040725,0.0908713605640661,0.11797040596479469,56.0,65.33333333333333,10.000000000000002,241.0869523040225,204.34280684194357,287.75744616966387,269.4344757243601,248,255
cohface,transformer,cohface_40,4,24,1,0.8641321790474775,1.2138102810767044,0.26734088846668114,0.8320557979190473,0.04229384294021632,0.797698286487216,0.26734088846668114,0.16794420208095273,17.434259079094286,28.6018917135703,1.2138102810767044,10.621935501159056,7.799090644462554,1.0,0.008169936537988361,0.0007453512421684602,0.26333230077624603,0.27335377000233374,61.5,74.5,15.0,105.9449640229461,207.0027737555907,116.29441192036032,246.89900667450112,229,342
cohface,transformer,cohface_5,4,24,2,0.6353828210953695,1.3565721433969706,0.0765245313883482,0.761737976648337,0.2959960081419758,0.7739046427671715,0.0765245313883482,0.23826202335166302,22.891508643914655,31.41894950828641,1.3565721433969706,9.682477599873463,9.268535147395717,1.0,0.001891418208196042,0.003231845535072691,0.07985600987967424,0.0715273136513591,74.0,65.0,12.500000000000005,85.05686403702961,205.3490534379245,82.69186576702462,290.08530561902387,277,315
cohface,transformer,cohface_6,2,12,4,0.7398112527630479,1.398849683488361,0.01928876305463395,0.8753500366544557,0.18017614547700234,0.7668583860852731,0.01928876305463395,0.12464996334554435,11.438839496805013,23.814114244565438,1.398849683488361,10.768385345771815,8.675272021915363,1.0,0.0034180130042084913,0.0017882499322811466,0.021609781502256193,0.015807235383200585,62.5,67.0,10.500000000000002,92.06711643306208,199.86408425205624,96.41637052313449,248.12631191928568,115,162
cohface,transformer,cohface_7,3,18,0,0.7434069575699072,1.393625032399777,0.03480603731500327,0.7755357592875307,0.17618820818575298,0.7677291612667039,0.03480603731500327,0.2244642407124693,15.260208458233738,26.173695404606157,1.393625032399777,13.95734032361738,4.527927311237892,1.0,0.17829714731410432,2.831550553287702e-05,0.02890463453436031,0.04365814148596771,61.0,63.666666666666664,9.333333333333336,215.344690228069,195.30041898273532,239.1143568999478,273.08509973653486,203,230
cohface,transformer,cohface_8,2,12,4,0.554004429295266,1.2241874949757767,0.2492420026630127,0.7387310312512572,0.3862514492289224,0.7959687508373705,0.2492420026630127,0.26126896874874284,36.19463288607109,40.209557948480324,1.2241874949757767,14.135228924089162,6.025094346253338,1.0,0.046304983261131756,0.0001265298648845026,0.25068248857246633,0.24708127379883224,73.5,65.5,13.000000000000005,110.8191755277791,186.34009763756603,140.7885953173358,233.76837041548498,138,161
cohface,transformer,cohface_9,2,12,2,0.6636111792554361,1.2504062486543082,0.21904712304333981,0.8084643197288834,0.2646883985844485,0.7915989585576153,0.21904712304333981,0.19153568027111656,29.18318703303533,34.174758425408285,1.2504062486543082,13.10473861935979,7.540516032313359,1.0,0.010555297294105375,0.0005756217740684915,0.2182421066631303,0.2202546476136541,72.50000000000001,64.5,10.00000000000001,59.74193627340819,209.55645700377065,63.916866738432525,306.7709106294004,135,155
